event_type,original_event_date,trading_event_date,relative_day,log_return,simple_return,pre_event_regime,event_day_regime
CPI,2010-01-15,2010-01-15,-5,0.0033221617900619205,0.003327686285603537,Calm,Calm
CPI,2010-01-15,2010-01-15,-4,0.0013955145076402062,0.0013964886911204122,Calm,Calm
CPI,2010-01-15,2010-01-15,-3,-0.00936997251416827,-0.009326211109421445,Calm,Calm
CPI,2010-01-15,2010-01-15,-2,0.008410726606304281,0.00844619613910469,Calm,Calm
CPI,2010-01-15,2010-01-15,-1,0.0027007496155436006,0.0027043999252376327,Calm,Calm
CPI,2010-01-15,2010-01-15,0,-0.011287506465769625,-0.011224041575886967,Calm,Calm
CPI,2010-01-15,2010-01-15,1,0.012418231891727863,0.012495658301144186,Calm,Calm
CPI,2010-01-15,2010-01-15,2,-0.010220615060716677,-0.010168562063428532,Calm,Calm
CPI,2010-01-15,2010-01-15,3,-0.019416333865239114,-0.019229050929552738,Calm,Calm
CPI,2010-01-15,2010-01-15,4,-0.022544468188065603,-0.02229224066586255,Calm,Calm
CPI,2010-01-15,2010-01-15,5,0.005114823422603046,0.005127926462311416,Calm,Calm
FOMC,2010-01-27,2010-01-27,-5,-0.010220615060716677,-0.010168562063428532,Choppy,Choppy
FOMC,2010-01-27,2010-01-27,-4,-0.019416333865239114,-0.019229050929552738,Choppy,Choppy
FOMC,2010-01-27,2010-01-27,-3,-0.022544468188065603,-0.02229224066586255,Choppy,Choppy
FOMC,2010-01-27,2010-01-27,-2,0.005114823422603046,0.005127926462311416,Choppy,Choppy
FOMC,2010-01-27,2010-01-27,-1,-0.004199214780138014,-0.004190410405883971,Choppy,Choppy
FOMC,2010-01-27,2010-01-27,0,0.004745915217106117,0.004757194909825735,Choppy,Choppy
FOMC,2010-01-27,2010-01-27,1,-0.01153878170187634,-0.011472465275627619,Choppy,Choppy
FOMC,2010-01-27,2010-01-27,2,-0.010927752587684116,-0.010868261597509865,Choppy,Choppy
FOMC,2010-01-27,2010-01-27,3,0.015431005365286419,0.015550678093044557,Choppy,Choppy
FOMC,2010-01-27,2010-01-27,4,0.012030654214419382,0.012103313622545908,Choppy,Choppy
FOMC,2010-01-27,2010-01-27,5,-0.0049951252901454,-0.004982670398357758,Choppy,Choppy
CPI,2010-02-19,2010-02-19,-5,0.01041192540435764,0.010466318113371731,Choppy,Calm
CPI,2010-02-19,2010-02-19,-4,-0.0008325437227871158,-0.0008321972544186318,Choppy,Calm
CPI,2010-02-19,2010-02-19,-3,0.015612370404090614,0.01573488018458935,Choppy,Calm
CPI,2010-02-19,2010-02-19,-2,0.0047275481957568,0.004738740682451059,Choppy,Calm
CPI,2010-02-19,2010-02-19,-1,0.005877810524936694,0.005895118748088679,Choppy,Calm
CPI,2010-02-19,2010-02-19,0,0.0020717510053866353,0.0020738985643138363,Choppy,Calm
CPI,2010-02-19,2010-02-19,1,0.0001796225472774975,0.0001796386803731842,Choppy,Calm
CPI,2010-02-19,2010-02-19,2,-0.012218785392843864,-0.012144439149612274,Choppy,Calm
CPI,2010-02-19,2010-02-19,3,0.009155376828480912,0.009197415486226879,Choppy,Calm
CPI,2010-02-19,2010-02-19,4,-0.0013542137926251664,-0.0013532972589013204,Choppy,Calm
CPI,2010-02-19,2010-02-19,5,0.0006321271380081605,0.0006323269724721747,Choppy,Calm
FOMC,2010-03-16,2010-03-16,-5,0.0016616541660626426,0.0016630354783282453,Calm,Calm
FOMC,2010-03-16,2010-03-16,-4,0.0044458595371245115,0.004455757032825858,Calm,Calm
FOMC,2010-03-16,2010-03-16,-3,0.004166021627622607,0.004174711559013611,Calm,Calm
FOMC,2010-03-16,2010-03-16,-2,8.655079287254788e-05,8.655453850048289e-05,Calm,Calm
FOMC,2010-03-16,2010-03-16,-1,0.00025978402221830016,0.0002598177690096293,Calm,Calm
FOMC,2010-03-16,2010-03-16,0,0.007934437952973088,0.00796599902368511,Calm,Calm
FOMC,2010-03-16,2010-03-16,1,0.0059103295362024615,0.005927829994653244,Calm,Calm
FOMC,2010-03-16,2010-03-16,2,-0.0005127504207180369,-0.0005126189866863085,Calm,Calm
FOMC,2010-03-16,2010-03-16,3,-0.005074764859004343,-0.005061909994148905,Calm,Calm
FOMC,2010-03-16,2010-03-16,4,0.005332000371380024,0.005346240784072087,Calm,Calm
FOMC,2010-03-16,2010-03-16,5,0.007008601453384654,0.007033219178887551,Calm,Calm
CPI,2010-03-18,2010-03-18,-5,0.004166021627622607,0.004174711559013611,Calm,Calm
CPI,2010-03-18,2010-03-18,-4,8.655079287254788e-05,8.655453850048289e-05,Calm,Calm
CPI,2010-03-18,2010-03-18,-3,0.00025978402221830016,0.0002598177690096293,Calm,Calm
CPI,2010-03-18,2010-03-18,-2,0.007934437952973088,0.00796599902368511,Calm,Calm
CPI,2010-03-18,2010-03-18,-1,0.0059103295362024615,0.005927829994653244,Calm,Calm
CPI,2010-03-18,2010-03-18,0,-0.0005127504207180369,-0.0005126189866863085,Calm,Calm
CPI,2010-03-18,2010-03-18,1,-0.005074764859004343,-0.005061909994148905,Calm,Calm
CPI,2010-03-18,2010-03-18,2,0.005332000371380024,0.005346240784072087,Calm,Calm
CPI,2010-03-18,2010-03-18,3,0.007008601453384654,0.007033219178887551,Calm,Calm
CPI,2010-03-18,2010-03-18,4,-0.004866701421232805,-0.00485487821764774,Calm,Calm
CPI,2010-03-18,2010-03-18,5,-0.0016274533248590625,-0.0016261297408178832,Calm,Calm
CPI,2010-04-14,2010-04-14,-5,-0.005728643053625562,-0.005712265666333427,Calm,Calm
CPI,2010-04-14,2010-04-14,-4,0.0034578634477797415,0.0034638487543940943,Calm,Calm
CPI,2010-04-14,2010-04-14,-3,0.00654595521455353,0.006567426804509724,Calm,Calm
CPI,2010-04-14,2010-04-14,-2,0.0015877518242621673,0.0015890129695634858,Calm,Calm
CPI,2010-04-14,2010-04-14,-1,0.0007513656315108054,0.0007516479773774787,Calm,Calm
CPI,2010-04-14,2010-04-14,0,0.01128571527386491,0.011349639207927531,Calm,Calm
CPI,2010-04-14,2010-04-14,1,0.0008248500778419859,0.0008251903602216615,Calm,Calm
CPI,2010-04-14,2010-04-14,2,-0.016040384983977866,-0.015912423108248586,Calm,Calm
CPI,2010-04-14,2010-04-14,3,0.0037631996346382452,0.003770289360945478,Calm,Calm
CPI,2010-04-14,2010-04-14,4,0.008891202872870799,0.008930847024759103,Calm,Calm
CPI,2010-04-14,2010-04-14,5,-0.0018217662914937597,-0.001820107882514077,Calm,Calm
FOMC,2010-04-28,2010-04-28,-5,-0.0018217662914937597,-0.001820107882514077,Calm,Calm
FOMC,2010-04-28,2010-04-28,-4,0.002979140545755931,0.0029835825950192962,Calm,Calm
FOMC,2010-04-28,2010-04-28,-3,0.0065067618103647655,0.006527976773603283,Calm,Calm
FOMC,2010-04-28,2010-04-28,-2,-0.003783720553274136,-0.003776571302426368,Calm,Calm
FOMC,2010-04-28,2010-04-28,-1,-0.02393468048024197,-0.02365051764560766,Calm,Calm
FOMC,2010-04-28,2010-04-28,0,0.0075671956752399105,0.007595899256626293,Calm,Calm
FOMC,2010-04-28,2010-04-28,1,0.012321140589261774,0.012397358551041071,Calm,Calm
FOMC,2010-04-28,2010-04-28,2,-0.01710725541281282,-0.016961757192135773,Calm,Calm
FOMC,2010-04-28,2010-04-28,3,0.01287893674843436,0.012962227435398432,Calm,Calm
FOMC,2010-04-28,2010-04-28,4,-0.023795893918029234,-0.023515004053918265,Calm,Calm
FOMC,2010-04-28,2010-04-28,5,-0.005974011955476548,-0.0059562030272857225,Calm,Calm
CPI,2010-05-19,2010-05-19,-5,0.01388938121738984,0.013986286805804493,Choppy,Choppy
CPI,2010-05-19,2010-05-19,-4,-0.012508827925325273,-0.012430917730712254,Choppy,Choppy
CPI,2010-05-19,2010-05-19,-3,-0.018271085090759583,-0.018105180769461438,Choppy,Choppy
CPI,2010-05-19,2010-05-19,-2,0.0005264613345454931,0.0005265999396362187,Choppy,Choppy
CPI,2010-05-19,2010-05-19,-1,-0.013695765229912884,-0.013602404936847057,Choppy,Choppy
CPI,2010-05-19,2010-05-19,0,-0.005709846125097481,-0.00569357593520059,Choppy,Choppy
CPI,2010-05-19,2010-05-19,1,-0.03849107066524249,-0.037759703132815625,Choppy,Choppy
CPI,2010-05-19,2010-05-19,2,0.014493944114027543,0.014599490633971035,Choppy,Choppy
CPI,2010-05-19,2010-05-19,3,-0.012913988245849191,-0.012830960490425203,Choppy,Choppy
CPI,2010-05-19,2010-05-19,4,0.0010206190703082828,0.0010211400791870773,Choppy,Choppy
CPI,2010-05-19,2010-05-19,5,-0.006046913461530589,-0.006028667675745614,Choppy,Choppy
CPI,2010-06-17,2010-06-17,-5,0.02881218560402923,0.02923127187167429,Choppy,Choppy
CPI,2010-06-17,2010-06-17,-4,0.004844055964639236,0.004855807370894638,Choppy,Choppy
CPI,2010-06-17,2010-06-17,-3,-0.0015514633137579145,-0.0015502604167149103,Choppy,Choppy
CPI,2010-06-17,2010-06-17,-2,0.022483336323070216,0.022737991446975858,Choppy,Choppy
CPI,2010-06-17,2010-06-17,-1,-0.000357387109583658,-0.00035732325441784063,Choppy,Choppy
CPI,2010-06-17,2010-06-17,0,0.0016064673949250402,0.0016077584549265556,Choppy,Choppy
CPI,2010-06-17,2010-06-17,1,0.001083989362187217,0.001084577091000627,Choppy,Choppy
CPI,2010-06-17,2010-06-17,2,-0.00286860856142488,-0.0028644980353217386,Choppy,Choppy
CPI,2010-06-17,2010-06-17,3,-0.016653520536231356,-0.01651561724938866,Choppy,Choppy
CPI,2010-06-17,2010-06-17,4,-0.0031079675652960275,-0.003103142833766559,Choppy,Choppy
CPI,2010-06-17,2010-06-17,5,-0.016708973658455077,-0.016570153016967182,Choppy,Choppy
FOMC,2010-06-23,2010-06-23,-5,-0.000357387109583658,-0.00035732325441784063,Choppy,Choppy
FOMC,2010-06-23,2010-06-23,-4,0.0016064673949250402,0.0016077584549265556,Choppy,Choppy
FOMC,2010-06-23,2010-06-23,-3,0.001083989362187217,0.001084577091000627,Choppy,Choppy
FOMC,2010-06-23,2010-06-23,-2,-0.00286860856142488,-0.0028644980353217386,Choppy,Choppy
FOMC,2010-06-23,2010-06-23,-1,-0.016653520536231356,-0.01651561724938866,Choppy,Choppy
FOMC,2010-06-23,2010-06-23,0,-0.0031079675652960275,-0.003103142833766559,Choppy,Choppy
FOMC,2010-06-23,2010-06-23,1,-0.016708973658455077,-0.016570153016967182,Choppy,Choppy
FOMC,2010-06-23,2010-06-23,2,0.004180160783242862,0.004188909841905897,Choppy,Choppy
FOMC,2010-06-23,2010-06-23,3,-0.003156743549869607,-0.003151766273655432,Choppy,Choppy
FOMC,2010-06-23,2010-06-23,4,-0.031361752478821975,-0.03087507368819964,Choppy,Choppy
FOMC,2010-06-23,2010-06-23,5,-0.0095454280692584,-0.009500015081082447,Choppy,Choppy
CPI,2010-07-16,2010-07-16,-5,0.0074376472368898735,0.0074653752361637515,Choppy,Choppy
CPI,2010-07-16,2010-07-16,-4,0.0006478914999518511,0.0006481014269839047,Choppy,Choppy
CPI,2010-07-16,2010-07-16,-3,0.014975767444628618,0.01508846613021575,Choppy,Choppy
CPI,2010-07-16,2010-07-16,-2,-9.087826475591548e-05,-9.087413545150191e-05,Choppy,Choppy
CPI,2010-07-16,2010-07-16,-1,0.0002734393503079915,0.00027347673825484087,Choppy,Choppy
CPI,2010-07-16,2010-07-16,0,-0.027920527444211876,-0.027534351939195845,Choppy,Choppy
CPI,2010-07-16,2010-07-16,1,0.0058888105575850055,0.005906183688092925,Choppy,Choppy
CPI,2010-07-16,2010-07-16,2,0.011030182288621897,0.011091239031786548,Choppy,Choppy
CPI,2010-07-16,2010-07-16,3,-0.013082839959146147,-0.01299763160231271,Choppy,Choppy
CPI,2010-07-16,2010-07-16,4,0.022076490857067917,0.022321979764219124,Choppy,Choppy
CPI,2010-07-16,2010-07-16,5,0.008641745171782666,0.008679192844945005,Choppy,Choppy
FOMC,2010-08-10,2010-08-10,-5,-0.004800559866109384,-0.004789055594938252,Calm,Calm
FOMC,2010-08-10,2010-08-10,-4,0.006661620946296982,0.006683858895951911,Calm,Calm
FOMC,2010-08-10,2010-08-10,-3,-0.0010630393289046266,-0.001062474502759092,Calm,Calm
FOMC,2010-08-10,2010-08-10,-2,-0.004084525828272357,-0.004076195498326829,Calm,Calm
FOMC,2010-08-10,2010-08-10,-1,0.005324330403729296,0.0053385298404988735,Calm,Calm
FOMC,2010-08-10,2010-08-10,0,-0.005413270888349831,-0.005398645539719693,Calm,Calm
FOMC,2010-08-10,2010-08-10,1,-0.02778979253564503,-0.027407208420745177,Calm,Calm
FOMC,2010-08-10,2010-08-10,2,-0.006148474476163625,-0.006129611286718073,Calm,Calm
FOMC,2010-08-10,2010-08-10,3,-0.002950498905859385,-0.0029461504617072087,Calm,Calm
FOMC,2010-08-10,2010-08-10,4,-0.0004611668611126085,-0.00046106054002026386,Calm,Calm
FOMC,2010-08-10,2010-08-10,5,0.012210087771737117,0.012284935214499138,Calm,Calm
CPI,2010-08-13,2010-08-13,-5,-0.004084525828272357,-0.004076195498326829,Choppy,Calm
CPI,2010-08-13,2010-08-13,-4,0.005324330403729296,0.0053385298404988735,Choppy,Calm
CPI,2010-08-13,2010-08-13,-3,-0.005413270888349831,-0.005398645539719693,Choppy,Calm
CPI,2010-08-13,2010-08-13,-2,-0.02778979253564503,-0.027407208420745177,Choppy,Calm
CPI,2010-08-13,2010-08-13,-1,-0.006148474476163625,-0.006129611286718073,Choppy,Calm
CPI,2010-08-13,2010-08-13,0,-0.002950498905859385,-0.0029461504617072087,Choppy,Calm
CPI,2010-08-13,2010-08-13,1,-0.0004611668611126085,-0.00046106054002026386,Choppy,Calm
CPI,2010-08-13,2010-08-13,2,0.012210087771737117,0.012284935214499138,Choppy,Calm
CPI,2010-08-13,2010-08-13,3,0.0018234354309476738,0.0018250989002557283,Choppy,Calm
CPI,2010-08-13,2010-08-13,4,-0.01755026800772881,-0.017397159063606282,Choppy,Calm
CPI,2010-08-13,2010-08-13,5,-0.0032494024408445564,-0.0032441288462899953,Choppy,Calm
CPI,2010-09-17,2010-09-17,-5,0.005036208858900974,0.005048911874797168,Calm,Calm
CPI,2010-09-17,2010-09-17,-4,0.011061551153299666,0.011122956313505572,Calm,Calm
CPI,2010-09-17,2010-09-17,-3,-0.0006214642314796666,-0.0006212711625813716,Calm,Calm
CPI,2010-09-17,2010-09-17,-2,0.00381015166797224,0.003817419523451049,Calm,Calm
CPI,2010-09-17,2010-09-17,-1,-0.0002653955466222582,-0.00026536033233948153,Calm,Calm
CPI,2010-09-17,2010-09-17,0,0.0003733571424280994,0.0003734268488808645,Calm,Calm
CPI,2010-09-17,2010-09-17,1,0.015174677427130617,0.015290397441662718,Calm,Calm
CPI,2010-09-17,2010-09-17,2,-0.0020157856232236575,-0.0020137552918509938,Calm,Calm
CPI,2010-09-17,2010-09-17,3,-0.00492515054211111,-0.004913041875338364,Calm,Calm
CPI,2010-09-17,2010-09-17,4,-0.008144735334621513,-0.008111656843890258,Calm,Calm
CPI,2010-09-17,2010-09-17,5,0.020412601251088812,0.020622363227390084,Calm,Calm
FOMC,2010-09-21,2010-09-21,-5,-0.0006214642314796666,-0.0006212711625813716,Calm,Calm
FOMC,2010-09-21,2010-09-21,-4,0.00381015166797224,0.003817419523451049,Calm,Calm
FOMC,2010-09-21,2010-09-21,-3,-0.0002653955466222582,-0.00026536033233948153,Calm,Calm
FOMC,2010-09-21,2010-09-21,-2,0.0003733571424280994,0.0003734268488808645,Calm,Calm
FOMC,2010-09-21,2010-09-21,-1,0.015174677427130617,0.015290397441662718,Calm,Calm
FOMC,2010-09-21,2010-09-21,0,-0.0020157856232236575,-0.0020137552918509938,Calm,Calm
FOMC,2010-09-21,2010-09-21,1,-0.00492515054211111,-0.004913041875338364,Calm,Calm
FOMC,2010-09-21,2010-09-21,2,-0.008144735334621513,-0.008111656843890258,Calm,Calm
FOMC,2010-09-21,2010-09-21,3,0.020412601251088812,0.020622363227390084,Calm,Calm
FOMC,2010-09-21,2010-09-21,4,-0.00480166754465043,-0.004790157968134645,Calm,Calm
FOMC,2010-09-21,2010-09-21,5,0.0034941596674384146,0.0035002713596654633,Calm,Calm
CPI,2010-10-15,2010-10-15,-5,0.005593376940400319,0.005609049079634776,Calm,Calm
CPI,2010-10-15,2010-10-15,-4,0.0009432572040739052,0.0009437022110581061,Calm,Calm
CPI,2010-10-15,2010-10-15,-3,0.0030815360736845482,0.0030862888867055904,Calm,Calm
CPI,2010-10-15,2010-10-15,-2,0.00774669748743878,0.007776780780301973,Calm,Calm
CPI,2010-10-15,2010-10-15,-1,-0.003908511065243705,-0.0039008827775219856,Calm,Calm
CPI,2010-10-15,2010-10-15,0,0.002041366669655772,0.002043451677109287,Calm,Calm
CPI,2010-10-15,2010-10-15,1,0.004915373430196187,0.0049274736958264675,Calm,Calm
CPI,2010-10-15,2010-10-15,2,-0.013190788719855686,-0.01310417153426835,Calm,Calm
CPI,2010-10-15,2010-10-15,3,0.009718766695893026,0.009766147278151394,Calm,Calm
CPI,2010-10-15,2010-10-15,4,0.0022031265180984232,0.0022055551845514554,Calm,Calm
CPI,2010-10-15,2010-10-15,5,0.0018610341500489768,0.001862766948868666,Calm,Calm
FOMC,2010-11-03,2010-11-03,-5,-0.0028679067949990904,-0.0028637982788589644,Calm,Calm
FOMC,2010-11-03,2010-11-03,-4,0.00016897821545882463,0.00016899249308166553,Calm,Calm
FOMC,2010-11-03,2010-11-03,-3,0.0007593700810269173,0.0007596584754816504,Calm,Calm
FOMC,2010-11-03,2010-11-03,-2,0.00033752955241512193,0.00033758652192394933,Calm,Calm
FOMC,2010-11-03,2010-11-03,-1,0.00789936609796572,0.007930648406224483,Calm,Calm
FOMC,2010-11-03,2010-11-03,0,0.004009673688725312,0.004017723185292699,Calm,Calm
FOMC,2010-11-03,2010-11-03,1,0.019075290328973555,0.01925838602777241,Calm,Calm
FOMC,2010-11-03,2010-11-03,2,0.0037553470072132196,0.003762407157790859,Calm,Calm
FOMC,2010-11-03,2010-11-03,3,-0.0018761979258085423,-0.0018744389667039174,Calm,Calm
FOMC,2010-11-03,2010-11-03,4,-0.007210055107268002,-0.0071841250164965675,Calm,Calm
FOMC,2010-11-03,2010-11-03,5,0.004021095661520948,0.004029191113906316,Calm,Calm
CPI,2010-11-17,2010-11-17,-5,0.004021095661520948,0.004029191113906316,Calm,Calm
CPI,2010-11-17,2010-11-17,-4,-0.0037743700745409663,-0.0037672560928920795,Calm,Calm
CPI,2010-11-17,2010-11-17,-3,-0.01190877296945898,-0.011838144178068721,Calm,Calm
CPI,2010-11-17,2010-11-17,-2,-0.0014153530607325427,-0.0014143519209670607,Calm,Calm
CPI,2010-11-17,2010-11-17,-1,-0.015702038376678846,-0.015579404080570014,Calm,Calm
CPI,2010-11-17,2010-11-17,0,0.0005075373486356314,0.0005076661675083027,Calm,Calm
CPI,2010-11-17,2010-11-17,1,0.014611323019870183,0.014718590201801884,Calm,Calm
CPI,2010-11-17,2010-11-17,2,0.002746700965702043,0.0027504766048587204,Calm,Calm
CPI,2010-11-17,2010-11-17,3,-0.0008315574941483813,-0.0008312118460307438,Calm,Calm
CPI,2010-11-17,2010-11-17,4,-0.014582992438076321,-0.014477175603702874,Calm,Calm
CPI,2010-11-17,2010-11-17,5,0.014666380035428197,0.014774459116983385,Calm,Calm
FOMC,2010-12-14,2010-12-14,-5,0.0005699622679152776,0.0005701247272724697,Calm,Calm
FOMC,2010-12-14,2010-12-14,-4,0.003656900840187452,0.003663595460097868,Calm,Calm
FOMC,2010-12-14,2010-12-14,-3,0.0038860753446766784,0.003893635925959371,Calm,Calm
FOMC,2010-12-14,2010-12-14,-2,0.005801266471504817,0.005818126405062962,Calm,Calm
FOMC,2010-12-14,2010-12-14,-1,0.0006419117904578198,0.0006421178599216315,Calm,Calm
FOMC,2010-12-14,2010-12-14,0,0.000882712415708657,0.0008831021209705359,Calm,Calm
FOMC,2010-12-14,2010-12-14,1,-0.004582402951552969,-0.004571919761993559,Calm,Calm
FOMC,2010-12-14,2010-12-14,2,0.0057852573893932245,0.005802024308978249,Calm,Calm
FOMC,2010-12-14,2010-12-14,3,0.0010708422726450426,0.0010714158289426567,Calm,Calm
FOMC,2010-12-14,2010-12-14,4,0.002409885823701385,0.002412791932537628,Calm,Calm
FOMC,2010-12-14,2010-12-14,5,0.0063205690153009695,0.006340585962248735,Calm,Calm
CPI,2010-12-15,2010-12-15,-5,0.003656900840187452,0.003663595460097868,Calm,Calm
CPI,2010-12-15,2010-12-15,-4,0.0038860753446766784,0.003893635925959371,Calm,Calm
CPI,2010-12-15,2010-12-15,-3,0.005801266471504817,0.005818126405062962,Calm,Calm
CPI,2010-12-15,2010-12-15,-2,0.0006419117904578198,0.0006421178599216315,Calm,Calm
CPI,2010-12-15,2010-12-15,-1,0.000882712415708657,0.0008831021209705359,Calm,Calm
CPI,2010-12-15,2010-12-15,0,-0.004582402951552969,-0.004571919761993559,Calm,Calm
CPI,2010-12-15,2010-12-15,1,0.0057852573893932245,0.005802024308978249,Calm,Calm
CPI,2010-12-15,2010-12-15,2,0.0010708422726450426,0.0010714158289426567,Calm,Calm
CPI,2010-12-15,2010-12-15,3,0.002409885823701385,0.002412791932537628,Calm,Calm
CPI,2010-12-15,2010-12-15,4,0.0063205690153009695,0.006340585962248735,Calm,Calm
CPI,2010-12-15,2010-12-15,5,0.0031056535173179796,0.0031104810554627438,Calm,Calm
CPI,2011-01-14,2011-01-14,-5,-0.0019645503359664676,-0.0019626218700180553,Calm,Calm
CPI,2011-01-14,2011-01-14,-4,-0.001259369039336944,-0.001258576366938935,Calm,Calm
CPI,2011-01-14,2011-01-14,-3,0.0035377200701710433,0.003543985187717258,Calm,Calm
CPI,2011-01-14,2011-01-14,-2,0.008983997424805571,0.009024474654641734,Calm,Calm
CPI,2011-01-14,2011-01-14,-1,-0.0016347707676460095,-0.0016334352577646039,Calm,Calm
CPI,2011-01-14,2011-01-14,0,0.007218966224785815,0.007245085775686277,Calm,Calm
CPI,2011-01-14,2011-01-14,1,0.0016996174736849665,0.0017010626420919106,Calm,Calm
CPI,2011-01-14,2011-01-14,2,-0.009853772622519647,-0.009805383274708479,Calm,Calm
CPI,2011-01-14,2011-01-14,3,-0.0013263043291166844,-0.0013254251762476743,Calm,Calm
CPI,2011-01-14,2011-01-14,4,0.002261493253165629,0.0022640523578016936,Calm,Calm
CPI,2011-01-14,2011-01-14,5,0.0056706163311828536,0.005686724709721647,Calm,Calm
FOMC,2011-01-26,2011-01-26,-5,-0.009853772622519647,-0.009805383274708479,Calm,Calm
FOMC,2011-01-26,2011-01-26,-4,-0.0013263043291166844,-0.0013254251762476743,Calm,Calm
FOMC,2011-01-26,2011-01-26,-3,0.002261493253165629,0.0022640523578016936,Calm,Calm
FOMC,2011-01-26,2011-01-26,-2,0.0056706163311828536,0.005686724709721647,Calm,Calm
FOMC,2011-01-26,2011-01-26,-1,0.0005420093998122709,0.0005421563134486718,Calm,Calm
FOMC,2011-01-26,2011-01-26,0,0.0038633724258174897,0.0038708448689124264,Calm,Calm
FOMC,2011-01-26,2011-01-26,1,0.002464923705352169,0.0024679641274116815,Calm,Calm
FOMC,2011-01-26,2011-01-26,2,-0.017617054873288386,-0.017462781836048324,Calm,Calm
FOMC,2011-01-26,2011-01-26,3,0.007488042868629425,0.007516148369565823,Calm,Calm
FOMC,2011-01-26,2011-01-26,4,0.01588230039319169,0.016009094497395404,Calm,Calm
FOMC,2011-01-26,2011-01-26,5,-0.0019141639732865546,-0.001912333129792776,Calm,Calm
CPI,2011-02-17,2011-02-17,-5,0.00037772927706983934,0.00037780062575643036,Calm,Calm
CPI,2011-02-17,2011-02-17,-4,0.005952824628620769,0.005970577899036655,Calm,Calm
CPI,2011-02-17,2011-02-17,-3,0.002400997930659565,0.0024038826344516817,Calm,Calm
CPI,2011-02-17,2011-02-17,-2,-0.003152639226710475,-0.00314767487796741,Calm,Calm
CPI,2011-02-17,2011-02-17,-1,0.00629589353831951,0.006315754334651702,Calm,Calm
CPI,2011-02-17,2011-02-17,0,0.0029836162088530222,0.0029880716216725833,Calm,Calm
CPI,2011-02-17,2011-02-17,1,0.002083262154380395,0.002085433652653901,Calm,Calm
CPI,2011-02-17,2011-02-17,2,-0.02027394743456667,-0.020069812827939737,Calm,Calm
CPI,2011-02-17,2011-02-17,3,-0.006162982605212279,-0.006144030381977861,Calm,Calm
CPI,2011-02-17,2011-02-17,4,-0.0006877882885036942,-0.0006875518163561578,Calm,Calm
CPI,2011-02-17,2011-02-17,5,0.010636488316234345,0.010693256852178923,Calm,Calm
FOMC,2011-03-15,2011-03-15,-5,0.008711988499244178,0.008750048316324532,Calm,Choppy
FOMC,2011-03-15,2011-03-15,-4,-0.001434324217883991,-0.0014332960665291994,Calm,Choppy
FOMC,2011-03-15,2011-03-15,-3,-0.01867932886644589,-0.018505951406165844,Calm,Choppy
FOMC,2011-03-15,2011-03-15,-2,0.006902095125622283,0.006925969480265248,Calm,Choppy
FOMC,2011-03-15,2011-03-15,-1,-0.006055880041115822,-0.006037580158845035,Calm,Choppy
FOMC,2011-03-15,2011-03-15,0,-0.011523118090784464,-0.011456981243502473,Calm,Choppy
FOMC,2011-03-15,2011-03-15,1,-0.01868642226561655,-0.018512913510543627,Calm,Choppy
FOMC,2011-03-15,2011-03-15,2,0.013148293744323783,0.013235112648050551,Calm,Choppy
FOMC,2011-03-15,2011-03-15,3,0.003630287245238695,0.003636884719139477,Calm,Choppy
FOMC,2011-03-15,2011-03-15,4,0.015379145619915718,0.015498013259071852,Calm,Choppy
FOMC,2011-03-15,2011-03-15,5,-0.0034745078188592633,-0.003468478701327604,Calm,Choppy
CPI,2011-03-17,2011-03-17,-5,-0.01867932886644589,-0.018505951406165844,Choppy,Choppy
CPI,2011-03-17,2011-03-17,-4,0.006902095125622283,0.006925969480265248,Choppy,Choppy
CPI,2011-03-17,2011-03-17,-3,-0.006055880041115822,-0.006037580158845035,Choppy,Choppy
CPI,2011-03-17,2011-03-17,-2,-0.011523118090784464,-0.011456981243502473,Choppy,Choppy
CPI,2011-03-17,2011-03-17,-1,-0.01868642226561655,-0.018512913510543627,Choppy,Choppy
CPI,2011-03-17,2011-03-17,0,0.013148293744323783,0.013235112648050551,Choppy,Choppy
CPI,2011-03-17,2011-03-17,1,0.003630287245238695,0.003636884719139477,Choppy,Choppy
CPI,2011-03-17,2011-03-17,2,0.015379145619915718,0.015498013259071852,Choppy,Choppy
CPI,2011-03-17,2011-03-17,3,-0.0034745078188592633,-0.003468478701327604,Choppy,Choppy
CPI,2011-03-17,2011-03-17,4,0.002857736739366175,0.002861823961476162,Choppy,Choppy
CPI,2011-03-17,2011-03-17,5,0.009517845719389595,0.009563284458180554,Choppy,Choppy
CPI,2011-04-15,2011-04-15,-5,-0.003456740068415103,-0.0034507724206475077,Calm,Calm
CPI,2011-04-15,2011-04-15,-4,-0.003015199261426925,-0.0030106581134358157,Calm,Calm
CPI,2011-04-15,2011-04-15,-3,-0.00750174502763734,-0.007473677168236881,Calm,Calm
CPI,2011-04-15,2011-04-15,-2,-7.626960012183277e-05,-7.626669166982403e-05,Calm,Calm
CPI,2011-04-15,2011-04-15,-1,0.0007604665590862763,0.0007607557870914494,Calm,Calm
CPI,2011-04-15,2011-04-15,0,0.003641668033241828,0.0036483069627535336,Calm,Calm
CPI,2011-04-15,2011-04-15,1,-0.011271873452035237,-0.01120858390692403,Calm,Calm
CPI,2011-04-15,2011-04-15,2,0.0057281810767888484,0.00574461847649288,Calm,Calm
CPI,2011-04-15,2011-04-15,3,0.013539896054506038,0.013631975560066234,Calm,Calm
CPI,2011-04-15,2011-04-15,4,0.005095777994339609,0.005108783552785434,Calm,Calm
CPI,2011-04-15,2011-04-15,5,-0.001046942220743659,-0.001046394367943626,Calm,Calm
FOMC,2011-04-27,2011-04-27,-5,0.0057281810767888484,0.00574461847649288,Calm,Calm
FOMC,2011-04-27,2011-04-27,-4,0.013539896054506038,0.013631975560066234,Calm,Calm
FOMC,2011-04-27,2011-04-27,-3,0.005095777994339609,0.005108783552785434,Calm,Calm
FOMC,2011-04-27,2011-04-27,-2,-0.001046942220743659,-0.001046394367943626,Calm,Calm
FOMC,2011-04-27,2011-04-27,-1,0.008568565849905193,0.008605381086400854,Calm,Calm
FOMC,2011-04-27,2011-04-27,0,0.006507064597532336,0.00652828153740459,Calm,Calm
FOMC,2011-04-27,2011-04-27,1,0.0032382347465924896,0.003243483492757715,Calm,Calm
FOMC,2011-04-27,2011-04-27,2,0.002347993349505298,0.002350752044600002,Calm,Calm
FOMC,2011-04-27,2011-04-27,3,-0.0015403994074651346,-0.0015392136012477575,Calm,Calm
FOMC,2011-04-27,2011-04-27,4,-0.003603666613108186,-0.0035971811993409375,Calm,Calm
FOMC,2011-04-27,2011-04-27,5,-0.006652826018450858,-0.006630744965704483,Calm,Calm
CPI,2011-05-13,2011-05-13,-5,0.004406317305713323,0.004416039396106131,Calm,Calm
CPI,2011-05-13,2011-05-13,-4,0.003867538300188891,0.003875026877448118,Calm,Calm
CPI,2011-05-13,2011-05-13,-3,0.008499871896140387,0.008536098374664514,Calm,Calm
CPI,2011-05-13,2011-05-13,-2,-0.010580516576522704,-0.010524739800036098,Calm,Calm
CPI,2011-05-13,2011-05-13,-1,0.004749055850431299,0.00476035048871104,Calm,Calm
CPI,2011-05-13,2011-05-13,0,-0.007729211088392763,-0.0076994175459769165,Calm,Calm
CPI,2011-05-13,2011-05-13,1,-0.006361408035598684,-0.0063412171164131115,Calm,Calm
CPI,2011-05-13,2011-05-13,2,-0.00014990203126628195,-0.0001498907965181706,Calm,Calm
CPI,2011-05-13,2011-05-13,3,0.00889626291177951,0.0089359522670176,Calm,Calm
CPI,2011-05-13,2011-05-13,4,0.0023786869243210824,0.002381518244559455,Calm,Calm
CPI,2011-05-13,2011-05-13,5,-0.007976695456794284,-0.00794496604292938,Calm,Calm
CPI,2011-06-15,2011-06-15,-5,-0.004196001727718286,-0.004187210812332309,Choppy,Choppy
CPI,2011-06-15,2011-06-15,-4,0.007602286833255968,0.007631257583922135,Choppy,Choppy
CPI,2011-06-15,2011-06-15,-3,-0.01400794699249602,-0.013910292215784437,Choppy,Choppy
CPI,2011-06-15,2011-06-15,-2,0.0007833062114383499,0.0007836130758664961,Choppy,Choppy
CPI,2011-06-15,2011-06-15,-1,0.01260624860558711,0.01268604230474124,Choppy,Choppy
CPI,2011-06-15,2011-06-15,0,-0.01794552884530219,-0.01778546673905279,Choppy,Choppy
CPI,2011-06-15,2011-06-15,1,0.0022018979351269502,0.0022043238926288122,Choppy,Choppy
CPI,2011-06-15,2011-06-15,2,0.0029800214869039813,0.00298446616491721,Choppy,Choppy
CPI,2011-06-15,2011-06-15,3,0.005102602340896248,0.005115642786856389,Choppy,Choppy
CPI,2011-06-15,2011-06-15,4,0.013611282399700433,0.013704337624974583,Choppy,Choppy
CPI,2011-06-15,2011-06-15,5,-0.0060436754578786075,-0.006025449187730847,Choppy,Choppy
FOMC,2011-06-22,2011-06-22,-5,-0.01794552884530219,-0.01778546673905279,Calm,Choppy
FOMC,2011-06-22,2011-06-22,-4,0.0022018979351269502,0.0022043238926288122,Calm,Choppy
FOMC,2011-06-22,2011-06-22,-3,0.0029800214869039813,0.00298446616491721,Calm,Choppy
FOMC,2011-06-22,2011-06-22,-2,0.005102602340896248,0.005115642786856389,Calm,Choppy
FOMC,2011-06-22,2011-06-22,-1,0.013611282399700433,0.013704337624974583,Calm,Choppy
FOMC,2011-06-22,2011-06-22,0,-0.0060436754578786075,-0.006025449187730847,Calm,Choppy
FOMC,2011-06-22,2011-06-22,1,-0.0028797382980621064,-0.002875595829092359,Calm,Choppy
FOMC,2011-06-22,2011-06-22,2,-0.011681594258258786,-0.01161362933967569,Calm,Choppy
FOMC,2011-06-22,2011-06-22,3,0.00887175884276587,0.008911229533717924,Calm,Choppy
FOMC,2011-06-22,2011-06-22,4,0.012968283450958764,0.013052736313476254,Calm,Choppy
FOMC,2011-06-22,2011-06-22,5,0.008527531272895688,0.008563994240370132,Calm,Choppy
CPI,2011-07-15,2011-07-15,-5,-0.007117191711117488,-0.007091924481632317,Calm,Calm
CPI,2011-07-15,2011-07-15,-4,-0.018245706727852806,-0.018080261570199818,Calm,Calm
CPI,2011-07-15,2011-07-15,-3,-0.00432870687154918,-0.004319351523680126,Calm,Calm
CPI,2011-07-15,2011-07-15,-2,0.003342755360190339,0.0033483485974274974,Calm,Calm
CPI,2011-07-15,2011-07-15,-1,-0.006926063039475535,-0.006902133143390499,Calm,Calm
CPI,2011-07-15,2011-07-15,0,0.005787923500854852,0.005804705892858086,Calm,Calm
CPI,2011-07-15,2011-07-15,1,-0.008235025803555587,-0.008201210864525965,Calm,Calm
CPI,2011-07-15,2011-07-15,2,0.01610118438198581,0.01623150696102571,Calm,Calm
CPI,2011-07-15,2011-07-15,3,-0.0006030350857048762,-0.0006028532965911548,Calm,Calm
CPI,2011-07-15,2011-07-15,4,0.013776195907273362,0.013871524948279257,Calm,Calm
CPI,2011-07-15,2011-07-15,5,0.0006687055560928932,0.0006689291894987903,Calm,Calm
FOMC,2011-08-09,2011-08-09,-5,-0.02587943905504521,-0.02554743655090852,Choppy,Choppy
FOMC,2011-08-09,2011-08-09,-4,0.005404470690304474,0.00541910118684763,Choppy,Choppy
FOMC,2011-08-09,2011-08-09,-3,-0.047974380104574894,-0.046841793421733,Choppy,Choppy
FOMC,2011-08-09,2011-08-09,-2,-0.0014981088459799252,-0.0014969872410880436,Choppy,Choppy
FOMC,2011-08-09,2011-08-09,-1,-0.06734013848561829,-0.06512284045057137,Choppy,Choppy
FOMC,2011-08-09,2011-08-09,0,0.045450153065792975,0.04649883855504733,Choppy,Choppy
FOMC,2011-08-09,2011-08-09,1,-0.04518302860604838,-0.044177477041657864,Choppy,Choppy
FOMC,2011-08-09,2011-08-09,2,0.04390542808960431,0.04488353358374564,Choppy,Choppy
FOMC,2011-08-09,2011-08-09,3,0.006710592959154208,0.006733159437996461,Choppy,Choppy
FOMC,2011-08-09,2011-08-09,4,0.020944274721778282,0.02116514534014935,Choppy,Choppy
FOMC,2011-08-09,2011-08-09,5,-0.008575981307570554,-0.008539312478478611,Choppy,Choppy
CPI,2011-08-18,2011-08-18,-5,0.04390542808960431,0.04488353358374564,Choppy,Stressed
CPI,2011-08-18,2011-08-18,-4,0.006710592959154208,0.006733159437996461,Choppy,Stressed
CPI,2011-08-18,2011-08-18,-3,0.020944274721778282,0.02116514534014935,Choppy,Stressed
CPI,2011-08-18,2011-08-18,-2,-0.008575981307570554,-0.008539312478478611,Choppy,Stressed
CPI,2011-08-18,2011-08-18,-1,0.0006685370270809676,0.0006687605477670999,Choppy,Stressed
CPI,2011-08-18,2011-08-18,0,-0.044075613377884765,-0.0431183983125909,Choppy,Stressed
CPI,2011-08-18,2011-08-18,1,-0.01646551929477181,-0.01633070358302069,Choppy,Stressed
CPI,2011-08-18,2011-08-18,2,0.0007991611915009975,0.000799480605888192,Choppy,Stressed
CPI,2011-08-18,2011-08-18,3,0.032379996351482865,0.03290993274575227,Choppy,Stressed
CPI,2011-08-18,2011-08-18,4,0.013986461792462549,0.014084729956024944,Choppy,Stressed
CPI,2011-08-18,2011-08-18,5,-0.015361366732377778,-0.015243982766453001,Choppy,Stressed
CPI,2011-09-15,2011-09-15,-5,-0.010445992619266946,-0.01039162271890981,Choppy,Choppy
CPI,2011-09-15,2011-09-15,-4,-0.026559508983148204,-0.026209907146975353,Choppy,Choppy
CPI,2011-09-15,2011-09-15,-3,0.006449336317617542,0.0064701780681486465,Choppy,Choppy
CPI,2011-09-15,2011-09-15,-2,0.009128782458940008,0.009170576874099279,Choppy,Choppy
CPI,2011-09-15,2011-09-15,-1,0.013749936031563183,0.013844901157618272,Choppy,Choppy
CPI,2011-09-15,2011-09-15,0,0.017109756273582775,0.017256966532225304,Choppy,Choppy
CPI,2011-09-15,2011-09-15,1,0.005901221536432309,0.00591866804593244,Choppy,Choppy
CPI,2011-09-15,2011-09-15,2,-0.010007292311707595,-0.00995738597650142,Choppy,Choppy
CPI,2011-09-15,2011-09-15,3,-0.0011639157310380135,-0.0011632386438398257,Choppy,Choppy
CPI,2011-09-15,2011-09-15,4,-0.02990113545441835,-0.029458519051985932,Choppy,Choppy
CPI,2011-09-15,2011-09-15,5,-0.0328585413922031,-0.03232456407239881,Choppy,Choppy
FOMC,2011-09-21,2011-09-21,-5,0.013749936031563183,0.013844901157618272,Choppy,Choppy
FOMC,2011-09-21,2011-09-21,-4,0.017109756273582775,0.017256966532225304,Choppy,Choppy
FOMC,2011-09-21,2011-09-21,-3,0.005901221536432309,0.00591866804593244,Choppy,Choppy
FOMC,2011-09-21,2011-09-21,-2,-0.010007292311707595,-0.00995738597650142,Choppy,Choppy
FOMC,2011-09-21,2011-09-21,-1,-0.0011639157310380135,-0.0011632386438398257,Choppy,Choppy
FOMC,2011-09-21,2011-09-21,0,-0.02990113545441835,-0.029458519051985932,Choppy,Choppy
FOMC,2011-09-21,2011-09-21,1,-0.0328585413922031,-0.03232456407239881,Choppy,Choppy
FOMC,2011-09-21,2011-09-21,2,0.0060071955394764625,0.006025274922601076,Choppy,Choppy
FOMC,2011-09-21,2011-09-21,3,0.023501912681094982,0.023780258909903207,Choppy,Choppy
FOMC,2011-09-21,2011-09-21,4,0.011121730533300523,0.011183806897077986,Choppy,Choppy
FOMC,2011-09-21,2011-09-21,5,-0.0206297820527795,-0.02041844388078995,Choppy,Choppy
CPI,2011-10-19,2011-10-19,-5,0.008733872589716382,0.008772124135199455,Choppy,Choppy
CPI,2011-10-19,2011-10-19,-4,-0.0019896973776091283,-0.0019877192419631706,Choppy,Choppy
CPI,2011-10-19,2011-10-19,-3,0.016949457961756228,0.017093915026586082,Choppy,Choppy
CPI,2011-10-19,2011-10-19,-2,-0.01927551298095181,-0.019090928172165178,Choppy,Choppy
CPI,2011-10-19,2011-10-19,-1,0.019356813372312095,0.01954537114512167,Choppy,Choppy
CPI,2011-10-19,2011-10-19,0,-0.011899445542688937,-0.011828927127735978,Choppy,Choppy
CPI,2011-10-19,2011-10-19,1,0.004366400944184667,0.004375947562517801,Choppy,Choppy
CPI,2011-10-19,2011-10-19,2,0.0188090883924716,0.018987093582505166,Choppy,Choppy
CPI,2011-10-19,2011-10-19,3,0.012186422286084672,0.012260979283354123,Choppy,Choppy
CPI,2011-10-19,2011-10-19,4,-0.019635166342316636,-0.01944365198408693,Choppy,Choppy
CPI,2011-10-19,2011-10-19,5,0.010106994381382146,0.010158242558591324,Choppy,Choppy
FOMC,2011-11-02,2011-11-02,-5,0.010106994381382146,0.010158242558591324,Calm,Calm
FOMC,2011-11-02,2011-11-02,-4,0.03424221063791354,0.03483522447560605,Calm,Calm
FOMC,2011-11-02,2011-11-02,-3,-0.00023336676574615574,-0.00023333953784054895,Calm,Calm
FOMC,2011-11-02,2011-11-02,-2,-0.024400870497323212,-0.024105575947403368,Calm,Calm
FOMC,2011-11-02,2011-11-02,-1,-0.028284809118517818,-0.027888538837861465,Calm,Calm
FOMC,2011-11-02,2011-11-02,0,0.016179820537121928,0.016311422641551054,Calm,Calm
FOMC,2011-11-02,2011-11-02,1,0.018062882905577837,0.0182270034491836,Calm,Calm
FOMC,2011-11-02,2011-11-02,2,-0.0061173464125840495,-0.0060986735445548446,Calm,Calm
FOMC,2011-11-02,2011-11-02,3,0.0061967455493144525,0.006215985097346666,Calm,Calm
FOMC,2011-11-02,2011-11-02,4,0.01274907189876177,0.012830687789381567,Calm,Calm
FOMC,2011-11-02,2011-11-02,5,-0.03760783653650215,-0.03690944422900633,Calm,Calm
CPI,2011-11-16,2011-11-16,-5,-0.03760783653650215,-0.03690944422900633,Calm,Calm
CPI,2011-11-16,2011-11-16,-4,0.009374780643195142,0.00941886154115057,Calm,Calm
CPI,2011-11-16,2011-11-16,-3,0.01864747579314835,0.018822425736192194,Calm,Calm
CPI,2011-11-16,2011-11-16,-2,-0.009520029131864605,-0.00947485711448548,Calm,Calm
CPI,2011-11-16,2011-11-16,-1,0.0049300619104533025,0.004942234661591494,Calm,Calm
CPI,2011-11-16,2011-11-16,0,-0.015990172920769152,-0.015863008800047984,Calm,Calm
CPI,2011-11-16,2011-11-16,1,-0.016004190370408213,-0.015876803794074523,Calm,Calm
CPI,2011-11-16,2011-11-16,2,-0.0010652099817571301,-0.0010646428469949232,Calm,Calm
CPI,2011-11-16,2011-11-16,3,-0.019202749222665197,-0.01901955094475538,Calm,Calm
CPI,2011-11-16,2011-11-16,4,-0.003935859712905599,-0.0039281243688031875,Calm,Calm
CPI,2011-11-16,2011-11-16,5,-0.02231225287761529,-0.022065175592026143,Calm,Calm
FOMC,2011-12-13,2011-12-13,-5,0.0003168534434115352,0.00031690364676606464,Choppy,Choppy
FOMC,2011-12-13,2011-12-13,-4,0.00371626597066955,0.0037231798490025003,Choppy,Choppy
FOMC,2011-12-13,2011-12-13,-3,-0.022180964727403905,-0.021936775909408346,Choppy,Choppy
FOMC,2011-12-13,2011-12-13,-2,0.01680037070572975,0.016942290588590092,Choppy,Choppy
FOMC,2011-12-13,2011-12-13,-1,-0.014705049710071706,-0.01459745849028804,Choppy,Choppy
FOMC,2011-12-13,2011-12-13,0,-0.009382883456062018,-0.00933900155857692,Choppy,Choppy
FOMC,2011-12-13,2011-12-13,1,-0.010703159285357786,-0.010646084285112045,Choppy,Choppy
FOMC,2011-12-13,2011-12-13,2,0.003607624699490957,0.003614140010052891,Choppy,Choppy
FOMC,2011-12-13,2011-12-13,3,0.0014814809761401536,0.001482578911204513,Choppy,Choppy
FOMC,2011-12-13,2011-12-13,4,-0.010749084884510594,-0.010691519913128222,Choppy,Choppy
FOMC,2011-12-13,2011-12-13,5,0.029811393836866564,0.030260202204243303,Choppy,Choppy
CPI,2011-12-16,2011-12-16,-5,0.01680037070572975,0.016942290588590092,Choppy,Choppy
CPI,2011-12-16,2011-12-16,-4,-0.014705049710071706,-0.01459745849028804,Choppy,Choppy
CPI,2011-12-16,2011-12-16,-3,-0.009382883456062018,-0.00933900155857692,Choppy,Choppy
CPI,2011-12-16,2011-12-16,-2,-0.010703159285357786,-0.010646084285112045,Choppy,Choppy
CPI,2011-12-16,2011-12-16,-1,0.003607624699490957,0.003614140010052891,Choppy,Choppy
CPI,2011-12-16,2011-12-16,0,0.0014814809761401536,0.001482578911204513,Choppy,Choppy
CPI,2011-12-16,2011-12-16,1,-0.010749084884510594,-0.010691519913128222,Choppy,Choppy
CPI,2011-12-16,2011-12-16,2,0.029811393836866564,0.030260202204243303,Choppy,Choppy
CPI,2011-12-16,2011-12-16,3,0.0019345715825717935,0.001936444073470378,Choppy,Choppy
CPI,2011-12-16,2011-12-16,4,0.008820051951496224,0.0088590632191623,Choppy,Choppy
CPI,2011-12-16,2011-12-16,5,0.008900734643220068,0.00894046396772441,Choppy,Choppy
CPI,2012-01-19,2012-01-19,-5,0.0005419717096342279,0.0005421186028373715,Calm,Calm
CPI,2012-01-19,2012-01-19,-4,0.002396333388610226,0.002399206890295824,Calm,Calm
CPI,2012-01-19,2012-01-19,-3,-0.005186370768382816,-0.005172944768275567,Calm,Calm
CPI,2012-01-19,2012-01-19,-2,0.003872948935312298,0.0038804584936222852,Calm,Calm
CPI,2012-01-19,2012-01-19,-1,0.010995450138117377,0.011056122268542579,Calm,Calm
CPI,2012-01-19,2012-01-19,0,0.005262925877672109,0.005276799399830612,Calm,Calm
CPI,2012-01-19,2012-01-19,1,0.003720268171945342,0.003727196959232071,Calm,Calm
CPI,2012-01-19,2012-01-19,2,-0.002580049289043577,-0.0025767238224473354,Calm,Calm
CPI,2012-01-19,2012-01-19,3,-0.0011402188829017972,-0.0011395690803471803,Calm,Calm
CPI,2012-01-19,2012-01-19,4,0.008332604324184202,0.008367417098106289,Calm,Calm
CPI,2012-01-19,2012-01-19,5,-0.0051430837346789545,-0.005129880723955593,Calm,Calm
FOMC,2012-01-25,2012-01-25,-5,0.010995450138117377,0.011056122268542579,Calm,Calm
FOMC,2012-01-25,2012-01-25,-4,0.005262925877672109,0.005276799399830612,Calm,Calm
FOMC,2012-01-25,2012-01-25,-3,0.003720268171945342,0.003727196959232071,Calm,Calm
FOMC,2012-01-25,2012-01-25,-2,-0.002580049289043577,-0.0025767238224473354,Calm,Calm
FOMC,2012-01-25,2012-01-25,-1,-0.0011402188829017972,-0.0011395690803471803,Calm,Calm
FOMC,2012-01-25,2012-01-25,0,0.008332604324184202,0.008367417098106289,Calm,Calm
FOMC,2012-01-25,2012-01-25,1,-0.0051430837346789545,-0.005129880723955593,Calm,Calm
FOMC,2012-01-25,2012-01-25,2,-0.000454789903004683,-0.0004546865017526214,Calm,Calm
FOMC,2012-01-25,2012-01-25,3,-0.0034197699111197756,-0.003413929157904949,Calm,Calm
FOMC,2012-01-25,2012-01-25,4,-0.0003805481691970588,-0.0003804757699266137,Calm,Calm
FOMC,2012-01-25,2012-01-25,5,0.008718986749725547,0.008757107826537824,Calm,Calm
CPI,2012-02-17,2012-02-17,-5,-0.007415166228187526,-0.007387741710743079,Calm,Calm
CPI,2012-02-17,2012-02-17,-4,0.007415166228187582,0.007442726652878262,Calm,Calm
CPI,2012-02-17,2012-02-17,-3,-0.0012566220940904806,-0.0012558328751647307,Calm,Calm
CPI,2012-02-17,2012-02-17,-2,-0.0046714695472788465,-0.00466057520421248,Calm,Calm
CPI,2012-02-17,2012-02-17,-1,0.011012357365852902,0.01107321656916338,Calm,Calm
CPI,2012-02-17,2012-02-17,0,0.0026427337763712502,0.0026462288754716123,Calm,Calm
CPI,2012-02-17,2012-02-17,1,0.00043977742199782105,0.00043987413826562793,Calm,Calm
CPI,2012-02-17,2012-02-17,2,-0.003229462716044565,-0.0032242536103737063,Calm,Calm
CPI,2012-02-17,2012-02-17,3,0.0044011861645886045,0.0044108856088824755,Calm,Calm
CPI,2012-02-17,2012-02-17,4,0.002193207352804143,0.002195614191293993,Calm,Calm
CPI,2012-02-17,2012-02-17,5,0.001678228869031309,0.0016796378832055758,Calm,Calm
FOMC,2012-03-13,2012-03-13,-5,-0.014733304069130074,-0.014625300014188825,Calm,Calm
FOMC,2012-03-13,2012-03-13,-4,0.006951530709933446,0.006975748684346472,Calm,Calm
FOMC,2012-03-13,2012-03-13,-3,0.009900371529981527,0.009949542344007245,Calm,Calm
FOMC,2012-03-13,2012-03-13,-2,0.0038598040591501506,0.0038672626960425394,Calm,Calm
FOMC,2012-03-13,2012-03-13,-1,7.262034868071434e-05,7.262298560206659e-05,Calm,Calm
FOMC,2012-03-13,2012-03-13,0,0.017865452471386076,0.018025994293102254,Calm,Calm
FOMC,2012-03-13,2012-03-13,1,-0.0010712511732592273,-0.0010706775885571673,Calm,Calm
FOMC,2012-03-13,2012-03-13,2,0.005772423513018631,0.005789116052972609,Calm,Calm
FOMC,2012-03-13,2012-03-13,3,0.001383698944910818,0.0013846566979922592,Calm,Calm
FOMC,2012-03-13,2012-03-13,4,0.003912641913816828,0.00392030628991602,Calm,Calm
FOMC,2012-03-13,2012-03-13,5,-0.002915060266427273,-0.0029108156037330746,Calm,Calm
CPI,2012-03-16,2012-03-16,-5,0.0038598040591501506,0.0038672626960425394,Calm,Calm
CPI,2012-03-16,2012-03-16,-4,7.262034868071434e-05,7.262298560206659e-05,Calm,Calm
CPI,2012-03-16,2012-03-16,-3,0.017865452471386076,0.018025994293102254,Calm,Calm
CPI,2012-03-16,2012-03-16,-2,-0.0010712511732592273,-0.0010706775885571673,Calm,Calm
CPI,2012-03-16,2012-03-16,-1,0.005772423513018631,0.005789116052972609,Calm,Calm
CPI,2012-03-16,2012-03-16,0,0.001383698944910818,0.0013846566979922592,Calm,Calm
CPI,2012-03-16,2012-03-16,1,0.003912641913816828,0.00392030628991602,Calm,Calm
CPI,2012-03-16,2012-03-16,2,-0.002915060266427273,-0.0029108156037330746,Calm,Calm
CPI,2012-03-16,2012-03-16,3,-0.0016390076277750523,-0.0016376651882961113,Calm,Calm
CPI,2012-03-16,2012-03-16,4,-0.007229735529460791,-0.007203663859808973,Calm,Calm
CPI,2012-03-16,2012-03-16,5,0.0032272744918951574,0.003232487748913382,Calm,Calm
CPI,2012-04-13,2012-04-13,-5,-0.0005002815539336,-0.0005001564339829345,Calm,Calm
CPI,2012-04-13,2012-04-13,-4,-0.01129503972502949,-0.011231490253475251,Calm,Calm
CPI,2012-04-13,2012-04-13,-3,-0.01692727947024166,-0.01678481803588483,Calm,Calm
CPI,2012-04-13,2012-04-13,-2,0.008061881390090552,0.008094465861052003,Calm,Calm
CPI,2012-04-13,2012-04-13,-1,0.0129805754618427,0.013065188845270193,Calm,Calm
CPI,2012-04-13,2012-04-13,0,-0.01195933261299467,-0.011888104026267943,Calm,Calm
CPI,2012-04-13,2012-04-13,1,-0.0006564951767071089,-0.0006562797308975465,Calm,Calm
CPI,2012-04-13,2012-04-13,2,0.014703545730011437,0.014812174615458806,Calm,Calm
CPI,2012-04-13,2012-04-13,3,-0.0033851635511936828,-0.0033794403448773602,Calm,Calm
CPI,2012-04-13,2012-04-13,4,-0.006441785654036693,-0.00642108183321044,Calm,Calm
CPI,2012-04-13,2012-04-13,5,0.0016688290598300217,0.0016702223299809305,Calm,Calm
FOMC,2012-04-25,2012-04-25,-5,-0.0033851635511936828,-0.0033794403448773602,Calm,Calm
FOMC,2012-04-25,2012-04-25,-4,-0.006441785654036693,-0.00642108183321044,Calm,Calm
FOMC,2012-04-25,2012-04-25,-3,0.0016688290598300217,0.0016702223299809305,Calm,Calm
FOMC,2012-04-25,2012-04-25,-2,-0.00844470862905048,-0.008409152235325346,Calm,Calm
FOMC,2012-04-25,2012-04-25,-1,0.0037943264469436234,0.0038015340166108746,Calm,Calm
FOMC,2012-04-25,2012-04-25,0,0.013598918324617721,0.013691804185914869,Calm,Calm
FOMC,2012-04-25,2012-04-25,1,0.006944674784782239,0.0069688449576501554,Calm,Calm
FOMC,2012-04-25,2012-04-25,2,0.001639800678462095,0.0016411458867853224,Calm,Calm
FOMC,2012-04-25,2012-04-25,3,-0.003710857770661549,-0.0037039810467757173,Calm,Calm
FOMC,2012-04-25,2012-04-25,4,0.006200763441418457,0.0062200279727300245,Calm,Calm
FOMC,2012-04-25,2012-04-25,5,-0.002988645525732397,-0.0029841839704689566,Calm,Calm
CPI,2012-05-15,2012-05-15,-5,-0.004019947823158496,-0.004011878649082146,Choppy,Choppy
CPI,2012-05-15,2012-05-15,-4,-0.005949343979482303,-0.0059316816763199665,Choppy,Choppy
CPI,2012-05-15,2012-05-15,-3,0.0020604456376419823,0.0020625698144212112,Choppy,Choppy
CPI,2012-05-15,2012-05-15,-2,-0.0030188009597621234,-0.003014248961822119,Choppy,Choppy
CPI,2012-05-15,2012-05-15,-1,-0.011122622680246825,-0.011060995011330066,Choppy,Choppy
CPI,2012-05-15,2012-05-15,0,-0.005758372414721914,-0.005741824766032355,Choppy,Choppy
CPI,2012-05-15,2012-05-15,1,-0.0038321143774864546,-0.0038247811973709522,Choppy,Choppy
CPI,2012-05-15,2012-05-15,2,-0.014942022558680433,-0.01483094447156419,Choppy,Choppy
CPI,2012-05-15,2012-05-15,3,-0.008595755493673215,-0.008558917612788708,Choppy,Choppy
CPI,2012-05-15,2012-05-15,4,0.017042660090398083,0.01718871476219519,Choppy,Choppy
CPI,2012-05-15,2012-05-15,5,0.001740739065150294,0.0017422550309027507,Choppy,Choppy
CPI,2012-06-14,2012-06-14,-5,0.0006054714233441665,0.0006056547581658744,Choppy,Choppy
CPI,2012-06-14,2012-06-14,-4,0.007920526577320628,0.007951976927561333,Choppy,Choppy
CPI,2012-06-14,2012-06-14,-3,-0.012778601225442776,-0.012697301567891062,Choppy,Choppy
CPI,2012-06-14,2012-06-14,-2,0.011424919473064628,0.011490433123889199,Choppy,Choppy
CPI,2012-06-14,2012-06-14,-1,-0.006414943508665997,-0.006394411685511359,Choppy,Choppy
CPI,2012-06-14,2012-06-14,0,0.010544303089178027,0.01060009015917407,Choppy,Choppy
CPI,2012-06-14,2012-06-14,1,0.01017574712276504,0.010227696094530891,Choppy,Choppy
CPI,2012-06-14,2012-06-14,2,0.0019362494823816016,0.0019381252238497293,Choppy,Choppy
CPI,2012-06-14,2012-06-14,3,0.009626051032388689,0.009672530479761132,Choppy,Choppy
CPI,2012-06-14,2012-06-14,4,-0.0016226023858629773,-0.0016212866783312796,Choppy,Choppy
CPI,2012-06-14,2012-06-14,5,-0.022694122087753718,-0.02243854749683527,Choppy,Choppy
FOMC,2012-06-20,2012-06-20,-5,-0.006414943508665997,-0.006394411685511359,Calm,Calm
FOMC,2012-06-20,2012-06-20,-4,0.010544303089178027,0.01060009015917407,Calm,Calm
FOMC,2012-06-20,2012-06-20,-3,0.01017574712276504,0.010227696094530891,Calm,Calm
FOMC,2012-06-20,2012-06-20,-2,0.0019362494823816016,0.0019381252238497293,Calm,Calm
FOMC,2012-06-20,2012-06-20,-1,0.009626051032388689,0.009672530479761132,Calm,Calm
FOMC,2012-06-20,2012-06-20,0,-0.0016226023858629773,-0.0016212866783312796,Calm,Calm
FOMC,2012-06-20,2012-06-20,1,-0.022694122087753718,-0.02243854749683527,Calm,Calm
FOMC,2012-06-20,2012-06-20,2,0.007671678914890912,0.0077011816404661815,Calm,Calm
FOMC,2012-06-20,2012-06-20,3,-0.016164738800559034,-0.016034790545698563,Calm,Calm
FOMC,2012-06-20,2012-06-20,4,0.0050135739181412274,0.005026162909677945,Calm,Calm
FOMC,2012-06-20,2012-06-20,5,0.00897617321724423,0.009016579868602825,Calm,Calm
CPI,2012-07-17,2012-07-17,-5,-0.00875813724643134,-0.008719896483133871,Calm,Calm
CPI,2012-07-17,2012-07-17,-4,0.0001489808770615257,0.0001489919752635238,Calm,Calm
CPI,2012-07-17,2012-07-17,-3,-0.0048570546670342355,-0.004845278250961815,Calm,Calm
CPI,2012-07-17,2012-07-17,-2,0.01663864748868898,0.0167778407078516,Calm,Calm
CPI,2012-07-17,2012-07-17,-1,-0.0023600977174910295,-0.002357314876562322,Calm,Calm
CPI,2012-07-17,2012-07-17,0,0.006843751919526908,0.006867223904624353,Calm,Calm
CPI,2012-07-17,2012-07-17,1,0.007379922624842958,0.007407221366698469,Calm,Calm
CPI,2012-07-17,2012-07-17,2,0.0026168524660982015,0.002620279413132476,Calm,Calm
CPI,2012-07-17,2012-07-17,3,-0.009190487268522831,-0.009148383822858208,Calm,Calm
CPI,2012-07-17,2012-07-17,4,-0.01016358220062657,-0.010112107535649617,Calm,Calm
CPI,2012-07-17,2012-07-17,5,-0.008623950590822601,-0.008586870996348472,Calm,Calm
FOMC,2012-08-01,2012-08-01,-5,0.00022417551580813217,0.00022420064501682546,Calm,Calm
FOMC,2012-08-01,2012-08-01,-4,0.01636272140531363,0.016497323883336357,Calm,Calm
FOMC,2012-08-01,2012-08-01,-3,0.018265026232932146,0.018432852048422266,Calm,Calm
FOMC,2012-08-01,2012-08-01,-2,0.0,0.0,Calm,Calm
FOMC,2012-08-01,2012-08-01,-1,-0.007019303885560408,-0.006994726111950844,Calm,Calm
FOMC,2012-08-01,2012-08-01,0,-0.0008718618198188651,-0.0008714818587349793,Calm,Calm
FOMC,2012-08-01,2012-08-01,1,-0.006928336869551285,-0.006904391276621014,Calm,Calm
FOMC,2012-08-01,2012-08-01,2,0.019638921528327722,0.019833033783830167,Calm,Calm
FOMC,2012-08-01,2012-08-01,3,0.0019357780188081271,0.0019376528466321652,Calm,Calm
FOMC,2012-08-01,2012-08-01,4,0.005001202100009612,0.005013728985688193,Calm,Calm
FOMC,2012-08-01,2012-08-01,5,0.0012108901424279328,0.0012116235658983232,Calm,Calm
CPI,2012-08-15,2012-08-15,-5,0.0012108901424279328,0.0012116235658983232,Calm,Calm
CPI,2012-08-15,2012-08-15,-4,0.0008539411599139689,0.000854305871472949,Calm,Calm
CPI,2012-08-15,2012-08-15,-3,0.0016341971587923527,0.0016355331866477751,Calm,Calm
CPI,2012-08-15,2012-08-15,-2,-0.0004971326436059422,-0.0004970090936476934,Calm,Calm
CPI,2012-08-15,2012-08-15,-1,0.00014203358556527944,0.00014204367281256403,Calm,Calm
CPI,2012-08-15,2012-08-15,0,0.001135680684667201,0.0011363258141732224,Calm,Calm
CPI,2012-08-15,2012-08-15,1,0.00735126687226076,0.00737835376822682,Calm,Calm
CPI,2012-08-15,2012-08-15,2,0.001337233888572644,0.0013381283844813296,Calm,Calm
CPI,2012-08-15,2012-08-15,3,7.02127135041273e-05,7.021517847438652e-05,Calm,Calm
CPI,2012-08-15,2012-08-15,4,-0.0030286031861033354,-0.0030240215939159043,Calm,Calm
CPI,2012-08-15,2012-08-15,5,0.00042327092988534316,0.00042336052166547233,Calm,Calm
FOMC,2012-09-13,2012-09-13,-5,0.02009351829690641,0.020296751979888894,Calm,Calm
FOMC,2012-09-13,2012-09-13,-4,0.0038874759443168,0.0038950419800092284,Calm,Calm
FOMC,2012-09-13,2012-09-13,-3,-0.005697554416961056,-0.00568135413572457,Calm,Calm
FOMC,2012-09-13,2012-09-13,-2,0.002783230338392921,0.002787107119775367,Calm,Calm
FOMC,2012-09-13,2012-09-13,-1,0.0033303283814418447,0.003335880086295262,Calm,Calm
FOMC,2012-09-13,2012-09-13,0,0.015121325204375946,0.015236230887183622,Calm,Calm
FOMC,2012-09-13,2012-09-13,1,0.004424557917538248,0.004434360726287112,Calm,Calm
FOMC,2012-09-13,2012-09-13,2,-0.003402016338546117,-0.0033962360377127743,Calm,Calm
FOMC,2012-09-13,2012-09-13,3,-0.000818055470728227,-0.0008177209545754405,Calm,Calm
FOMC,2012-09-13,2012-09-13,4,0.0005458855567311358,0.0005460345793668608,Calm,Calm
FOMC,2012-09-13,2012-09-13,5,6.804942348258484e-05,6.805173889712357e-05,Calm,Calm
CPI,2012-09-14,2012-09-14,-5,0.0038874759443168,0.0038950419800092284,Calm,Calm
CPI,2012-09-14,2012-09-14,-4,-0.005697554416961056,-0.00568135413572457,Calm,Calm
CPI,2012-09-14,2012-09-14,-3,0.002783230338392921,0.002787107119775367,Calm,Calm
CPI,2012-09-14,2012-09-14,-2,0.0033303283814418447,0.003335880086295262,Calm,Calm
CPI,2012-09-14,2012-09-14,-1,0.015121325204375946,0.015236230887183622,Calm,Calm
CPI,2012-09-14,2012-09-14,0,0.004424557917538248,0.004434360726287112,Calm,Calm
CPI,2012-09-14,2012-09-14,1,-0.003402016338546117,-0.0033962360377127743,Calm,Calm
CPI,2012-09-14,2012-09-14,2,-0.000818055470728227,-0.0008177209545754405,Calm,Calm
CPI,2012-09-14,2012-09-14,3,0.0005458855567311358,0.0005460345793668608,Calm,Calm
CPI,2012-09-14,2012-09-14,4,6.804942348258484e-05,6.805173889712357e-05,Calm,Calm
CPI,2012-09-14,2012-09-14,5,-0.0004186203086027305,-0.0004185326993467742,Calm,Calm
CPI,2012-10-16,2012-10-16,-5,-0.009936611506496497,-0.009887406494274997,Calm,Calm
CPI,2012-10-16,2012-10-16,-4,-0.006401033105765217,-0.006380590135321995,Calm,Calm
CPI,2012-10-16,2012-10-16,-3,0.0005584019520627311,0.0005585578874562902,Calm,Calm
CPI,2012-10-16,2012-10-16,-2,-0.0032840473007553017,-0.003278660715631987,Calm,Calm
CPI,2012-10-16,2012-10-16,-1,0.008293941272084427,0.008328431289783333,Calm,Calm
CPI,2012-10-16,2012-10-16,0,0.010082776574879994,0.010133779037964086,Calm,Calm
CPI,2012-10-16,2012-10-16,1,0.0045240884366164035,0.00453433757488142,Calm,Calm
CPI,2012-10-16,2012-10-16,2,-0.0026026349021697247,-0.002599250984290258,Calm,Calm
CPI,2012-10-16,2012-10-16,3,-0.016804727997778237,-0.016664316183897854,Calm,Calm
CPI,2012-10-16,2012-10-16,4,0.0001395057414123195,0.00013951547279078547,Calm,Calm
CPI,2012-10-16,2012-10-16,5,-0.013973632887894027,-0.013876454849858444,Calm,Calm
FOMC,2012-10-24,2012-10-24,-5,0.0045240884366164035,0.00453433757488142,Calm,Calm
FOMC,2012-10-24,2012-10-24,-4,-0.0026026349021697247,-0.002599250984290258,Calm,Calm
FOMC,2012-10-24,2012-10-24,-3,-0.016804727997778237,-0.016664316183897854,Calm,Calm
FOMC,2012-10-24,2012-10-24,-2,0.0001395057414123195,0.00013951547279078547,Calm,Calm
FOMC,2012-10-24,2012-10-24,-1,-0.013973632887894027,-0.013876454849858444,Calm,Calm
FOMC,2012-10-24,2012-10-24,0,-0.002832299267716921,-0.002828292092212137,Calm,Calm
FOMC,2012-10-24,2012-10-24,1,0.002903060363377925,0.0029072783237915623,Calm,Calm
FOMC,2012-10-24,2012-10-24,2,-0.0005656145615631919,-0.0005654546318013542,Calm,Calm
FOMC,2012-10-24,2012-10-24,3,0.0,0.0,Calm,Calm
FOMC,2012-10-24,2012-10-24,4,0.010415978376800037,0.010470413513812282,Calm,Calm
FOMC,2012-10-24,2012-10-24,5,-0.008931606643259205,-0.008891838331022917,Calm,Calm
CPI,2012-11-15,2012-11-15,-5,-0.012097450304094435,-0.012024570335465334,Choppy,Choppy
CPI,2012-11-15,2012-11-15,-4,0.0008688789967804326,0.0008692565814865105,Choppy,Choppy
CPI,2012-11-15,2012-11-15,-3,0.0007961703532407829,0.0007964873809869211,Choppy,Choppy
CPI,2012-11-15,2012-11-15,-2,-0.0034770703515476075,-0.0034710323426540013,Choppy,Choppy
CPI,2012-11-15,2012-11-15,-1,-0.013591116241784582,-0.013499174025220495,Choppy,Choppy
CPI,2012-11-15,2012-11-15,0,-0.0016934524693986586,-0.0016920193878315892,Choppy,Choppy
CPI,2012-11-15,2012-11-15,1,0.004925091621592629,0.004937239820809847,Choppy,Choppy
CPI,2012-11-15,2012-11-15,2,0.02003740466861776,0.020239501033498364,Choppy,Choppy
CPI,2012-11-15,2012-11-15,3,0.00043078334580412943,0.00043087614627479454,Choppy,Choppy
CPI,2012-11-15,2012-11-15,4,0.0018662703249927991,0.0018680128913204364,Choppy,Choppy
CPI,2012-11-15,2012-11-15,5,0.013533067885064863,0.0136250543328158,Choppy,Choppy
FOMC,2012-12-12,2012-12-12,-5,0.001768424672165367,0.0017699892572236031,Calm,Calm
FOMC,2012-12-12,2012-12-12,-4,0.003386739815903426,0.0033924812990004938,Calm,Calm
FOMC,2012-12-12,2012-12-12,-3,0.003023808730975477,0.00302838505207359,Calm,Calm
FOMC,2012-12-12,2012-12-12,-2,0.00042120238692498367,0.0004212911051060253,Calm,Calm
FOMC,2012-12-12,2012-12-12,-1,0.006785192795285903,0.006808264368091788,Calm,Calm
FOMC,2012-12-12,2012-12-12,0,0.0004879812929947193,0.00048810037523505656,Calm,Calm
FOMC,2012-12-12,2012-12-12,1,-0.0061506764245488335,-0.00613179973560618,Calm,Calm
FOMC,2012-12-12,2012-12-12,2,-0.003722731832596353,-0.0037158110571748892,Calm,Calm
FOMC,2012-12-12,2012-12-12,3,0.011683617282190044,0.011752137332582846,Calm,Calm
FOMC,2012-12-12,2012-12-12,4,0.01106757946018494,0.011129051691357361,Calm,Calm
FOMC,2012-12-12,2012-12-12,5,-0.0074572968274467764,-0.007429560179092132,Calm,Calm
CPI,2012-12-14,2012-12-14,-5,0.003023808730975477,0.00302838505207359,Calm,Calm
CPI,2012-12-14,2012-12-14,-4,0.00042120238692498367,0.0004212911051060253,Calm,Calm
CPI,2012-12-14,2012-12-14,-3,0.006785192795285903,0.006808264368091788,Calm,Calm
CPI,2012-12-14,2012-12-14,-2,0.0004879812929947193,0.00048810037523505656,Calm,Calm
CPI,2012-12-14,2012-12-14,-1,-0.0061506764245488335,-0.00613179973560618,Calm,Calm
CPI,2012-12-14,2012-12-14,0,-0.003722731832596353,-0.0037158110571748892,Calm,Calm
CPI,2012-12-14,2012-12-14,1,0.011683617282190044,0.011752137332582846,Calm,Calm
CPI,2012-12-14,2012-12-14,2,0.01106757946018494,0.011129051691357361,Calm,Calm
CPI,2012-12-14,2012-12-14,3,-0.0074572968274467764,-0.007429560179092132,Calm,Calm
CPI,2012-12-14,2012-12-14,4,0.005735725583652764,0.005752206352293676,Calm,Calm
CPI,2012-12-14,2012-12-14,5,-0.009118351723549866,-0.00907690562350949,Calm,Calm
CPI,2013-01-16,2013-01-16,-5,0.0025386845568453275,0.0025419097451526707,Calm,Calm
CPI,2013-01-16,2013-01-16,-4,0.007918212313352671,0.0079496442633189,Calm,Calm
CPI,2013-01-16,2013-01-16,-3,-6.788931282135617e-05,-6.788700839410744e-05,Calm,Calm
CPI,2013-01-16,2013-01-16,-2,-0.0006808419264812835,-0.0006806102062081321,Calm,Calm
CPI,2013-01-16,2013-01-16,-1,0.0006808419264813097,0.0006810737519549193,Calm,Calm
CPI,2013-01-16,2013-01-16,0,-0.00013670474981677792,-0.00013669540614824616,Calm,Calm
CPI,2013-01-16,2013-01-16,1,0.006440164044984006,0.006460946491615216,Calm,Calm
CPI,2013-01-16,2013-01-16,2,0.0022272946302133887,0.002229776893466706,Calm,Calm
CPI,2013-01-16,2013-01-16,3,0.005379098012872781,0.005393591335937531,Calm,Calm
CPI,2013-01-16,2013-01-16,4,0.0016079749760965665,0.001609268461062685,Calm,Calm
CPI,2013-01-16,2013-01-16,5,0.00026773394359221427,0.0002677697875232976,Calm,Calm
FOMC,2013-01-30,2013-01-30,-5,0.0016079749760965665,0.001609268461062685,Calm,Calm
FOMC,2013-01-30,2013-01-30,-4,0.00026773394359221427,0.0002677697875232976,Calm,Calm
FOMC,2013-01-30,2013-01-30,-3,0.005605726338921104,0.005621467823219817,Calm,Calm
FOMC,2013-01-30,2013-01-30,-2,-0.0011986893962304117,-0.001197971255067487,Calm,Calm
FOMC,2013-01-30,2013-01-30,-1,0.003924399284991609,0.003932109822976093,Calm,Calm
FOMC,2013-01-30,2013-01-30,0,-0.0039243992849916426,-0.003916708893462406,Calm,Calm
FOMC,2013-01-30,2013-01-30,1,-0.002468330651202924,-0.00246528682800351,Calm,Calm
FOMC,2013-01-30,2013-01-30,2,0.010234883996293504,0.010287439568533507,Calm,Calm
FOMC,2013-01-30,2013-01-30,3,-0.01130430212422908,-0.011240648579714407,Calm,Calm
FOMC,2013-01-30,2013-01-30,4,0.010047046676042622,0.010097687705000524,Calm,Calm
FOMC,2013-01-30,2013-01-30,5,0.0007282608845195958,0.0007285261308631608,Calm,Calm
CPI,2013-02-21,2013-02-21,-5,0.0008547481347947883,0.0008551135360830298,Calm,Calm
CPI,2013-02-21,2013-02-21,-4,0.0009198994758549823,0.0009203227131464597,Calm,Calm
CPI,2013-02-21,2013-02-21,-3,-0.0011824334263154334,-0.001181734627366482,Calm,Calm
CPI,2013-02-21,2013-02-21,-2,0.007466844755029064,0.007494791154165625,Calm,Calm
CPI,2013-02-21,2013-02-21,-1,-0.012541321735103096,-0.01246300709125836,Calm,Calm
CPI,2013-02-21,2013-02-21,0,-0.0060982304624223995,-0.006079673994736079,Calm,Calm
CPI,2013-02-21,2013-02-21,1,0.009725203166501382,0.00977264662919608,Calm,Calm
CPI,2013-02-21,2013-02-21,2,-0.019210026325654994,-0.019026689614539682,Calm,Calm
CPI,2013-02-21,2013-02-21,3,0.006822338702873776,0.006845663869453622,Calm,Calm
CPI,2013-02-21,2013-02-21,4,0.012519468756651225,0.012598165375999004,Calm,Calm
CPI,2013-02-21,2013-02-21,5,-0.0019767730782552177,-0.0019748205491346704,Calm,Calm
CPI,2013-03-15,2013-03-15,-5,0.004254707920401789,0.004263772040647984,Calm,Calm
CPI,2013-03-15,2013-03-15,-4,0.003788217654056245,0.003795402019669103,Calm,Calm
CPI,2013-03-15,2013-03-15,-3,-0.0022456515059264583,-0.0022431319169758934,Calm,Calm
CPI,2013-03-15,2013-03-15,-2,0.0014125360799221696,0.0014135341789056621,Calm,Calm
CPI,2013-03-15,2013-03-15,-1,0.005309529393081914,0.005323649924333651,Calm,Calm
CPI,2013-03-15,2013-03-15,0,-0.0013208695920751228,-0.0013199976277947778,Calm,Calm
CPI,2013-03-15,2013-03-15,1,-0.005534525693469433,-0.005519238421745509,Calm,Calm
CPI,2013-03-15,2013-03-15,2,-0.002325417543273313,-0.0023227158544886217,Calm,Calm
CPI,2013-03-15,2013-03-15,3,0.006961011662607898,0.006985295819021964,Calm,Calm
CPI,2013-03-15,2013-03-15,4,-0.008579499866337225,-0.008542800985035237,Calm,Calm
CPI,2013-03-15,2013-03-15,5,0.008001385345685183,0.00803348197814091,Calm,Calm
FOMC,2013-03-20,2013-03-20,-5,0.0014125360799221696,0.0014135341789056621,Calm,Calm
FOMC,2013-03-20,2013-03-20,-4,0.005309529393081914,0.005323649924333651,Calm,Calm
FOMC,2013-03-20,2013-03-20,-3,-0.0013208695920751228,-0.0013199976277947778,Calm,Calm
FOMC,2013-03-20,2013-03-20,-2,-0.005534525693469433,-0.005519238421745509,Calm,Calm
FOMC,2013-03-20,2013-03-20,-1,-0.002325417543273313,-0.0023227158544886217,Calm,Calm
FOMC,2013-03-20,2013-03-20,0,0.006961011662607898,0.006985295819021964,Calm,Calm
FOMC,2013-03-20,2013-03-20,1,-0.008579499866337225,-0.008542800985035237,Calm,Calm
FOMC,2013-03-20,2013-03-20,2,0.008001385345685183,0.00803348197814091,Calm,Calm
FOMC,2013-03-20,2013-03-20,3,-0.004186024890943493,-0.004177275701115923,Calm,Calm
FOMC,2013-03-20,2013-03-20,4,0.00797085321959563,0.00800270504261169,Calm,Calm
FOMC,2013-03-20,2013-03-20,5,0.0,0.0,Calm,Calm
CPI,2013-04-16,2013-04-16,-5,0.003451034521634821,0.0034569961972796825,Calm,Calm
CPI,2013-04-16,2013-04-16,-4,0.012174194378456637,0.012248601525281178,Calm,Calm
CPI,2013-04-16,2013-04-16,-3,0.003271720455471278,0.0032770783744515697,Calm,Calm
CPI,2013-04-16,2013-04-16,-2,-0.002452681148508058,-0.0024496757836692806,Calm,Calm
CPI,2013-04-16,2013-04-16,-1,-0.023446477276799292,-0.023173744328982004,Calm,Calm
CPI,2013-04-16,2013-04-16,0,0.01465433089582721,0.014762232031525047,Calm,Calm
CPI,2013-04-16,2013-04-16,1,-0.014719400363349466,-0.01461159955903324,Calm,Calm
CPI,2013-04-16,2013-04-16,2,-0.006272345124911054,-0.006252715031911049,Calm,Calm
CPI,2013-04-16,2013-04-16,3,0.00865580904277876,0.008693378878744662,Calm,Calm
CPI,2013-04-16,2013-04-16,4,0.0044276492101499865,0.0044374657316046395,Calm,Calm
CPI,2013-04-16,2013-04-16,5,0.010256784407972208,0.010309565521656738,Calm,Calm
FOMC,2013-05-01,2013-05-01,-5,0.0006337588393225658,0.0006339597068873992,Calm,Calm
FOMC,2013-05-01,2013-05-01,-4,0.004044707512646719,0.004052898381577963,Calm,Calm
FOMC,2013-05-01,2013-05-01,-3,-0.0017673396333469386,-0.0017657788082952042,Calm,Calm
FOMC,2013-05-01,2013-05-01,-2,0.0066762339991316075,0.006698569727854542,Calm,Calm
FOMC,2013-05-01,2013-05-01,-1,0.002382860261172722,0.0023857015290180694,Calm,Calm
FOMC,2013-05-01,2013-05-01,0,-0.008806580841738278,-0.00876791649216413,Calm,Calm
FOMC,2013-05-01,2013-05-01,1,0.009244110238224334,0.009286968987142208,Calm,Calm
FOMC,2013-05-01,2013-05-01,2,0.01008992207283123,0.010140996972600513,Calm,Calm
FOMC,2013-05-01,2013-05-01,3,0.002537921672816055,0.0025411449222327853,Calm,Calm
FOMC,2013-05-01,2013-05-01,4,0.005055780162936024,0.005068582185107751,Calm,Calm
FOMC,2013-05-01,2013-05-01,5,0.004540446706313639,0.004550770152899508,Calm,Calm
CPI,2013-05-16,2013-05-16,-5,-0.002820046127737222,-0.0028160735328336406,Calm,Calm
CPI,2013-05-16,2013-05-16,-4,0.003248883233669889,0.003254166574906403,Calm,Calm
CPI,2013-05-16,2013-05-16,-3,0.0007947075164700054,0.0007950233801559126,Calm,Calm
CPI,2013-05-16,2013-05-16,-2,0.010281292981860767,0.010334327071727545,Calm,Calm
CPI,2013-05-16,2013-05-16,-1,0.005371626902350542,0.005386079957357515,Calm,Calm
CPI,2013-05-16,2013-05-16,0,-0.004706368339796906,-0.004695310742165781,Calm,Calm
CPI,2013-05-16,2013-05-16,1,0.009630731946495058,0.009677256681213331,Calm,Calm
CPI,2013-05-16,2013-05-16,2,-5.9662065847592846e-05,-5.9660286101936855e-05,Calm,Calm
CPI,2013-05-16,2013-05-16,3,0.0014363865293374543,0.0014374186265726507,Calm,Calm
CPI,2013-05-16,2013-05-16,4,-0.007444673152659725,-0.007417030213569653,Calm,Calm
CPI,2013-05-16,2013-05-16,5,-0.0028976210063551256,-0.002893426954509115,Calm,Calm
CPI,2013-06-18,2013-06-18,-5,-0.010368737450851638,-0.010315167403811665,Calm,Calm
CPI,2013-06-18,2013-06-18,-4,-0.008311783089967975,-0.0082773357266408,Calm,Calm
CPI,2013-06-18,2013-06-18,-3,0.01509430768907317,0.015208802097310237,Calm,Calm
CPI,2013-06-18,2013-06-18,-2,-0.00629248771724062,-0.006272731476758553,Calm,Calm
CPI,2013-06-18,2013-06-18,-1,0.0076922000265586795,0.007721861001123376,Calm,Calm
CPI,2013-06-18,2013-06-18,0,0.007873879429336044,0.007904959939144973,Calm,Calm
CPI,2013-06-18,2013-06-18,1,-0.013912954211947442,-0.013816616363377276,Calm,Calm
CPI,2013-06-18,2013-06-18,2,-0.025089990785138957,-0.024777852927326705,Calm,Calm
CPI,2013-06-18,2013-06-18,3,0.0032048000079043454,0.0032099408697940923,Calm,Calm
CPI,2013-06-18,2013-06-18,4,-0.012716084674169861,-0.0126355768787354,Calm,Calm
CPI,2013-06-18,2013-06-18,5,0.009568378975307264,0.009614302267036301,Calm,Calm
FOMC,2013-06-19,2013-06-19,-5,-0.008311783089967975,-0.0082773357266408,Calm,Calm
FOMC,2013-06-19,2013-06-19,-4,0.01509430768907317,0.015208802097310237,Calm,Calm
FOMC,2013-06-19,2013-06-19,-3,-0.00629248771724062,-0.006272731476758553,Calm,Calm
FOMC,2013-06-19,2013-06-19,-2,0.0076922000265586795,0.007721861001123376,Calm,Calm
FOMC,2013-06-19,2013-06-19,-1,0.007873879429336044,0.007904959939144973,Calm,Calm
FOMC,2013-06-19,2013-06-19,0,-0.013912954211947442,-0.013816616363377276,Calm,Calm
FOMC,2013-06-19,2013-06-19,1,-0.025089990785138957,-0.024777852927326705,Calm,Calm
FOMC,2013-06-19,2013-06-19,2,0.0032048000079043454,0.0032099408697940923,Calm,Calm
FOMC,2013-06-19,2013-06-19,3,-0.012716084674169861,-0.0126355768787354,Calm,Calm
FOMC,2013-06-19,2013-06-19,4,0.009568378975307264,0.009614302267036301,Calm,Calm
FOMC,2013-06-19,2013-06-19,5,0.009851744924809308,0.00990043312038491,Calm,Calm
CPI,2013-07-16,2013-07-16,-5,0.007171362065167417,0.007197137861117309,Calm,Calm
CPI,2013-07-16,2013-07-16,-4,0.00036359257439807894,0.0003636586821900156,Calm,Calm
CPI,2013-07-16,2013-07-16,-3,0.013528711641667657,0.013620638744983316,Calm,Calm
CPI,2013-07-16,2013-07-16,-2,0.00041806326260690994,0.00041815066323191985,Calm,Calm
CPI,2013-07-16,2013-07-16,-1,0.0038134203560262485,0.0038207006948212108,Calm,Calm
CPI,2013-07-16,2013-07-16,0,-0.0037538245942868886,-0.003746787802458962,Calm,Calm
CPI,2013-07-16,2013-07-16,1,0.0025637839532758238,0.0025670732577767197,Calm,Calm
CPI,2013-07-16,2013-07-16,2,0.005462701147320422,0.005477648905215959,Calm,Calm
CPI,2013-07-16,2013-07-16,3,0.001775322014521082,0.0017768988316300138,Calm,Calm
CPI,2013-07-16,2013-07-16,4,0.001948436991746872,0.001950336428546251,Calm,Calm
CPI,2013-07-16,2013-07-16,5,-0.00212605185351743,-0.0021237934060844843,Calm,Calm
FOMC,2013-07-31,2013-07-31,-5,-0.0036724570321930395,-0.003665721809327893,Calm,Calm
FOMC,2013-07-31,2013-07-31,-4,0.0024304035659516035,0.002433359390829004,Calm,Calm
FOMC,2013-07-31,2013-07-31,-3,0.0010649682083171224,0.0010655354883200019,Calm,Calm
FOMC,2013-07-31,2013-07-31,-2,-0.0030800998040116383,-0.0030753611630212063,Calm,Calm
FOMC,2013-07-31,2013-07-31,-1,0.0,0.0,Calm,Calm
FOMC,2013-07-31,2013-07-31,0,0.0007117991899276828,0.0007120525790882404,Calm,Calm
FOMC,2013-07-31,2013-07-31,1,0.01149158627262884,0.011557868201670818,Calm,Calm
FOMC,2013-07-31,2013-07-31,2,0.001698099275134297,0.0016995418621448266,Calm,Calm
FOMC,2013-07-31,2013-07-31,3,-0.0014633582861616743,-0.0014622880995106557,Calm,Calm
FOMC,2013-07-31,2013-07-31,4,-0.0056988076757863845,-0.005682600273561822,Calm,Calm
FOMC,2013-07-31,2013-07-31,5,-0.0032456200674491637,-0.003240358736271265,Calm,Calm
CPI,2013-08-15,2013-08-15,-5,0.003657932150154747,0.0036646305489014264,Calm,Calm
CPI,2013-08-15,2013-08-15,-4,-0.0028899851940532247,-0.002885813206803811,Calm,Calm
CPI,2013-08-15,2013-08-15,-3,-0.0011815458603837935,-0.0011808481099088164,Calm,Calm
CPI,2013-08-15,2013-08-15,-2,0.002952034476065737,0.00295639602059361,Calm,Calm
CPI,2013-08-15,2013-08-15,-1,-0.005142717503944403,-0.00512951637187431,Calm,Calm
CPI,2013-08-15,2013-08-15,0,-0.014084613843243039,-0.013985889710286359,Calm,Calm
CPI,2013-08-15,2013-08-15,1,-0.003311191876260739,-0.0033057159260813096,Calm,Calm
CPI,2013-08-15,2013-08-15,2,-0.006412613755958859,-0.006392096827505633,Calm,Calm
CPI,2013-08-15,2013-08-15,3,0.0049039256868429965,0.004915969609867066,Calm,Calm
CPI,2013-08-15,2013-08-15,4,-0.006179518319599389,-0.006160464364559193,Calm,Calm
CPI,2013-08-15,2013-08-15,5,0.009074164562220781,0.009115459604967846,Calm,Calm
CPI,2013-09-17,2013-09-17,-5,0.007369580912269263,0.007396803104641858,Calm,Calm
CPI,2013-09-17,2013-09-17,-4,0.0031334866988739396,0.003138401200154073,Calm,Calm
CPI,2013-09-17,2013-09-17,-3,-0.002659646899432642,-0.0026561131721343223,Calm,Calm
CPI,2013-09-17,2013-09-17,-2,0.0022464730465963888,0.002248998257756485,Calm,Calm
CPI,2013-09-17,2013-09-17,-1,0.005770405345573079,0.005787086204169789,Calm,Calm
CPI,2013-09-17,2013-09-17,0,0.004452931833626453,0.004462860866882856,Calm,Calm
CPI,2013-09-17,2013-09-17,1,0.011507583748423478,0.011574050703621497,Calm,Calm
CPI,2013-09-17,2013-09-17,2,-0.0016770361122186621,-0.001675630672925088,Calm,Calm
CPI,2013-09-17,2013-09-17,3,-0.007016053959499854,-0.006991498912988892,Calm,Calm
CPI,2013-09-17,2013-09-17,4,-0.0046383238314221045,-0.0046275834196920496,Calm,Calm
CPI,2013-09-17,2013-09-17,5,-0.0023565551668705887,-0.0023537806705891118,Calm,Calm
FOMC,2013-09-18,2013-09-18,-5,0.0031334866988739396,0.003138401200154073,Calm,Calm
FOMC,2013-09-18,2013-09-18,-4,-0.002659646899432642,-0.0026561131721343223,Calm,Calm
FOMC,2013-09-18,2013-09-18,-3,0.0022464730465963888,0.002248998257756485,Calm,Calm
FOMC,2013-09-18,2013-09-18,-2,0.005770405345573079,0.005787086204169789,Calm,Calm
FOMC,2013-09-18,2013-09-18,-1,0.004452931833626453,0.004462860866882856,Calm,Calm
FOMC,2013-09-18,2013-09-18,0,0.011507583748423478,0.011574050703621497,Calm,Calm
FOMC,2013-09-18,2013-09-18,1,-0.0016770361122186621,-0.001675630672925088,Calm,Calm
FOMC,2013-09-18,2013-09-18,2,-0.007016053959499854,-0.006991498912988892,Calm,Calm
FOMC,2013-09-18,2013-09-18,3,-0.0046383238314221045,-0.0046275834196920496,Calm,Calm
FOMC,2013-09-18,2013-09-18,4,-0.0023565551668705887,-0.0023537806705891118,Calm,Calm
FOMC,2013-09-18,2013-09-18,5,-0.0028945001147589098,-0.0028903150881288697,Calm,Calm
CPI,2013-10-30,2013-10-30,-5,-0.004799944023494635,-0.004788442701439299,Calm,Calm
CPI,2013-10-30,2013-10-30,-4,0.0033171209144282287,0.003322628648264603,Calm,Calm
CPI,2013-10-30,2013-10-30,-3,0.004556862538760943,0.004567260825380837,Calm,Calm
CPI,2013-10-30,2013-10-30,-2,0.0015903410346050373,0.0015916062975525058,Calm,Calm
CPI,2013-10-30,2013-10-30,-1,0.005319581931531159,0.0053337560297743725,Calm,Calm
CPI,2013-10-30,2013-10-30,0,-0.004979146328194937,-0.004966770927279818,Calm,Calm
CPI,2013-10-30,2013-10-30,1,-0.0028408332769725834,-0.002836801928485344,Calm,Calm
CPI,2013-10-30,2013-10-30,2,0.0023867861928381557,0.0023896368345095453,Calm,Calm
CPI,2013-10-30,2013-10-30,3,0.0035123361501581264,0.0035185116307785425,Calm,Calm
CPI,2013-10-30,2013-10-30,4,-0.003171754723578538,-0.0031667300233413354,Calm,Calm
CPI,2013-10-30,2013-10-30,5,0.005092611985749716,0.005105601374780333,Calm,Calm
FOMC,2013-10-30,2013-10-30,-5,-0.004799944023494635,-0.004788442701439299,Calm,Calm
FOMC,2013-10-30,2013-10-30,-4,0.0033171209144282287,0.003322628648264603,Calm,Calm
FOMC,2013-10-30,2013-10-30,-3,0.004556862538760943,0.004567260825380837,Calm,Calm
FOMC,2013-10-30,2013-10-30,-2,0.0015903410346050373,0.0015916062975525058,Calm,Calm
FOMC,2013-10-30,2013-10-30,-1,0.005319581931531159,0.0053337560297743725,Calm,Calm
FOMC,2013-10-30,2013-10-30,0,-0.004979146328194937,-0.004966770927279818,Calm,Calm
FOMC,2013-10-30,2013-10-30,1,-0.0028408332769725834,-0.002836801928485344,Calm,Calm
FOMC,2013-10-30,2013-10-30,2,0.0023867861928381557,0.0023896368345095453,Calm,Calm
FOMC,2013-10-30,2013-10-30,3,0.0035123361501581264,0.0035185116307785425,Calm,Calm
FOMC,2013-10-30,2013-10-30,4,-0.003171754723578538,-0.0031667300233413354,Calm,Calm
FOMC,2013-10-30,2013-10-30,5,0.005092611985749716,0.005105601374780333,Calm,Calm
CPI,2013-11-20,2013-11-20,-5,0.007992758469891685,0.00802478583600652,Calm,Calm
CPI,2013-11-20,2013-11-20,-4,0.004976580214636954,0.004988983957491033,Calm,Calm
CPI,2013-11-20,2013-11-20,-3,0.0043413908178202565,0.004350828307271071,Calm,Calm
CPI,2013-11-20,2013-11-20,-2,-0.0035048890480956826,-0.0034987540940133455,Calm,Calm
CPI,2013-11-20,2013-11-20,-1,-0.0021759608633888676,-0.0021735951767409833,Calm,Calm
CPI,2013-11-20,2013-11-20,0,-0.003133034483615191,-0.0031281316526601266,Calm,Calm
CPI,2013-11-20,2013-11-20,1,0.008036057745314289,0.008068433523791052,Calm,Calm
CPI,2013-11-20,2013-11-20,2,0.0049900433262848876,0.0050025143274672335,Calm,Calm
CPI,2013-11-20,2013-11-20,3,-0.000995997697795081,-0.000995501856720593,Calm,Calm
CPI,2013-11-20,2013-11-20,4,0.0002769513890649983,0.0002769897436416535,Calm,Calm
CPI,2013-11-20,2013-11-20,5,0.0024321811479141955,0.002435141299871102,Calm,Calm
CPI,2013-12-17,2013-12-17,-5,-0.0035896220619488577,-0.003583187070706595,Calm,Calm
CPI,2013-12-17,2013-12-17,-4,-0.011294186865274551,-0.011230646972246738,Calm,Calm
CPI,2013-12-17,2013-12-17,-3,-0.0033068407491289612,-0.0033013791731049125,Calm,Calm
CPI,2013-12-17,2013-12-17,-2,-0.00011229353945925128,-0.0001122872347757431,Calm,Calm
CPI,2013-12-17,2013-12-17,-1,0.006212403010233832,0.00623174000815041,Calm,Calm
CPI,2013-12-17,2013-12-17,0,-0.0031853176282406453,-0.0031802498862615325,Calm,Calm
CPI,2013-12-17,2013-12-17,1,0.016928542360058335,0.017072642117838654,Calm,Calm
CPI,2013-12-17,2013-12-17,2,-0.0011563633612886935,-0.0011556950308128089,Calm,Calm
CPI,2013-12-17,2013-12-17,3,0.005799945573025422,0.005816797822306707,Calm,Calm
CPI,2013-12-17,2013-12-17,4,0.0053285826510523675,0.00534280479766025,Calm,Calm
CPI,2013-12-17,2013-12-17,5,0.0021883908513007375,0.0021907871262363265,Calm,Calm
FOMC,2013-12-18,2013-12-18,-5,-0.011294186865274551,-0.011230646972246738,Calm,Calm
FOMC,2013-12-18,2013-12-18,-4,-0.0033068407491289612,-0.0033013791731049125,Calm,Calm
FOMC,2013-12-18,2013-12-18,-3,-0.00011229353945925128,-0.0001122872347757431,Calm,Calm
FOMC,2013-12-18,2013-12-18,-2,0.006212403010233832,0.00623174000815041,Calm,Calm
FOMC,2013-12-18,2013-12-18,-1,-0.0031853176282406453,-0.0031802498862615325,Calm,Calm
FOMC,2013-12-18,2013-12-18,0,0.016928542360058335,0.017072642117838654,Calm,Calm
FOMC,2013-12-18,2013-12-18,1,-0.0011563633612886935,-0.0011556950308128089,Calm,Calm
FOMC,2013-12-18,2013-12-18,2,0.005799945573025422,0.005816797822306707,Calm,Calm
FOMC,2013-12-18,2013-12-18,3,0.0053285826510523675,0.00534280479766025,Calm,Calm
FOMC,2013-12-18,2013-12-18,4,0.0021883908513007375,0.0021907871262363265,Calm,Calm
FOMC,2013-12-18,2013-12-18,5,0.005071282314000895,0.005084163030867339,Calm,Calm
CPI,2014-01-16,2014-01-16,-5,0.0006537739354969678,0.0006539876922566634,Calm,Calm
CPI,2014-01-16,2014-01-16,-4,0.002718973614374269,0.002722673375556539,Calm,Calm
CPI,2014-01-16,2014-01-16,-3,-0.01339454976386997,-0.013305241972752957,Calm,Calm
CPI,2014-01-16,2014-01-16,-2,0.010838825023379812,0.010897777888063231,Calm,Calm
CPI,2014-01-16,2014-01-16,-1,0.005375775176340267,0.005390250582933076,Calm,Calm
CPI,2014-01-16,2014-01-16,0,-0.001300745989796434,-0.0012999003864095915,Calm,Calm
CPI,2014-01-16,2014-01-16,1,-0.004238278060427709,-0.0042293092352345685,Calm,Calm
CPI,2014-01-16,2014-01-16,2,0.0029361439107584188,0.0029404586031098745,Calm,Calm
CPI,2014-01-16,2014-01-16,3,0.0006512280548390052,0.0006514401498669553,Calm,Calm
CPI,2014-01-16,2014-01-16,4,-0.008227052112675817,-0.008193302536037228,Calm,Calm
CPI,2014-01-16,2014-01-16,5,-0.021567053809001008,-0.02133614787005922,Calm,Calm
FOMC,2014-01-29,2014-01-29,-5,0.0006512280548390052,0.0006514401498669553,Calm,Calm
FOMC,2014-01-29,2014-01-29,-4,-0.008227052112675817,-0.008193302536037228,Calm,Calm
FOMC,2014-01-29,2014-01-29,-3,-0.021567053809001008,-0.02133614787005922,Calm,Calm
FOMC,2014-01-29,2014-01-29,-2,-0.00493084513215481,-0.004918708471488231,Calm,Calm
FOMC,2014-01-29,2014-01-29,-1,0.005936553255534538,0.005954209509618336,Calm,Calm
FOMC,2014-01-29,2014-01-29,0,-0.009651026282400868,-0.009604604587277854,Calm,Calm
FOMC,2014-01-29,2014-01-29,1,0.010544420228806766,0.010600208540500367,Calm,Calm
FOMC,2014-01-29,2014-01-29,2,-0.0058757788508015385,-0.0058585502226355946,Calm,Calm
FOMC,2014-01-29,2014-01-29,3,-0.02276214292435957,-0.022505039783212055,Calm,Calm
FOMC,2014-01-29,2014-01-29,4,0.006979899072320873,0.007004315342493239,Calm,Calm
FOMC,2014-01-29,2014-01-29,5,-0.0012547885466351553,-0.00125400162865974,Calm,Calm
CPI,2014-02-20,2014-02-20,-5,0.000494545152391112,0.0004946674600063705,Calm,Calm
CPI,2014-02-20,2014-02-20,-4,0.005149783764997972,0.005163066693024909,Calm,Calm
CPI,2014-02-20,2014-02-20,-3,0.005503630089789652,0.005518802884250773,Calm,Calm
CPI,2014-02-20,2014-02-20,-2,0.0011943765644007042,0.0011950901161443817,Calm,Calm
CPI,2014-02-20,2014-02-20,-1,-0.006643605352815565,-0.00662158539772284,Calm,Calm
CPI,2014-02-20,2014-02-20,0,0.005883805373454635,0.005901148955025581,Calm,Calm
CPI,2014-02-20,2014-02-20,1,-0.0011415496633721688,-0.0011408983434167963,Calm,Calm
CPI,2014-02-20,2014-02-20,2,0.005531719487787464,0.005547047698787333,Calm,Calm
CPI,2014-02-20,2014-02-20,3,-0.0003787052279298878,-0.0003786335281563691,Calm,Calm
CPI,2014-02-20,2014-02-20,4,5.426922475906467e-05,5.42706973600815e-05,Calm,Calm
CPI,2014-02-20,2014-02-20,5,0.00523368742244129,0.005247407088831757,Calm,Calm
CPI,2014-03-18,2014-03-18,-5,-0.004955101402483447,-0.004942845139560559,Calm,Calm
CPI,2014-03-18,2014-03-18,-4,0.00026745264060750525,0.0002674884092537244,Calm,Calm
CPI,2014-03-18,2014-03-18,-3,-0.011276392721324606,-0.011213052511506949,Calm,Calm
CPI,2014-03-18,2014-03-18,-2,-0.0028120186661703957,-0.002808068645059447,Calm,Calm
CPI,2014-03-18,2014-03-18,-1,0.00900290684522035,0.00904355490303943,Calm,Calm
CPI,2014-03-18,2014-03-18,0,0.007112647092694103,0.0071380020449884896,Calm,Calm
CPI,2014-03-18,2014-03-18,1,-0.0053432476837766045,-0.005328997927161461,Calm,Calm
CPI,2014-03-18,2014-03-18,2,0.005822427346985279,0.005839410622387353,Calm,Calm
CPI,2014-03-18,2014-03-18,3,-0.003886185950848052,-0.003878644502545492,Calm,Calm
CPI,2014-03-18,2014-03-18,4,-0.004143689318066034,-0.004135116083178847,Calm,Calm
CPI,2014-03-18,2014-03-18,5,0.004734632975858575,0.004745859060704571,Calm,Calm
FOMC,2014-03-19,2014-03-19,-5,0.00026745264060750525,0.0002674884092537244,Calm,Calm
FOMC,2014-03-19,2014-03-19,-4,-0.011276392721324606,-0.011213052511506949,Calm,Calm
FOMC,2014-03-19,2014-03-19,-3,-0.0028120186661703957,-0.002808068645059447,Calm,Calm
FOMC,2014-03-19,2014-03-19,-2,0.00900290684522035,0.00904355490303943,Calm,Calm
FOMC,2014-03-19,2014-03-19,-1,0.007112647092694103,0.0071380020449884896,Calm,Calm
FOMC,2014-03-19,2014-03-19,0,-0.0053432476837766045,-0.005328997927161461,Calm,Calm
FOMC,2014-03-19,2014-03-19,1,0.005822427346985279,0.005839410622387353,Calm,Calm
FOMC,2014-03-19,2014-03-19,2,-0.003886185950848052,-0.003878644502545492,Calm,Calm
FOMC,2014-03-19,2014-03-19,3,-0.004143689318066034,-0.004135116083178847,Calm,Calm
FOMC,2014-03-19,2014-03-19,4,0.004734632975858575,0.004745859060704571,Calm,Calm
FOMC,2014-03-19,2014-03-19,5,-0.007218516687602894,-0.0071925257722386116,Calm,Calm
CPI,2014-04-15,2014-04-15,-5,0.004114286102528417,0.004122761396870844,Calm,Calm
CPI,2014-04-15,2014-04-15,-4,0.010693169386279068,0.010750545651044163,Calm,Calm
CPI,2014-04-15,2014-04-15,-3,-0.021229243407136427,-0.021005489194055205,Calm,Calm
CPI,2014-04-15,2014-04-15,-2,-0.009049761256630564,-0.009008935414757557,Calm,Calm
CPI,2014-04-15,2014-04-15,-1,0.007847691099300945,0.007878564937032095,Calm,Calm
CPI,2014-04-15,2014-04-15,0,0.00686405204033221,0.0068876636383683465,Calm,Calm
CPI,2014-04-15,2014-04-15,1,0.01042324174833109,0.010477752962501308,Calm,Calm
CPI,2014-04-15,2014-04-15,2,0.001395834943775434,0.0013968095747924902,Calm,Calm
CPI,2014-04-15,2014-04-15,3,0.003480937037293082,0.0034870025344511113,Calm,Calm
CPI,2014-04-15,2014-04-15,4,0.00453452307749446,0.004544819584631599,Calm,Calm
CPI,2014-04-15,2014-04-15,5,-0.0023447576214080754,-0.002342010824533558,Calm,Calm
FOMC,2014-04-30,2014-04-30,-5,-0.0023447576214080754,-0.002342010824533558,Calm,Calm
FOMC,2014-04-30,2014-04-30,-4,0.0020252781362871787,0.0020273303972844214,Calm,Calm
FOMC,2014-04-30,2014-04-30,-3,-0.008232555614038262,-0.008198760930527849,Calm,Calm
FOMC,2014-04-30,2014-04-30,-2,0.003161898857848628,0.003166902932778548,Calm,Calm
FOMC,2014-04-30,2014-04-30,-1,0.0046443924553156764,0.004655194362245929,Calm,Calm
FOMC,2014-04-30,2014-04-30,0,0.002978452303722577,0.0029828922997965357,Calm,Calm
FOMC,2014-04-30,2014-04-30,1,0.00010596822065693684,0.00010597383548716088,Calm,Calm
FOMC,2014-04-30,2014-04-30,2,-0.0014346520359261163,-0.001433623414657359,Calm,Calm
FOMC,2014-04-30,2014-04-30,3,0.0019129086690875083,0.0019147394460592437,Calm,Calm
FOMC,2014-04-30,2014-04-30,4,-0.008742237385105319,-0.00870413514165147,Calm,Calm
FOMC,2014-04-30,2014-04-30,5,0.005871848835588904,0.005889121931749841,Calm,Calm
CPI,2014-05-15,2014-05-15,-5,-0.0010654189813644006,-0.0010648516240704398,Calm,Calm
CPI,2014-05-15,2014-05-15,-4,0.0014915873579602866,0.0014927003276785644,Calm,Calm
CPI,2014-05-15,2014-05-15,-3,0.009689011125322694,0.009736101557312526,Calm,Calm
CPI,2014-05-15,2014-05-15,-2,0.0008948798550027983,0.0008952803794450848,Calm,Calm
CPI,2014-05-15,2014-05-15,-1,-0.004748799595182241,-0.004737541873655604,Calm,Calm
CPI,2014-05-15,2014-05-15,0,-0.008819596041627025,-0.008780817491912396,Calm,Calm
CPI,2014-05-15,2014-05-15,1,0.0034628071137089065,0.003468809556696595,Calm,Calm
CPI,2014-05-15,2014-05-15,2,0.0036624437460350736,0.0036691586883284,Calm,Calm
CPI,2014-05-15,2014-05-15,3,-0.006324762063945902,-0.006304802857609149,Calm,Calm
CPI,2014-05-15,2014-05-15,4,0.008389217641263906,0.008424505738396704,Calm,Calm
CPI,2014-05-15,2014-05-15,5,0.002429414548887766,0.0024323679676214738,Calm,Calm
CPI,2014-06-17,2014-06-17,-5,0.00010260314122823654,0.00010260840511056024,Calm,Calm
CPI,2014-06-17,2014-06-17,-4,-0.0034828160595317265,-0.0034767580906506224,Calm,Calm
CPI,2014-06-17,2014-06-17,-3,-0.007104953045816415,-0.007079772537659679,Calm,Calm
CPI,2014-06-17,2014-06-17,-2,0.0030436348242355404,0.0030482713835116027,Calm,Calm
CPI,2014-06-17,2014-06-17,-1,0.0008240576757747175,0.0008243973045860553,Calm,Calm
CPI,2014-06-17,2014-06-17,0,0.0027757238700414854,0.0027795797583445303,Calm,Calm
CPI,2014-06-17,2014-06-17,1,0.007312642649754301,0.00733944531395192,Calm,Calm
CPI,2014-06-17,2014-06-17,2,0.0011205323876927937,0.0011211604186631696,Calm,Calm
CPI,2014-06-17,2014-06-17,3,0.0020281442297259405,0.0020302023053571094,Calm,Calm
CPI,2014-06-17,2014-06-17,4,-0.00030603109033946736,-0.0003059842676018665,Calm,Calm
CPI,2014-06-17,2014-06-17,5,-0.006042662307838859,-0.0060244421418650385,Calm,Calm
FOMC,2014-06-18,2014-06-18,-5,-0.0034828160595317265,-0.0034767580906506224,Calm,Calm
FOMC,2014-06-18,2014-06-18,-4,-0.007104953045816415,-0.007079772537659679,Calm,Calm
FOMC,2014-06-18,2014-06-18,-3,0.0030436348242355404,0.0030482713835116027,Calm,Calm
FOMC,2014-06-18,2014-06-18,-2,0.0008240576757747175,0.0008243973045860553,Calm,Calm
FOMC,2014-06-18,2014-06-18,-1,0.0027757238700414854,0.0027795797583445303,Calm,Calm
FOMC,2014-06-18,2014-06-18,0,0.007312642649754301,0.00733944531395192,Calm,Calm
FOMC,2014-06-18,2014-06-18,1,0.0011205323876927937,0.0011211604186631696,Calm,Calm
FOMC,2014-06-18,2014-06-18,2,0.0020281442297259405,0.0020302023053571094,Calm,Calm
FOMC,2014-06-18,2014-06-18,3,-0.00030603109033946736,-0.0003059842676018665,Calm,Calm
FOMC,2014-06-18,2014-06-18,4,-0.006042662307838859,-0.0060244421418650385,Calm,Calm
FOMC,2014-06-18,2014-06-18,5,0.004509577708898191,0.004519761156382751,Calm,Calm
CPI,2014-07-22,2014-07-22,-5,-0.0018741410351771383,-0.0018723859294770273,Calm,Calm
CPI,2014-07-22,2014-07-22,-4,0.003694002757614168,0.003700833994747077,Calm,Calm
CPI,2014-07-22,2014-07-22,-3,-0.011430636895763529,-0.011365555376276704,Calm,Calm
CPI,2014-07-22,2014-07-22,-2,0.010167145805471182,0.010219006842947298,Calm,Calm
CPI,2014-07-22,2014-07-22,-1,-0.0018733805995063088,-0.0018716269173466582,Calm,Calm
CPI,2014-07-22,2014-07-22,0,0.00434852593193457,0.004357994490607586,Calm,Calm
CPI,2014-07-22,2014-07-22,1,0.0022178414011303576,0.0022203026305731566,Calm,Calm
CPI,2014-07-22,2014-07-22,2,5.022484991697388e-05,5.02261112058644e-05,Calm,Calm
CPI,2014-07-22,2014-07-22,3,-0.0046923739152001185,-0.004681381928278494,Calm,Calm
CPI,2014-07-22,2014-07-22,4,0.0004044439569652663,0.0004045257554496917,Calm,Calm
CPI,2014-07-22,2014-07-22,5,-0.00430677354699605,-0.004297512697367667,Calm,Calm
FOMC,2014-07-30,2014-07-30,-5,0.0022178414011303576,0.0022203026305731566,Calm,Calm
FOMC,2014-07-30,2014-07-30,-4,5.022484991697388e-05,5.02261112058644e-05,Calm,Calm
FOMC,2014-07-30,2014-07-30,-3,-0.0046923739152001185,-0.004681381928278494,Calm,Calm
FOMC,2014-07-30,2014-07-30,-2,0.0004044439569652663,0.0004045257554496917,Calm,Calm
FOMC,2014-07-30,2014-07-30,-1,-0.00430677354699605,-0.004297512697367667,Calm,Calm
FOMC,2014-07-30,2014-07-30,0,0.00015281022714769228,0.00015282190322518652,Calm,Calm
FOMC,2014-07-30,2014-07-30,1,-0.019945846742640563,-0.019748244304946594,Calm,Calm
FOMC,2014-07-30,2014-07-30,2,-0.003060810400254659,-0.0030561308956778,Calm,Calm
FOMC,2014-07-30,2014-07-30,3,0.00719518296581339,0.007221130489831085,Calm,Calm
FOMC,2014-07-30,2014-07-30,4,-0.009743711825814868,-0.009696395668777558,Calm,Calm
FOMC,2014-07-30,2014-07-30,5,0.0003122952768477301,0.0003123440460943705,Calm,Calm
CPI,2014-08-19,2014-08-19,-5,-0.0013939213436828632,-0.0013929502865714927,Calm,Calm
CPI,2014-08-19,2014-08-19,-4,0.00674574214519883,0.006768545911014057,Calm,Calm
CPI,2014-08-19,2014-08-19,-3,0.004710892380297485,0.00472200607876605,Calm,Calm
CPI,2014-08-19,2014-08-19,-2,-0.00020454667094582153,-0.00020452575270180073,Calm,Calm
CPI,2014-08-19,2014-08-19,-1,0.008344842844342162,0.008379758098584711,Calm,Calm
CPI,2014-08-19,2014-08-19,0,0.0052051541325856135,0.005218724482395132,Calm,Calm
CPI,2014-08-19,2014-08-19,1,0.002668343076594096,0.002671906272552871,Calm,Calm
CPI,2014-08-19,2014-08-19,2,0.0029110412855102123,0.0029152824806260025,Calm,Calm
CPI,2014-08-19,2014-08-19,3,-0.0015548647971779716,-0.0015536566211737934,Calm,Calm
CPI,2014-08-19,2014-08-19,4,0.005057327014186287,0.005070136877903142,Calm,Calm
CPI,2014-08-19,2014-08-19,5,0.0006496861798247944,0.0006498972716029172,Calm,Calm
FOMC,2014-09-17,2014-09-17,-5,0.003755451279737086,0.0037625118226358722,Calm,Calm
FOMC,2014-09-17,2014-09-17,-4,0.0011492606108472682,0.0011499212638863554,Calm,Calm
FOMC,2014-09-17,2014-09-17,-3,-0.005858448277210764,-0.0058413210317851405,Calm,Calm
FOMC,2014-09-17,2014-09-17,-2,-0.0007535042087721639,-0.0007532203957650863,Calm,Calm
FOMC,2014-09-17,2014-09-17,-1,0.007510078005535752,0.00753834937043063,Calm,Calm
FOMC,2014-09-17,2014-09-17,0,0.0013460021797697744,0.0013469084472708115,Calm,Calm
FOMC,2014-09-17,2014-09-17,1,0.005315700806958971,0.005329854211802321,Calm,Calm
FOMC,2014-09-17,2014-09-17,2,-0.0009013908685713463,-0.0009009847378590452,Calm,Calm
FOMC,2014-09-17,2014-09-17,3,-0.007752808691449351,-0.007722833184956923,Calm,Calm
FOMC,2014-09-17,2014-09-17,4,-0.005740711905040932,-0.005724265504850945,Calm,Calm
FOMC,2014-09-17,2014-09-17,5,0.007797084084325672,0.00782756050200506,Calm,Calm
CPI,2014-09-17,2014-09-17,-5,0.003755451279737086,0.0037625118226358722,Calm,Calm
CPI,2014-09-17,2014-09-17,-4,0.0011492606108472682,0.0011499212638863554,Calm,Calm
CPI,2014-09-17,2014-09-17,-3,-0.005858448277210764,-0.0058413210317851405,Calm,Calm
CPI,2014-09-17,2014-09-17,-2,-0.0007535042087721639,-0.0007532203957650863,Calm,Calm
CPI,2014-09-17,2014-09-17,-1,0.007510078005535752,0.00753834937043063,Calm,Calm
CPI,2014-09-17,2014-09-17,0,0.0013460021797697744,0.0013469084472708115,Calm,Calm
CPI,2014-09-17,2014-09-17,1,0.005315700806958971,0.005329854211802321,Calm,Calm
CPI,2014-09-17,2014-09-17,2,-0.0009013908685713463,-0.0009009847378590452,Calm,Calm
CPI,2014-09-17,2014-09-17,3,-0.007752808691449351,-0.007722833184956923,Calm,Calm
CPI,2014-09-17,2014-09-17,4,-0.005740711905040932,-0.005724265504850945,Calm,Calm
CPI,2014-09-17,2014-09-17,5,0.007797084084325672,0.00782756050200506,Calm,Calm
CPI,2014-10-22,2014-10-22,-5,-0.006788868665850601,-0.006765876356980338,Choppy,Choppy
CPI,2014-10-22,2014-10-22,-4,-0.0008587959350558911,-0.0008584272753688893,Choppy,Choppy
CPI,2014-10-22,2014-10-22,-3,0.011741872833109979,0.01181107922756719,Choppy,Choppy
CPI,2014-10-22,2014-10-22,-2,0.009662684097137246,0.009709518556434205,Choppy,Choppy
CPI,2014-10-22,2014-10-22,-1,0.019617498141911043,0.01981118574069729,Choppy,Choppy
CPI,2014-10-22,2014-10-22,0,-0.00713655360178463,-0.007111148873122142,Choppy,Choppy
CPI,2014-10-22,2014-10-22,1,0.011557713562678878,0.011624761993952015,Choppy,Choppy
CPI,2014-10-22,2014-10-22,2,0.007665924326212468,0.007695382751340185,Choppy,Choppy
CPI,2014-10-22,2014-10-22,3,-0.0013754533941258812,-0.0013745078916540532,Choppy,Choppy
CPI,2014-10-22,2014-10-22,4,0.011404654067281042,0.011469935067517145,Choppy,Choppy
CPI,2014-10-22,2014-10-22,5,-0.0015133011040127967,-0.001512156641275464,Choppy,Choppy
FOMC,2014-10-29,2014-10-29,-5,-0.00713655360178463,-0.007111148873122142,Calm,Calm
FOMC,2014-10-29,2014-10-29,-4,0.011557713562678878,0.011624761993952015,Calm,Calm
FOMC,2014-10-29,2014-10-29,-3,0.007665924326212468,0.007695382751340185,Calm,Calm
FOMC,2014-10-29,2014-10-29,-2,-0.0013754533941258812,-0.0013745078916540532,Calm,Calm
FOMC,2014-10-29,2014-10-29,-1,0.011404654067281042,0.011469935067517145,Calm,Calm
FOMC,2014-10-29,2014-10-29,0,-0.0015133011040127967,-0.001512156641275464,Calm,Calm
FOMC,2014-10-29,2014-10-29,1,0.006389987519407293,0.006410447045145595,Calm,Calm
FOMC,2014-10-29,2014-10-29,2,0.011371175688886848,0.01143607326111895,Calm,Calm
FOMC,2014-10-29,2014-10-29,3,0.0005450238102924306,0.0005451723627563076,Calm,Calm
FOMC,2014-10-29,2014-10-29,4,-0.003475181125322904,-0.003469149672216232,Calm,Calm
FOMC,2014-10-29,2014-10-29,5,0.006296487093180656,0.006316351638436801,Calm,Calm
CPI,2014-11-20,2014-11-20,-5,0.0011270108925285935,0.0011276462079512495,Calm,Calm
CPI,2014-11-20,2014-11-20,-4,0.0002448619932759956,0.00024489197442090216,Calm,Calm
CPI,2014-11-20,2014-11-20,-3,0.0006360524987654673,0.0006362548230500753,Calm,Calm
CPI,2014-11-20,2014-11-20,-2,0.005757807992576488,0.005774416029010965,Calm,Calm
CPI,2014-11-20,2014-11-20,-1,-0.0016070272797211575,-0.0016057367028056158,Calm,Calm
CPI,2014-11-20,2014-11-20,0,0.0017524929291297935,0.0017540294423081804,Calm,Calm
CPI,2014-11-20,2014-11-20,1,0.005336840070090361,0.005351106368751024,Calm,Calm
CPI,2014-11-20,2014-11-20,2,0.0028021083322230804,0.0028060379072836206,Calm,Calm
CPI,2014-11-20,2014-11-20,3,-0.0007240557199833733,-0.000723793654894278,Calm,Calm
CPI,2014-11-20,2014-11-20,4,0.0025560408366461372,0.0025593102940542067,Calm,Calm
CPI,2014-11-20,2014-11-20,5,-0.0021216517963811438,-0.002119402684100824,Calm,Calm
CPI,2014-12-17,2014-12-17,-5,-0.016161208247560857,-0.01603131659824575,Choppy,Calm
CPI,2014-12-17,2014-12-17,-4,0.0050569588635506965,0.005069766860761549,Choppy,Calm
CPI,2014-12-17,2014-12-17,-3,-0.01629380754026572,-0.01616178149974057,Choppy,Calm
CPI,2014-12-17,2014-12-17,-2,-0.006893071010453027,-0.006869368289258437,Choppy,Calm
CPI,2014-12-17,2014-12-17,-1,-0.008051864788083308,-0.008019535353736118,Choppy,Calm
CPI,2014-12-17,2014-12-17,0,0.019415212638633494,0.019604913585378414,Choppy,Calm
CPI,2014-12-17,2014-12-17,1,0.024427966577458566,0.024728773727823006,Choppy,Calm
CPI,2014-12-17,2014-12-17,2,0.004246064608866875,0.004255091913515585,Choppy,Calm
CPI,2014-12-17,2014-12-17,3,0.004589366081820667,0.004599913351257978,Choppy,Calm
CPI,2014-12-17,2014-12-17,4,0.0013487312173726313,0.0013496411643663109,Choppy,Calm
CPI,2014-12-17,2014-12-17,5,9.604666864459234e-05,9.60512812735459e-05,Choppy,Calm
FOMC,2014-12-17,2014-12-17,-5,-0.016161208247560857,-0.01603131659824575,Choppy,Calm
FOMC,2014-12-17,2014-12-17,-4,0.0050569588635506965,0.005069766860761549,Choppy,Calm
FOMC,2014-12-17,2014-12-17,-3,-0.01629380754026572,-0.01616178149974057,Choppy,Calm
FOMC,2014-12-17,2014-12-17,-2,-0.006893071010453027,-0.006869368289258437,Choppy,Calm
FOMC,2014-12-17,2014-12-17,-1,-0.008051864788083308,-0.008019535353736118,Choppy,Calm
FOMC,2014-12-17,2014-12-17,0,0.019415212638633494,0.019604913585378414,Choppy,Calm
FOMC,2014-12-17,2014-12-17,1,0.024427966577458566,0.024728773727823006,Choppy,Calm
FOMC,2014-12-17,2014-12-17,2,0.004246064608866875,0.004255091913515585,Choppy,Calm
FOMC,2014-12-17,2014-12-17,3,0.004589366081820667,0.004599913351257978,Choppy,Calm
FOMC,2014-12-17,2014-12-17,4,0.0013487312173726313,0.0013496411643663109,Choppy,Calm
FOMC,2014-12-17,2014-12-17,5,9.604666864459234e-05,9.60512812735459e-05,Choppy,Calm
CPI,2015-01-16,2015-01-16,-5,-0.008045832253301105,-0.00801355117903002,Calm,Calm
CPI,2015-01-16,2015-01-16,-4,-0.007864391193609259,-0.007833547777045813,Calm,Calm
CPI,2015-01-16,2015-01-16,-3,-0.0028166361475965448,-0.002812673149650169,Calm,Calm
CPI,2015-01-16,2015-01-16,-2,-0.006055590684860236,-0.006037292549559425,Calm,Calm
CPI,2015-01-16,2015-01-16,-1,-0.009202972645746923,-0.009160754901830326,Calm,Calm
CPI,2015-01-16,2015-01-16,0,0.0130289537961056,0.013114200437146284,Calm,Calm
CPI,2015-01-16,2015-01-16,1,0.002130402416309485,0.002132673335908386,Calm,Calm
CPI,2015-01-16,2015-01-16,2,0.005035533584608126,0.005048233191333074,Calm,Calm
CPI,2015-01-16,2015-01-16,3,0.014761084256080397,0.014870567092115428,Calm,Calm
CPI,2015-01-16,2015-01-16,4,-0.00549781358065353,-0.005482728261654746,Calm,Calm
CPI,2015-01-16,2015-01-16,5,0.002339332314749559,0.0023420706874939246,Calm,Calm
FOMC,2015-01-28,2015-01-28,-5,0.005035533584608126,0.005048233191333074,Calm,Choppy
FOMC,2015-01-28,2015-01-28,-4,0.014761084256080397,0.014870567092115428,Calm,Choppy
FOMC,2015-01-28,2015-01-28,-3,-0.00549781358065353,-0.005482728261654746,Calm,Choppy
FOMC,2015-01-28,2015-01-28,-2,0.002339332314749559,0.0023420706874939246,Calm,Choppy
FOMC,2015-01-28,2015-01-28,-1,-0.01327796513078894,-0.013190201820598713,Calm,Choppy
FOMC,2015-01-28,2015-01-28,0,-0.012907618448309949,-0.01282467240347962,Calm,Choppy
FOMC,2015-01-28,2015-01-28,1,0.009201147974790798,0.009243608665935987,Calm,Choppy
FOMC,2015-01-28,2015-01-28,2,-0.012654561609151158,-0.012574829324465853,Calm,Choppy
FOMC,2015-01-28,2015-01-28,3,0.012308142615065281,0.012384199521818573,Calm,Choppy
FOMC,2015-01-28,2015-01-28,4,0.014357216347622527,0.014460776195094782,Calm,Choppy
FOMC,2015-01-28,2015-01-28,5,-0.003815120780415441,-0.0038078524532507707,Calm,Choppy
CPI,2015-02-26,2015-02-26,-5,-0.0007143656922677493,-0.0007141105938447412,Calm,Calm
CPI,2015-02-26,2015-02-26,-4,0.005982899266093976,0.006000832554422297,Calm,Calm
CPI,2015-02-26,2015-02-26,-3,-0.00014183746357684173,-0.00014182740511936576,Calm,Calm
CPI,2015-02-26,2015-02-26,-2,0.0028366744868727283,0.0028407016549663044,Calm,Calm
CPI,2015-02-26,2015-02-26,-1,-0.0008506017863080356,-0.000850240127158508,Calm,Calm
CPI,2015-02-26,2015-02-26,0,-0.0011816341097269478,-0.0011809362550390112,Calm,Calm
CPI,2015-02-26,2015-02-26,1,-0.0034117749081591874,-0.003405961417467074,Calm,Calm
CPI,2015-02-26,2015-02-26,2,0.006293455101438423,0.0063133005001940745,Calm,Calm
CPI,2015-02-26,2015-02-26,3,-0.00411279921341035,-0.004104353237560421,Calm,Calm
CPI,2015-02-26,2015-02-26,4,-0.004224172097224288,-0.004215262831442801,Calm,Calm
CPI,2015-02-26,2015-02-26,5,0.0010934591470045996,0.001094057191416864,Calm,Calm
FOMC,2015-03-18,2015-03-18,-5,-0.002344522842170521,-0.0023417765951240233,Calm,Calm
FOMC,2015-03-18,2015-03-18,-4,0.012634159233526366,0.012714307402533764,Calm,Calm
FOMC,2015-03-18,2015-03-18,-3,-0.006151203116916248,-0.006132323198263623,Calm,Calm
FOMC,2015-03-18,2015-03-18,-2,0.013271820108911488,0.013360281628663984,Calm,Calm
FOMC,2015-03-18,2015-03-18,-1,-0.0029767049231279223,-0.002972278929742833,Calm,Calm
FOMC,2015-03-18,2015-03-18,0,0.011949978678719188,0.012021664939105392,Calm,Calm
FOMC,2015-03-18,2015-03-18,1,-0.0045721241806477,-0.004561687932218894,Calm,Calm
FOMC,2015-03-18,2015-03-18,2,0.008788202388471819,0.008826932010530752,Calm,Calm
FOMC,2015-03-18,2015-03-18,3,-0.0019501039939036964,-0.0019482037765180538,Calm,Calm
FOMC,2015-03-18,2015-03-18,4,-0.005635325367613192,-0.005619476706376747,Calm,Calm
FOMC,2015-03-18,2015-03-18,5,-0.014762032361375346,-0.014653607739922858,Calm,Calm
CPI,2015-03-24,2015-03-24,-5,-0.0029767049231279223,-0.002972278929742833,Calm,Calm
CPI,2015-03-24,2015-03-24,-4,0.011949978678719188,0.012021664939105392,Calm,Calm
CPI,2015-03-24,2015-03-24,-3,-0.0045721241806477,-0.004561687932218894,Calm,Calm
CPI,2015-03-24,2015-03-24,-2,0.008788202388471819,0.008826932010530752,Calm,Calm
CPI,2015-03-24,2015-03-24,-1,-0.0019501039939036964,-0.0019482037765180538,Calm,Calm
CPI,2015-03-24,2015-03-24,0,-0.005635325367613192,-0.005619476706376747,Calm,Calm
CPI,2015-03-24,2015-03-24,1,-0.014762032361375346,-0.014653607739922858,Calm,Calm
CPI,2015-03-24,2015-03-24,2,-0.002384389021037907,-0.002381548623522134,Calm,Calm
CPI,2015-03-24,2015-03-24,3,0.002287210982057016,0.0022898286444301696,Calm,Calm
CPI,2015-03-24,2015-03-24,4,0.012125918347254504,0.012199735359751385,Calm,Calm
CPI,2015-03-24,2015-03-24,5,-0.008778276912547317,-0.008739860332412808,Calm,Calm
CPI,2015-04-17,2015-04-17,-5,0.0054426305431732195,0.005457468563862422,Calm,Calm
CPI,2015-04-17,2015-04-17,-4,-0.004533509729696374,-0.00452324888619593,Calm,Calm
CPI,2015-04-17,2015-04-17,-3,0.0019113011431250964,0.0019131288433980043,Calm,Calm
CPI,2015-04-17,2015-04-17,-2,0.004476929548402725,0.004486965969353829,Calm,Calm
CPI,2015-04-17,2015-04-17,-1,-0.0002848294593072209,-0.0002847888992477676,Calm,Calm
CPI,2015-04-17,2015-04-17,0,-0.011570388682499504,-0.01150370915249821,Calm,Calm
CPI,2015-04-17,2015-04-17,1,0.00909505334603909,0.009136539019812151,Calm,Calm
CPI,2015-04-17,2015-04-17,2,-0.0011917901719063137,-0.00119108027204462,Calm,Calm
CPI,2015-04-17,2015-04-17,3,0.004902107331447718,0.004914142317153258,Calm,Calm
CPI,2015-04-17,2015-04-17,4,0.0025130902732323126,0.0025162507315441562,Calm,Calm
CPI,2015-04-17,2015-04-17,5,0.0023175234774474927,0.002320211010721218,Calm,Calm
FOMC,2015-04-29,2015-04-29,-5,0.004902107331447718,0.004914142317153258,Calm,Calm
FOMC,2015-04-29,2015-04-29,-4,0.0025130902732323126,0.0025162507315441562,Calm,Calm
FOMC,2015-04-29,2015-04-29,-3,0.0023175234774474927,0.002320211010721218,Calm,Calm
FOMC,2015-04-29,2015-04-29,-2,-0.004166261424685359,-0.004157594597822389,Calm,Calm
FOMC,2015-04-29,2015-04-29,-1,0.003174103655258889,0.003179146456312232,Calm,Calm
FOMC,2015-04-29,2015-04-29,0,-0.004123450466204678,-0.004114960717359284,Calm,Calm
FOMC,2015-04-29,2015-04-29,1,-0.010070937068875619,-0.010020394993138892,Calm,Calm
FOMC,2015-04-29,2015-04-29,2,0.010783009893929493,0.010841356072339492,Calm,Calm
FOMC,2015-04-29,2015-04-29,3,0.0028436656500877996,0.002847712702497951,Calm,Calm
FOMC,2015-04-29,2015-04-29,4,-0.01151824785896837,-0.011452166798117225,Calm,Calm
FOMC,2015-04-29,2015-04-29,5,-0.004125020906648901,-0.004116524694274704,Calm,Calm
CPI,2015-05-22,2015-05-22,-5,0.0010830273259049875,0.0010836140117791437,Calm,Calm
CPI,2015-05-22,2015-05-22,-4,0.003102279252633858,0.0031070963009027786,Calm,Calm
CPI,2015-05-22,2015-05-22,-3,-0.00032870421445435323,-0.000328650197142788,Calm,Calm
CPI,2015-05-22,2015-05-22,-2,-0.0007045209491008517,-0.0007042728324881953,Calm,Calm
CPI,2015-05-22,2015-05-22,-1,0.0029084217626197863,0.0029126553245273357,Calm,Calm
CPI,2015-05-22,2015-05-22,0,-0.0023917187983793155,-0.002388860917843627,Calm,Calm
CPI,2015-05-22,2015-05-22,1,-0.010809890110265724,-0.010751673209765444,Calm,Calm
CPI,2015-05-22,2015-05-22,2,0.00944734777679146,0.009492114832389209,Calm,Calm
CPI,2015-05-22,2015-05-22,3,-0.001129101347180372,-0.0011284641520961092,Calm,Calm
CPI,2015-05-22,2015-05-22,4,-0.0062321238103041,-0.0062127444058923675,Calm,Calm
CPI,2015-05-22,2015-05-22,5,0.0020344417817402304,0.0020365126625458974,Calm,Calm
FOMC,2015-06-17,2015-06-17,-5,0.011921472804743087,0.011992816788236382,Calm,Calm
FOMC,2015-06-17,2015-06-17,-4,0.0032186401423059613,0.003223825526291302,Calm,Calm
FOMC,2015-06-17,2015-06-17,-3,-0.007684334886358723,-0.007654885865361338,Calm,Calm
FOMC,2015-06-17,2015-06-17,-2,-0.004294562995080786,-0.004285354546225584,Calm,Calm
FOMC,2015-06-17,2015-06-17,-1,0.00543647981162554,0.005451284283909619,Calm,Calm
FOMC,2015-06-17,2015-06-17,0,0.0016161471392912052,0.001617453808907765,Calm,Calm
FOMC,2015-06-17,2015-06-17,1,0.010345433209675988,0.010399132223921859,Calm,Calm
FOMC,2015-06-17,2015-06-17,2,-0.004448936539158771,-0.004439054681012133,Calm,Calm
FOMC,2015-06-17,2015-06-17,3,0.005110196662326033,0.005123275987106268,Calm,Calm
FOMC,2015-06-17,2015-06-17,4,0.0007076575826995287,0.0007079080314005282,Calm,Calm
FOMC,2015-06-17,2015-06-17,5,-0.007289545898968359,-0.007263041599799291,Calm,Calm
CPI,2015-06-18,2015-06-18,-5,0.0032186401423059613,0.003223825526291302,Calm,Calm
CPI,2015-06-18,2015-06-18,-4,-0.007684334886358723,-0.007654885865361338,Calm,Calm
CPI,2015-06-18,2015-06-18,-3,-0.004294562995080786,-0.004285354546225584,Calm,Calm
CPI,2015-06-18,2015-06-18,-2,0.00543647981162554,0.005451284283909619,Calm,Calm
CPI,2015-06-18,2015-06-18,-1,0.0016161471392912052,0.001617453808907765,Calm,Calm
CPI,2015-06-18,2015-06-18,0,0.010345433209675988,0.010399132223921859,Calm,Calm
CPI,2015-06-18,2015-06-18,1,-0.004448936539158771,-0.004439054681012133,Calm,Calm
CPI,2015-06-18,2015-06-18,2,0.005110196662326033,0.005123275987106268,Calm,Calm
CPI,2015-06-18,2015-06-18,3,0.0007076575826995287,0.0007079080314005282,Calm,Calm
CPI,2015-06-18,2015-06-18,4,-0.007289545898968359,-0.007263041599799291,Calm,Calm
CPI,2015-06-18,2015-06-18,5,-0.003044793049966883,-0.003040162368622701,Calm,Calm
CPI,2015-07-17,2015-07-17,-5,0.012512659170923217,0.012591270025461121,Calm,Calm
CPI,2015-07-17,2015-07-17,-4,0.01097697794820311,0.011037446020334185,Calm,Calm
CPI,2015-07-17,2015-07-17,-3,0.004328507374916487,0.0043378888940714955,Calm,Calm
CPI,2015-07-17,2015-07-17,-2,-0.00033217105546066376,-0.000332115892763607,Calm,Calm
CPI,2015-07-17,2015-07-17,-1,0.007992198353592692,0.008024221225052308,Calm,Calm
CPI,2015-07-17,2015-07-17,0,0.0008477134485174118,0.0008480728591147013,Calm,Calm
CPI,2015-07-17,2015-07-17,1,0.0005172308322696481,0.0005173646192018211,Calm,Calm
CPI,2015-07-17,2015-07-17,2,-0.003958870245361716,-0.003951044249325686,Calm,Calm
CPI,2015-07-17,2015-07-17,3,-0.0017962169350922742,-0.0017946047029040457,Calm,Calm
CPI,2015-07-17,2015-07-17,4,-0.0056458647813802405,-0.005629956838926309,Calm,Calm
CPI,2015-07-17,2015-07-17,5,-0.01042644928753732,-0.010372282285122547,Calm,Calm
FOMC,2015-07-29,2015-07-29,-5,-0.0017962169350922742,-0.0017946047029040457,Calm,Calm
FOMC,2015-07-29,2015-07-29,-4,-0.0056458647813802405,-0.005629956838926309,Calm,Calm
FOMC,2015-07-29,2015-07-29,-3,-0.01042644928753732,-0.010372282285122547,Calm,Calm
FOMC,2015-07-29,2015-07-29,-2,-0.00583426095135732,-0.00581727470105986,Calm,Calm
FOMC,2015-07-29,2015-07-29,-1,0.01220795806562533,0.012282779347381423,Calm,Calm
FOMC,2015-07-29,2015-07-29,0,0.0068556351900594245,0.0068791888513275445,Calm,Calm
FOMC,2015-07-29,2015-07-29,1,0.00023745500308987774,0.000237483197760735,Calm,Calm
FOMC,2015-07-29,2015-07-29,2,-0.0015190569137502636,-0.0015179037307874177,Calm,Calm
FOMC,2015-07-29,2015-07-29,3,-0.003378784233320631,-0.0033730825652493746,Calm,Calm
FOMC,2015-07-29,2015-07-29,4,-0.0019559863715794216,-0.0019540746768559325,Calm,Calm
FOMC,2015-07-29,2015-07-29,5,0.003289891957385818,0.0032953095914458608,Calm,Calm
CPI,2015-08-19,2015-08-19,-5,0.001197423479697641,0.001198140677427073,Calm,Calm
CPI,2015-08-19,2015-08-19,-4,-0.001245451738169434,-0.001244676485033569,Calm,Calm
CPI,2015-08-19,2015-08-19,-3,0.00363556995525481,0.00364218665576721,Calm,Calm
CPI,2015-08-19,2015-08-19,-2,0.005571383066702198,0.005586932084439722,Calm,Calm
CPI,2015-08-19,2015-08-19,-1,-0.0029006449861872906,-0.002896442180117531,Calm,Calm
CPI,2015-08-19,2015-08-19,0,-0.007937137707980579,-0.007905721802884957,Calm,Calm
CPI,2015-08-19,2015-08-19,1,-0.021102426178515713,-0.02088132795063391,Calm,Calm
CPI,2015-08-19,2015-08-19,2,-0.03056474093581371,-0.03010236204616701,Calm,Calm
CPI,2015-08-19,2015-08-19,3,-0.043019488134504985,-0.042107277657082665,Calm,Calm
CPI,2015-08-19,2015-08-19,4,-0.011837166380457531,-0.01176738274472977,Calm,Calm
CPI,2015-08-19,2015-08-19,5,0.037675087908502713,0.038393791363502405,Calm,Calm
CPI,2015-09-16,2015-09-16,-5,-0.013461621273422325,-0.013371418860324558,Choppy,Choppy
CPI,2015-09-16,2015-09-16,-4,0.005426789066213733,0.005441540758700736,Choppy,Choppy
CPI,2015-09-16,2015-09-16,-3,0.004534220559924812,0.004544515692220141,Choppy,Choppy
CPI,2015-09-16,2015-09-16,-2,-0.003717311390044964,-0.0037104107413278298,Choppy,Choppy
CPI,2015-09-16,2015-09-16,-1,0.012421687564997577,0.012499157161371732,Choppy,Choppy
CPI,2015-09-16,2015-09-16,0,0.008629536924427327,0.008666878715023696,Choppy,Choppy
CPI,2015-09-16,2015-09-16,1,-0.0022503958643563713,-0.002247865621954781,Choppy,Choppy
CPI,2015-09-16,2015-09-16,2,-0.016476738014811924,-0.016341739031567326,Choppy,Choppy
CPI,2015-09-16,2015-09-16,3,0.005154447560690293,0.005167754579137096,Choppy,Choppy
CPI,2015-09-16,2015-09-16,4,-0.013064763223775405,-0.012979789660427343,Choppy,Choppy
CPI,2015-09-16,2015-09-16,5,-0.001599936756239179,-0.0015986575397399783,Choppy,Choppy
FOMC,2015-09-17,2015-09-17,-5,0.005426789066213733,0.005441540758700736,Choppy,Choppy
FOMC,2015-09-17,2015-09-17,-4,0.004534220559924812,0.004544515692220141,Choppy,Choppy
FOMC,2015-09-17,2015-09-17,-3,-0.003717311390044964,-0.0037104107413278298,Choppy,Choppy
FOMC,2015-09-17,2015-09-17,-2,0.012421687564997577,0.012499157161371732,Choppy,Choppy
FOMC,2015-09-17,2015-09-17,-1,0.008629536924427327,0.008666878715023696,Choppy,Choppy
FOMC,2015-09-17,2015-09-17,0,-0.0022503958643563713,-0.002247865621954781,Choppy,Choppy
FOMC,2015-09-17,2015-09-17,1,-0.016476738014811924,-0.016341739031567326,Choppy,Choppy
FOMC,2015-09-17,2015-09-17,2,0.005154447560690293,0.005167754579137096,Choppy,Choppy
FOMC,2015-09-17,2015-09-17,3,-0.013064763223775405,-0.012979789660427343,Choppy,Choppy
FOMC,2015-09-17,2015-09-17,4,-0.001599936756239179,-0.0015986575397399783,Choppy,Choppy
FOMC,2015-09-17,2015-09-17,5,-0.003622565711049402,-0.003616012135857938,Choppy,Choppy
CPI,2015-10-15,2015-10-15,-5,0.008986360174434127,0.009026858729660914,Calm,Calm
CPI,2015-10-15,2015-10-15,-4,0.0005962291212222317,0.0005964069011354933,Calm,Calm
CPI,2015-10-15,2015-10-15,-3,0.0009432429410891205,0.000943687934613413,Calm,Calm
CPI,2015-10-15,2015-10-15,-2,-0.006322236733245719,-0.006302293445452634,Calm,Calm
CPI,2015-10-15,2015-10-15,-1,-0.0048052027348095055,-0.004793676217955567,Calm,Calm
CPI,2015-10-15,2015-10-15,0,0.01523802181594243,0.01535471242833042,Calm,Calm
CPI,2015-10-15,2015-10-15,1,0.004536088368950109,0.004546391991285148,Calm,Calm
CPI,2015-10-15,2015-10-15,2,0.0004916990713239398,0.0004918199751275942,Calm,Calm
CPI,2015-10-15,2015-10-15,3,-0.0012791890421635452,-0.0012783712286106308,Calm,Calm
CPI,2015-10-15,2015-10-15,4,-0.00622265423367671,-0.006203333616766171,Calm,Calm
CPI,2015-10-15,2015-10-15,5,0.016752564073197713,0.016893675164276756,Calm,Calm
FOMC,2015-10-28,2015-10-28,-5,-0.00622265423367671,-0.006203333616766171,Calm,Calm
FOMC,2015-10-28,2015-10-28,-4,0.016752564073197713,0.016893675164276756,Calm,Calm
FOMC,2015-10-28,2015-10-28,-3,0.010901984488735326,0.010961627667581464,Calm,Calm
FOMC,2015-10-28,2015-10-28,-2,-0.0024609753588023895,-0.0024579496415249036,Calm,Calm
FOMC,2015-10-28,2015-10-28,-1,-0.0019338754654922232,-0.0019320067331601853,Calm,Calm
FOMC,2015-10-28,2015-10-28,0,0.011310307708846815,0.011374511064002224,Calm,Calm
FOMC,2015-10-28,2015-10-28,1,-0.0005747403644148115,-0.0005745752328090159,Calm,Calm
FOMC,2015-10-28,2015-10-28,2,-0.004318887145669922,-0.004309574164643393,Calm,Calm
FOMC,2015-10-28,2015-10-28,3,0.011761416480007116,0.011830853899260196,Calm,Calm
FOMC,2015-10-28,2015-10-28,4,0.0028951119290654796,0.0028993068128488897,Calm,Calm
FOMC,2015-10-28,2015-10-28,5,-0.003037631702198688,-0.0030330227669499443,Calm,Calm
CPI,2015-11-17,2015-11-17,-5,0.002304119460005784,0.0023067759831725265,Calm,Calm
CPI,2015-11-17,2015-11-17,-4,-0.0039394258027463935,-0.0039316764442660634,Calm,Calm
CPI,2015-11-17,2015-11-17,-3,-0.014058083875381952,-0.013959730440629037,Calm,Calm
CPI,2015-11-17,2015-11-17,-2,-0.011292044721533678,-0.01122852888389736,Calm,Calm
CPI,2015-11-17,2015-11-17,-1,0.015092758753098474,0.015207229605092687,Calm,Calm
CPI,2015-11-17,2015-11-17,0,-0.0007300506999555528,-0.0007297842777811425,Calm,Calm
CPI,2015-11-17,2015-11-17,1,0.01574179305126133,0.015866347788865642,Calm,Calm
CPI,2015-11-17,2015-11-17,2,-0.0008627517666804391,-0.000862379703382099,Calm,Calm
CPI,2015-11-17,2015-11-17,3,0.0036376193000956358,0.003644243466812025,Calm,Calm
CPI,2015-11-17,2015-11-17,4,-0.0011473981467260473,-0.0011467401371628716,Calm,Calm
CPI,2015-11-17,2015-11-17,5,0.001338517698833543,0.0013394139134703664,Calm,Calm
CPI,2015-12-15,2015-12-15,-5,-0.00674219248913961,-0.00671951490353051,Calm,Calm
CPI,2015-12-15,2015-12-15,-4,-0.007810155639983539,-0.007779735620967787,Calm,Calm
CPI,2015-12-15,2015-12-15,-3,0.002577971736533511,0.002581297563018836,Calm,Calm
CPI,2015-12-15,2015-12-15,-2,-0.019571664839665933,-0.01938138320549465,Calm,Calm
CPI,2015-12-15,2015-12-15,-1,0.0050400017854801745,0.005052723958757888,Calm,Calm
CPI,2015-12-15,2015-12-15,0,0.010442791662753791,0.010497507909200898,Calm,Calm
CPI,2015-12-15,2015-12-15,1,0.014526180470609978,0.014632198152122244,Calm,Calm
CPI,2015-12-15,2015-12-15,2,-0.01535557415785737,-0.015238278477317513,Calm,Calm
CPI,2015-12-15,2015-12-15,3,-0.017975670484540494,-0.017815071848993447,Calm,Calm
CPI,2015-12-15,2015-12-15,4,0.008215386472597005,0.008249225363089474,Calm,Calm
CPI,2015-12-15,2015-12-15,5,0.009033378836889162,0.009074302938312462,Calm,Calm
FOMC,2015-12-16,2015-12-16,-5,-0.007810155639983539,-0.007779735620967787,Calm,Calm
FOMC,2015-12-16,2015-12-16,-4,0.002577971736533511,0.002581297563018836,Calm,Calm
FOMC,2015-12-16,2015-12-16,-3,-0.019571664839665933,-0.01938138320549465,Calm,Calm
FOMC,2015-12-16,2015-12-16,-2,0.0050400017854801745,0.005052723958757888,Calm,Calm
FOMC,2015-12-16,2015-12-16,-1,0.010442791662753791,0.010497507909200898,Calm,Calm
FOMC,2015-12-16,2015-12-16,0,0.014526180470609978,0.014632198152122244,Calm,Calm
FOMC,2015-12-16,2015-12-16,1,-0.01535557415785737,-0.015238278477317513,Calm,Calm
FOMC,2015-12-16,2015-12-16,2,-0.017975670484540494,-0.017815071848993447,Calm,Calm
FOMC,2015-12-16,2015-12-16,3,0.008215386472597005,0.008249225363089474,Calm,Calm
FOMC,2015-12-16,2015-12-16,4,0.009033378836889162,0.009074302938312462,Calm,Calm
FOMC,2015-12-16,2015-12-16,5,0.012307477364409567,0.012383526032790027,Calm,Calm
CPI,2016-01-20,2016-01-20,-5,0.008035905733146944,0.008068280285135287,Choppy,Choppy
CPI,2016-01-20,2016-01-20,-4,-0.025256600720614916,-0.024940321091544204,Choppy,Choppy
CPI,2016-01-20,2016-01-20,-3,0.016283362148595926,0.016416658612067758,Choppy,Choppy
CPI,2016-01-20,2016-01-20,-2,-0.021699988415762213,-0.02146623751749388,Choppy,Choppy
CPI,2016-01-20,2016-01-20,-1,0.0013302233994980156,0.0013311085390785848,Choppy,Choppy
CPI,2016-01-20,2016-01-20,0,-0.012897965548432795,-0.012815143252889238,Choppy,Choppy
CPI,2016-01-20,2016-01-20,1,0.005586624585848342,0.005602258873719679,Choppy,Choppy
CPI,2016-01-20,2016-01-20,2,0.02030757236695767,0.020515174028540528,Choppy,Choppy
CPI,2016-01-20,2016-01-20,3,-0.01523214935497004,-0.015116726954865545,Choppy,Choppy
CPI,2016-01-20,2016-01-20,4,0.013551100856043717,0.013643333168814387,Choppy,Choppy
CPI,2016-01-20,2016-01-20,5,-0.010943271368499983,-0.010883611597049203,Choppy,Choppy
FOMC,2016-01-27,2016-01-27,-5,-0.012897965548432795,-0.012815143252889238,Choppy,Choppy
FOMC,2016-01-27,2016-01-27,-4,0.005586624585848342,0.005602258873719679,Choppy,Choppy
FOMC,2016-01-27,2016-01-27,-3,0.02030757236695767,0.020515174028540528,Choppy,Choppy
FOMC,2016-01-27,2016-01-27,-2,-0.01523214935497004,-0.015116726954865545,Choppy,Choppy
FOMC,2016-01-27,2016-01-27,-1,0.013551100856043717,0.013643333168814387,Choppy,Choppy
FOMC,2016-01-27,2016-01-27,0,-0.010943271368499983,-0.010883611597049203,Choppy,Choppy
FOMC,2016-01-27,2016-01-27,1,0.0051959176741495795,0.005209439864305887,Choppy,Choppy
FOMC,2016-01-27,2016-01-27,2,0.02408498687972322,0.024377372827881105,Choppy,Choppy
FOMC,2016-01-27,2016-01-27,3,-0.00036136402869429036,-0.0003612987445776872,Choppy,Choppy
FOMC,2016-01-27,2016-01-27,4,-0.018186717724731714,-0.01802233739525705,Choppy,Choppy
FOMC,2016-01-27,2016-01-27,5,0.005976957635550979,0.005994855286906686,Choppy,Choppy
CPI,2016-02-19,2016-02-19,-5,-0.013093178967231096,-0.013007836175026766,Choppy,Choppy
CPI,2016-02-19,2016-02-19,-4,0.020407153418959916,0.020616803063233657,Choppy,Choppy
CPI,2016-02-19,2016-02-19,-3,0.016737463448548796,0.016878319550520215,Choppy,Choppy
CPI,2016-02-19,2016-02-19,-2,0.01620260494904721,0.016334578963449475,Choppy,Choppy
CPI,2016-02-19,2016-02-19,-1,-0.0041041778263326755,-0.004095767198688982,Choppy,Choppy
CPI,2016-02-19,2016-02-19,0,-0.00046869942316664684,-0.00046858960075057965,Choppy,Choppy
CPI,2016-02-19,2016-02-19,1,0.014375666530898841,0.014479493355009199,Choppy,Choppy
CPI,2016-02-19,2016-02-19,2,-0.012710270658235283,-0.012629836309558273,Choppy,Choppy
CPI,2016-02-19,2016-02-19,3,0.004565098397306374,0.0045755343333100384,Choppy,Choppy
CPI,2016-02-19,2016-02-19,4,0.01203898484800609,0.012111745119523398,Choppy,Choppy
CPI,2016-02-19,2016-02-19,5,-0.002304078417390501,-0.00230142606617989,Choppy,Choppy
FOMC,2016-03-16,2016-03-16,-5,0.004926889196811791,0.004939046272712577,Calm,Calm
FOMC,2016-03-16,2016-03-16,-4,0.0008019958277345619,0.000802317512379247,Calm,Calm
FOMC,2016-03-16,2016-03-16,-3,0.016008347387565822,0.016137167461450108,Calm,Calm
FOMC,2016-03-16,2016-03-16,-2,-0.001283022052902835,-0.001282199332002687,Calm,Calm
FOMC,2016-03-16,2016-03-16,-1,-0.0016310759699193205,-0.0016297464884361679,Calm,Calm
FOMC,2016-03-16,2016-03-16,0,0.005770456237753443,0.0057871373908688906,Calm,Calm
FOMC,2016-03-16,2016-03-16,1,0.0063245489314008975,0.00634459112131891,Calm,Calm
FOMC,2016-03-16,2016-03-16,2,0.0039220484276643874,0.003929749724593812,Calm,Calm
FOMC,2016-03-16,2016-03-16,3,0.0014172327892352286,0.0014182375382230106,Calm,Calm
FOMC,2016-03-16,2016-03-16,4,-0.0005375374909094657,-0.0005373930435155216,Calm,Calm
FOMC,2016-03-16,2016-03-16,5,-0.006621383912571283,-0.00659951085337962,Calm,Calm
CPI,2016-03-16,2016-03-16,-5,0.004926889196811791,0.004939046272712577,Calm,Calm
CPI,2016-03-16,2016-03-16,-4,0.0008019958277345619,0.000802317512379247,Calm,Calm
CPI,2016-03-16,2016-03-16,-3,0.016008347387565822,0.016137167461450108,Calm,Calm
CPI,2016-03-16,2016-03-16,-2,-0.001283022052902835,-0.001282199332002687,Calm,Calm
CPI,2016-03-16,2016-03-16,-1,-0.0016310759699193205,-0.0016297464884361679,Calm,Calm
CPI,2016-03-16,2016-03-16,0,0.005770456237753443,0.0057871373908688906,Calm,Calm
CPI,2016-03-16,2016-03-16,1,0.0063245489314008975,0.00634459112131891,Calm,Calm
CPI,2016-03-16,2016-03-16,2,0.0039220484276643874,0.003929749724593812,Calm,Calm
CPI,2016-03-16,2016-03-16,3,0.0014172327892352286,0.0014182375382230106,Calm,Calm
CPI,2016-03-16,2016-03-16,4,-0.0005375374909094657,-0.0005373930435155216,Calm,Calm
CPI,2016-03-16,2016-03-16,5,-0.006621383912571283,-0.00659951085337962,Calm,Calm
CPI,2016-04-14,2016-04-14,-5,-0.012038293624830429,-0.01196612326110158,Calm,Calm
CPI,2016-04-14,2016-04-14,-4,0.002693349079300628,0.002696979402442956,Calm,Calm
CPI,2016-04-14,2016-04-14,-3,-0.002349703090626952,-0.0023469446992098186,Calm,Calm
CPI,2016-04-14,2016-04-14,-2,0.009269406388732934,0.009312500385137756,Calm,Calm
CPI,2016-04-14,2016-04-14,-1,0.010050536457806236,0.01010121273164133,Calm,Calm
CPI,2016-04-14,2016-04-14,0,4.800781388534027e-05,4.800896627887852e-05,Calm,Calm
CPI,2016-04-14,2016-04-14,1,-0.0011064055715472197,-0.0011057937305717358,Calm,Calm
CPI,2016-04-14,2016-04-14,2,0.007001928376783366,0.007026499191497448,Calm,Calm
CPI,2016-04-14,2016-04-14,3,0.0031496564092674357,0.00315462178872683,Calm,Calm
CPI,2016-04-14,2016-04-14,4,0.00095223221133536,0.0009526857283672641,Calm,Calm
CPI,2016-04-14,2016-04-14,5,-0.005392655352639845,-0.005378141088625221,Calm,Calm
FOMC,2016-04-27,2016-04-27,-5,0.00095223221133536,0.0009526857283672641,Calm,Calm
FOMC,2016-04-27,2016-04-27,-4,-0.005392655352639845,-0.005378141088625221,Calm,Calm
FOMC,2016-04-27,2016-04-27,-3,0.0,0.0,Calm,Calm
FOMC,2016-04-27,2016-04-27,-2,-0.0017247086142157973,-0.0017232221590040009,Calm,Calm
FOMC,2016-04-27,2016-04-27,-1,0.0014853196780417824,0.0014864233116633763,Calm,Calm
FOMC,2016-04-27,2016-04-27,0,0.0020559307813322546,0.0020580456561181126,Calm,Calm
FOMC,2016-04-27,2016-04-27,1,-0.009117187040944434,-0.009075751511946062,Calm,Calm
FOMC,2016-04-27,2016-04-27,2,-0.0054135060651075385,-0.005398879446813942,Calm,Calm
FOMC,2016-04-27,2016-04-27,3,0.007916745585421896,0.00794816587650704,Calm,Calm
FOMC,2016-04-27,2016-04-27,4,-0.008741062222615188,-0.008702970207249972,Calm,Calm
FOMC,2016-04-27,2016-04-27,5,-0.005593589329290887,-0.005577974336683389,Calm,Calm
CPI,2016-05-17,2016-05-17,-5,0.012357119723341643,0.012433784386627567,Calm,Calm
CPI,2016-05-17,2016-05-17,-4,-0.009398753122122499,-0.009354722893054834,Calm,Calm
CPI,2016-05-17,2016-05-17,-3,0.00029019111205736103,0.00029023322157128995,Calm,Calm
CPI,2016-05-17,2016-05-17,-2,-0.008751785367465756,-0.008713599971898023,Calm,Calm
CPI,2016-05-17,2016-05-17,-1,0.009816778781610778,0.009865121414584843,Calm,Calm
CPI,2016-05-17,2016-05-17,0,-0.00937743138343849,-0.009333600388144347,Calm,Calm
CPI,2016-05-17,2016-05-17,1,0.0002927910653369246,0.0002928339328245322,Calm,Calm
CPI,2016-05-17,2016-05-17,2,-0.00347096356359066,-0.003464946732973817,Calm,Calm
CPI,2016-05-17,2016-05-17,3,0.0062972450046756105,0.006317114337456298,Calm,Calm
CPI,2016-05-17,2016-05-17,4,-0.0013633480715488395,-0.0013624191347694214,Calm,Calm
CPI,2016-05-17,2016-05-17,5,0.012878924454678205,0.01296221498228789,Calm,Calm
FOMC,2016-06-15,2016-06-15,-5,0.003254649630457274,0.003259951753189272,Calm,Calm
FOMC,2016-06-15,2016-06-15,-4,-0.0013665740931399298,-0.0013656407559704542,Calm,Calm
FOMC,2016-06-15,2016-06-15,-3,-0.00952290904180168,-0.009477709733579753,Calm,Calm
FOMC,2016-06-15,2016-06-15,-2,-0.007741563284505671,-0.007711674561673654,Calm,Calm
FOMC,2016-06-15,2016-06-15,-1,-0.001968899044329929,-0.0019669620340743155,Calm,Calm
FOMC,2016-06-15,2016-06-15,0,-0.0013946914493517847,-0.0013937193192253838,Calm,Calm
FOMC,2016-06-15,2016-06-15,1,0.0029796710019239104,0.0029841146339881774,Calm,Calm
FOMC,2016-06-15,2016-06-15,2,-0.0037309527327410554,-0.00372400137634199,Calm,Calm
FOMC,2016-06-15,2016-06-15,3,0.006419511200432242,0.006440160424786345,Calm,Calm
FOMC,2016-06-15,2016-06-15,4,0.00283428395434374,0.002838304334513042,Calm,Calm
FOMC,2016-06-15,2016-06-15,5,-0.00163230760645765,-0.0016309761169619463,Calm,Calm
CPI,2016-06-16,2016-06-16,-5,-0.0013665740931399298,-0.0013656407559704542,Calm,Calm
CPI,2016-06-16,2016-06-16,-4,-0.00952290904180168,-0.009477709733579753,Calm,Calm
CPI,2016-06-16,2016-06-16,-3,-0.007741563284505671,-0.007711674561673654,Calm,Calm
CPI,2016-06-16,2016-06-16,-2,-0.001968899044329929,-0.0019669620340743155,Calm,Calm
CPI,2016-06-16,2016-06-16,-1,-0.0013946914493517847,-0.0013937193192253838,Calm,Calm
CPI,2016-06-16,2016-06-16,0,0.0029796710019239104,0.0029841146339881774,Calm,Calm
CPI,2016-06-16,2016-06-16,1,-0.0037309527327410554,-0.00372400137634199,Calm,Calm
CPI,2016-06-16,2016-06-16,2,0.006419511200432242,0.006440160424786345,Calm,Calm
CPI,2016-06-16,2016-06-16,3,0.00283428395434374,0.002838304334513042,Calm,Calm
CPI,2016-06-16,2016-06-16,4,-0.00163230760645765,-0.0016309761169619463,Calm,Calm
CPI,2016-06-16,2016-06-16,5,0.012938693392235811,0.013022760467015004,Calm,Calm
CPI,2016-07-15,2016-07-15,-5,0.01478044675147556,0.01489021770903931,Calm,Calm
CPI,2016-07-15,2016-07-15,-4,0.0035207858935873645,0.003526991140553104,Calm,Calm
CPI,2016-07-15,2016-07-15,-3,0.007237039551137382,0.007263290209344353,Calm,Calm
CPI,2016-07-15,2016-07-15,-2,-0.00013932375629741842,-0.0001393140511936064,Calm,Calm
CPI,2016-07-15,2016-07-15,-1,0.005567620363059096,0.005583148365945423,Calm,Calm
CPI,2016-07-15,2016-07-15,0,-0.001342351816946676,-0.0013414512657436983,Calm,Calm
CPI,2016-07-15,2016-07-15,1,0.0026834820759772614,0.002687085836824865,Calm,Calm
CPI,2016-07-15,2016-07-15,2,-0.0010169395096966019,-0.0010164226019495626,Calm,Calm
CPI,2016-07-15,2016-07-15,3,0.0041540811909253446,0.004162721346021581,Calm,Calm
CPI,2016-07-15,2016-07-15,4,-0.0037841428074336493,-0.0037769919618241277,Calm,Calm
CPI,2016-07-15,2016-07-15,5,0.004475171462597041,0.00448519999662933,Calm,Calm
FOMC,2016-07-27,2016-07-27,-5,0.0041540811909253446,0.004162721346021581,Calm,Calm
FOMC,2016-07-27,2016-07-27,-4,-0.0037841428074336493,-0.0037769919618241277,Calm,Calm
FOMC,2016-07-27,2016-07-27,-3,0.004475171462597041,0.00448519999662933,Calm,Calm
FOMC,2016-07-27,2016-07-27,-2,-0.0027196450836402914,-0.0027159501993001545,Calm,Calm
FOMC,2016-07-27,2016-07-27,-1,0.00046139944355677885,0.00046150590465310337,Calm,Calm
FOMC,2016-07-27,2016-07-27,0,-0.0010619662712833193,-0.0010614025846590325,Calm,Calm
FOMC,2016-07-27,2016-07-27,1,0.0011541217087213769,0.0011547879634690172,Calm,Calm
FOMC,2016-07-27,2016-07-27,2,0.001613404236039094,0.0016147064729041816,Calm,Calm
FOMC,2016-07-27,2016-07-27,3,-0.0008295197526934271,-0.0008291757962961555,Calm,Calm
FOMC,2016-07-27,2016-07-27,4,-0.006427679871947125,-0.006407066526653793,Calm,Calm
FOMC,2016-07-27,2016-07-27,5,0.0029182448794625717,0.0029225071011111936,Calm,Calm
CPI,2016-08-16,2016-08-16,-5,0.00059561675842821,0.0005957941733116812,Calm,Calm
CPI,2016-08-16,2016-08-16,-4,-0.0024778547349774507,-0.002474787386937627,Calm,Calm
CPI,2016-08-16,2016-08-16,-3,0.004629716581529741,0.0046404502776065115,Calm,Calm
CPI,2016-08-16,2016-08-16,-2,-0.000868858580734535,-0.0008684812324132318,Calm,Calm
CPI,2016-08-16,2016-08-16,-1,0.002879264597357492,0.0028834136607964744,Calm,Calm
CPI,2016-08-16,2016-08-16,0,-0.005170871393415233,-0.005157525451224054,Calm,Calm
CPI,2016-08-16,2016-08-16,1,0.001879068016531655,0.0018808345711558427,Calm,Calm
CPI,2016-08-16,2016-08-16,2,0.0022416751231308808,0.002244189555305365,Calm,Calm
CPI,2016-08-16,2016-08-16,3,-0.0014634501050243204,-0.0014623797841034625,Calm,Calm
CPI,2016-08-16,2016-08-16,4,-4.570346732721618e-05,-4.570242293966409e-05,Calm,Calm
CPI,2016-08-16,2016-08-16,5,0.0020116718671610865,0.0020136966365078557,Calm,Calm
CPI,2016-09-16,2016-09-16,-5,-0.024225928663072327,-0.023934836252502145,Calm,Calm
CPI,2016-09-16,2016-09-16,-4,0.014245483588445938,0.014347434025628658,Calm,Calm
CPI,2016-09-16,2016-09-16,-3,-0.014480077709856161,-0.014375745570842757,Calm,Calm
CPI,2016-09-16,2016-09-16,-2,-0.0003752136287213972,-0.0003751432448910741,Calm,Calm
CPI,2016-09-16,2016-09-16,-1,0.009943333525289639,0.009992932723568826,Calm,Calm
CPI,2016-09-16,2016-09-16,0,-0.0038729234819317544,-0.003865433386425532,Calm,Calm
CPI,2016-09-16,2016-09-16,1,0.00018736368232702365,0.0001873812359980409,Calm,Calm
CPI,2016-09-16,2016-09-16,2,4.70645055785084e-05,4.706561312972646e-05,Calm,Calm
CPI,2016-09-16,2016-09-16,3,0.011182479075542389,0.011245236705152317,Calm,Calm
CPI,2016-09-16,2016-09-16,4,0.006281832274672696,0.006301604363001534,Calm,Calm
CPI,2016-09-16,2016-09-16,5,-0.005494585839684701,-0.005479518212331946,Calm,Calm
FOMC,2016-09-21,2016-09-21,-5,-0.0003752136287213972,-0.0003751432448910741,Calm,Calm
FOMC,2016-09-21,2016-09-21,-4,0.009943333525289639,0.009992932723568826,Calm,Calm
FOMC,2016-09-21,2016-09-21,-3,-0.0038729234819317544,-0.003865433386425532,Calm,Calm
FOMC,2016-09-21,2016-09-21,-2,0.00018736368232702365,0.0001873812359980409,Calm,Calm
FOMC,2016-09-21,2016-09-21,-1,4.70645055785084e-05,4.706561312972646e-05,Calm,Calm
FOMC,2016-09-21,2016-09-21,0,0.011182479075542389,0.011245236705152317,Calm,Calm
FOMC,2016-09-21,2016-09-21,1,0.006281832274672696,0.006301604363001534,Calm,Calm
FOMC,2016-09-21,2016-09-21,2,-0.005494585839684701,-0.005479518212331946,Calm,Calm
FOMC,2016-09-21,2016-09-21,3,-0.008134799112588239,-0.008101801172116452,Calm,Calm
FOMC,2016-09-21,2016-09-21,4,0.0061884046962123575,0.006207592432627029,Calm,Calm
FOMC,2016-09-21,2016-09-21,5,0.004951510038626225,0.004963789022596421,Calm,Calm
CPI,2016-10-18,2016-10-18,-5,-0.012710202413338059,-0.012629768926580631,Calm,Calm
CPI,2016-10-18,2016-10-18,-4,0.0013113562786204473,0.001312216482235229,Calm,Calm
CPI,2016-10-18,2016-10-18,-3,-0.003281119948218457,-0.0032757429566202534,Calm,Calm
CPI,2016-10-18,2016-10-18,-2,0.0005164741601139446,0.0005166075558571404,Calm,Calm
CPI,2016-10-18,2016-10-18,-1,-0.0034782882092727497,-0.0034722459724165766,Calm,Calm
CPI,2016-10-18,2016-10-18,0,0.0062429339973774246,0.006262461725447865,Calm,Calm
CPI,2016-10-18,2016-10-18,1,0.0026634448498332928,0.0026669949702176066,Calm,Calm
CPI,2016-10-18,2016-10-18,2,-0.001868345850471933,-0.001866601578833449,Calm,Calm
CPI,2016-10-18,2016-10-18,3,0.0004675176692320627,0.000467626972650681,Calm,Calm
CPI,2016-10-18,2016-10-18,4,0.004243767497557375,0.004252785030435913,Calm,Calm
CPI,2016-10-18,2016-10-18,5,-0.003356284859173174,-0.003350658831089537,Calm,Calm
FOMC,2016-11-02,2016-11-02,-5,-0.0020100255417744824,-0.0020080067932404244,Calm,Calm
FOMC,2016-11-02,2016-11-02,-4,-0.0026702665843454927,-0.0026667045937233125,Calm,Calm
FOMC,2016-11-02,2016-11-02,-3,-0.00295967112721572,-0.002955295618378595,Calm,Calm
FOMC,2016-11-02,2016-11-02,-2,4.717351204851899e-05,4.7174624736134874e-05,Calm,Calm
FOMC,2016-11-02,2016-11-02,-1,-0.007272024282902684,-0.007245647091570495,Calm,Calm
FOMC,2016-11-02,2016-11-02,0,-0.006036627379107255,-0.006018443552111896,Calm,Calm
FOMC,2016-11-02,2016-11-02,1,-0.004587778757528369,-0.004577270975831826,Calm,Calm
FOMC,2016-11-02,2016-11-02,2,-0.0011021839341492266,-0.0011015767525326403,Calm,Calm
FOMC,2016-11-02,2016-11-02,3,0.021817287335199286,0.022057024646713774,Calm,Calm
FOMC,2016-11-02,2016-11-02,4,0.004493931055009497,0.00450404390631709,Calm,Calm
FOMC,2016-11-02,2016-11-02,5,0.010546162103863867,0.010601968881329471,Calm,Calm
CPI,2016-11-17,2016-11-17,-5,0.002492376013584795,0.0024954845647042756,Calm,Calm
CPI,2016-11-17,2016-11-17,-4,-0.002307289873038525,-0.0023046301257553248,Calm,Calm
CPI,2016-11-17,2016-11-17,-3,0.0007849003612807852,0.000785208476177246,Calm,Calm
CPI,2016-11-17,2016-11-17,-2,0.007772629422299757,0.007802914720985932,Calm,Calm
CPI,2016-11-17,2016-11-17,-1,-0.00188009598599385,-0.0018783297126301335,Calm,Calm
CPI,2016-11-17,2016-11-17,0,0.0051275049520420465,0.005140673102524085,Calm,Calm
CPI,2016-11-17,2016-11-17,1,-0.0022402982172733356,-0.002237790622158675,Calm,Calm
CPI,2016-11-17,2016-11-17,2,0.007523192098069479,0.007551562408213863,Calm,Calm
CPI,2016-11-17,2016-11-17,3,0.0019513962737184951,0.001953301486500525,Calm,Calm
CPI,2016-11-17,2016-11-17,4,0.0005439436012001488,0.0005440915653476264,Calm,Calm
CPI,2016-11-17,2016-11-17,5,0.0037086622953884456,0.003715547892886306,Calm,Calm
FOMC,2016-12-14,2016-12-14,-5,0.012996259211691244,0.013081077630869853,Calm,Calm
FOMC,2016-12-14,2016-12-14,-4,0.0024454855513705407,0.0024484781901492614,Calm,Calm
FOMC,2016-12-14,2016-12-14,-3,0.006022301642005458,0.00604047215833603,Calm,Calm
FOMC,2016-12-14,2016-12-14,-2,-0.0011484917719170012,-0.001147832507652602,Calm,Calm
FOMC,2016-12-14,2016-12-14,-1,0.006651941699962662,0.006674115002057723,Calm,Calm
FOMC,2016-12-14,2016-12-14,0,-0.008288493297927262,-0.008254238443063389,Calm,Calm
FOMC,2016-12-14,2016-12-14,1,0.004108275698823268,0.004116726231842227,Calm,Calm
FOMC,2016-12-14,2016-12-14,2,-0.0019575864231046137,-0.0019556716004833774,Calm,Calm
FOMC,2016-12-14,2016-12-14,3,0.002175146994714428,0.0021775143430711186,Calm,Calm
FOMC,2016-12-14,2016-12-14,4,0.0038501755705211567,0.0038575970180516617,Calm,Calm
FOMC,2016-12-14,2016-12-14,5,-0.002786331060113572,-0.0027824528425608452,Calm,Calm
CPI,2016-12-15,2016-12-15,-5,0.0024454855513705407,0.0024484781901492614,Calm,Calm
CPI,2016-12-15,2016-12-15,-4,0.006022301642005458,0.00604047215833603,Calm,Calm
CPI,2016-12-15,2016-12-15,-3,-0.0011484917719170012,-0.001147832507652602,Calm,Calm
CPI,2016-12-15,2016-12-15,-2,0.006651941699962662,0.006674115002057723,Calm,Calm
CPI,2016-12-15,2016-12-15,-1,-0.008288493297927262,-0.008254238443063389,Calm,Calm
CPI,2016-12-15,2016-12-15,0,0.004108275698823268,0.004116726231842227,Calm,Calm
CPI,2016-12-15,2016-12-15,1,-0.0019575864231046137,-0.0019556716004833774,Calm,Calm
CPI,2016-12-15,2016-12-15,2,0.002175146994714428,0.0021775143430711186,Calm,Calm
CPI,2016-12-15,2016-12-15,3,0.0038501755705211567,0.0038575970180516617,Calm,Calm
CPI,2016-12-15,2016-12-15,4,-0.002786331060113572,-0.0027824528425608452,Calm,Calm
CPI,2016-12-15,2016-12-15,5,-0.001728979444631006,-0.001727485620725333,Calm,Calm
CPI,2017-01-18,2017-01-18,-5,0.0,0.0,Calm,Calm
CPI,2017-01-18,2017-01-18,-4,0.002821900994337481,0.0028258863047838645,Calm,Calm
CPI,2017-01-18,2017-01-18,-3,-0.0025129820237294364,-0.0025098271276893236,Calm,Calm
CPI,2017-01-18,2017-01-18,-2,0.002292722402902967,0.002295352700708131,Calm,Calm
CPI,2017-01-18,2017-01-18,-1,-0.0035295961961959487,-0.0035233744937268607,Calm,Calm
CPI,2017-01-18,2017-01-18,0,0.002207564290228937,0.002210002754301943,Calm,Calm
CPI,2017-01-18,2017-01-18,1,-0.0037113744611635244,-0.003704495823332876,Calm,Calm
CPI,2017-01-18,2017-01-18,2,0.003667258429133095,0.003673991048895875,Calm,Calm
CPI,2017-01-18,2017-01-18,3,-0.002605906003690082,-0.002602513578060628,Calm,Calm
CPI,2017-01-18,2017-01-18,4,0.006391702036307591,0.006412172554344897,Calm,Calm
CPI,2017-01-18,2017-01-18,5,0.008618170902426064,0.008655414250241078,Calm,Calm
FOMC,2017-02-01,2017-02-01,-5,0.008618170902426064,0.008655414250241078,Calm,Calm
FOMC,2017-02-01,2017-02-01,-4,-0.0010459176796764804,-0.0010453708984261567,Calm,Calm
FOMC,2017-02-01,2017-02-01,-3,-0.001570891935915763,-0.0015696587310070065,Calm,Calm
FOMC,2017-02-01,2017-02-01,-2,-0.00622129228592298,-0.006201980116707029,Calm,Calm
FOMC,2017-02-01,2017-02-01,-1,-8.776845599550411e-05,-8.77646044572522e-05,Calm,Calm
FOMC,2017-02-01,2017-02-01,0,0.0003955185540092346,0.0003955967817856898,Calm,Calm
FOMC,2017-02-01,2017-02-01,1,0.0006586691055481284,0.0006588860756779891,Calm,Calm
FOMC,2017-02-01,2017-02-01,2,0.006869305762382587,0.0068929535601849334,Calm,Calm
FOMC,2017-02-01,2017-02-01,3,-0.0017895060735045156,-0.0017879058621825816,Calm,Calm
FOMC,2017-02-01,2017-02-01,4,4.400281062869409e-05,4.4003778766565915e-05,Calm,Calm
FOMC,2017-02-01,2017-02-01,5,0.0013096250116061395,0.0013104829449244182,Calm,Calm
CPI,2017-02-15,2017-02-15,-5,0.0013096250116061395,0.0013104829449244182,Calm,Calm
CPI,2017-02-15,2017-02-15,-4,0.00591471657436792,0.005932243048115238,Calm,Calm
CPI,2017-02-15,2017-02-15,-3,0.003938607803889036,0.0039463743126686435,Calm,Calm
CPI,2017-02-15,2017-02-15,-2,0.005427774817336568,0.00544253187431698,Calm,Calm
CPI,2017-02-15,2017-02-15,-1,0.003987495341353134,0.003995455978385909,Calm,Calm
CPI,2017-02-15,2017-02-15,0,0.005206813574921777,0.005220392586287703,Calm,Calm
CPI,2017-02-15,2017-02-15,1,-0.0008519794661474244,-0.0008516166346910214,Calm,Calm
CPI,2017-02-15,2017-02-15,2,0.0015752158513806596,0.0015764571555583196,Calm,Calm
CPI,2017-02-15,2017-02-15,3,0.005937614919074529,0.005955277495092393,Calm,Calm
CPI,2017-02-15,2017-02-15,4,-0.0008887306783541433,-0.0008883358742116654,Calm,Calm
CPI,2017-02-15,2017-02-15,5,0.0006771428152938192,0.0006773721282462564,Calm,Calm
FOMC,2017-03-15,2017-03-15,-5,-0.0018582428312728422,-0.001856517367005539,Calm,Calm
FOMC,2017-03-15,2017-03-15,-4,0.001267541367877895,0.0012683450379633587,Calm,Calm
FOMC,2017-03-15,2017-03-15,-3,0.003497720300039457,0.00350384446180807,Calm,Calm
FOMC,2017-03-15,2017-03-15,-2,0.0005052595003743314,0.0005053871654561171,Calm,Calm
FOMC,2017-03-15,2017-03-15,-1,-0.0038342895781190663,-0.0038269480759803853,Calm,Calm
FOMC,2017-03-15,2017-03-15,0,0.008616202854053468,0.008653429169547922,Calm,Calm
FOMC,2017-03-15,2017-03-15,1,-0.0019687437298033642,-0.00196680702503349,Calm,Calm
FOMC,2017-03-15,2017-03-15,2,-0.0017579807624978684,-0.0017564364194249116,Calm,Calm
FOMC,2017-03-15,2017-03-15,3,-0.0010974016661788784,-0.0010967997411750474,Calm,Calm
FOMC,2017-03-15,2017-03-15,4,-0.012922515881786886,-0.012839378672709456,Calm,Calm
FOMC,2017-03-15,2017-03-15,5,0.0023503203189012686,0.0023530844868377976,Calm,Calm
CPI,2017-03-15,2017-03-15,-5,-0.0018582428312728422,-0.001856517367005539,Calm,Calm
CPI,2017-03-15,2017-03-15,-4,0.001267541367877895,0.0012683450379633587,Calm,Calm
CPI,2017-03-15,2017-03-15,-3,0.003497720300039457,0.00350384446180807,Calm,Calm
CPI,2017-03-15,2017-03-15,-2,0.0005052595003743314,0.0005053871654561171,Calm,Calm
CPI,2017-03-15,2017-03-15,-1,-0.0038342895781190663,-0.0038269480759803853,Calm,Calm
CPI,2017-03-15,2017-03-15,0,0.008616202854053468,0.008653429169547922,Calm,Calm
CPI,2017-03-15,2017-03-15,1,-0.0019687437298033642,-0.00196680702503349,Calm,Calm
CPI,2017-03-15,2017-03-15,2,-0.0017579807624978684,-0.0017564364194249116,Calm,Calm
CPI,2017-03-15,2017-03-15,3,-0.0010974016661788784,-0.0010967997411750474,Calm,Calm
CPI,2017-03-15,2017-03-15,4,-0.012922515881786886,-0.012839378672709456,Calm,Calm
CPI,2017-03-15,2017-03-15,5,0.0023503203189012686,0.0023530844868377976,Calm,Calm
CPI,2017-04-14,2017-04-17,-5,-0.0010199716398947107,-0.0010194516456297764,Calm,Calm
CPI,2017-04-14,2017-04-17,-4,0.0005952095753903584,0.0005953867477594965,Calm,Calm
CPI,2017-04-14,2017-04-17,-3,-0.0011906239148358048,-0.001189915403400632,Calm,Calm
CPI,2017-04-14,2017-04-17,-2,-0.004391223393174,-0.0043815960687955124,Calm,Calm
CPI,2017-04-14,2017-04-17,-1,-0.006516259523958103,-0.006495074745015206,Calm,Calm
CPI,2017-04-14,2017-04-17,0,0.008821036525507225,0.008860056516065695,Calm,Calm
CPI,2017-04-14,2017-04-17,1,-0.002989015750613118,-0.002984553090462194,Calm,Calm
CPI,2017-04-14,2017-04-17,2,-0.0018401454413926519,-0.0018384534117892315,Calm,Calm
CPI,2017-04-14,2017-04-17,3,0.00810623149846644,0.00813917595130742,Calm,Calm
CPI,2017-04-14,2017-04-17,4,-0.0031922296289130766,-0.003187139881232759,Calm,Calm
CPI,2017-04-14,2017-04-17,5,0.010938249514318262,0.010998290881664374,Calm,Calm
FOMC,2017-05-03,2017-05-03,-5,-0.0006288269309120776,-0.0006286292606931809,Calm,Calm
FOMC,2017-05-03,2017-05-03,-4,0.0008383726500591059,0.0008387241826408598,Calm,Calm
FOMC,2017-05-03,2017-05-03,-3,-0.0021818386459881304,-0.0021794601661837554,Calm,Calm
FOMC,2017-05-03,2017-05-03,-2,0.0025169025313674354,0.0025200725895615506,Calm,Calm
FOMC,2017-05-03,2017-05-03,-1,0.0003769601196658497,0.00037703117806020536,Calm,Calm
FOMC,2017-05-03,2017-05-03,0,-0.00121490421644079,-0.0012141665190873452,Calm,Calm
FOMC,2017-05-03,2017-05-03,1,0.0011733379555034316,0.0011740265857880239,Calm,Calm
FOMC,2017-05-03,2017-05-03,2,0.003929207907573921,0.0039369373651974016,Calm,Calm
FOMC,2017-05-03,2017-05-03,3,-0.00016709866899578988,-0.00016708470879078785,Calm,Calm
FOMC,2017-05-03,2017-05-03,4,-0.0009181457833113255,-0.0009177244164402243,Calm,Calm
FOMC,2017-05-03,2017-05-03,5,0.0017940754227975754,0.001795685738974484,Calm,Calm
CPI,2017-05-12,2017-05-12,-5,0.003929207907573921,0.0039369373651974016,Calm,Calm
CPI,2017-05-12,2017-05-12,-4,-0.00016709866899578988,-0.00016708470879078785,Calm,Calm
CPI,2017-05-12,2017-05-12,-3,-0.0009181457833113255,-0.0009177244164402243,Calm,Calm
CPI,2017-05-12,2017-05-12,-2,0.0017940754227975754,0.001795685738974484,Calm,Calm
CPI,2017-05-12,2017-05-12,-1,-0.002044859086306105,-0.002042769786315346,Calm,Calm
CPI,2017-05-12,2017-05-12,0,-0.001672420322302799,-0.0016710226067334633,Calm,Calm
CPI,2017-05-12,2017-05-12,1,0.005508581257781589,0.005523781389087601,Calm,Calm
CPI,2017-05-12,2017-05-12,2,-0.0009159189049178527,-0.0009154995792302056,Calm,Calm
CPI,2017-05-12,2017-05-12,3,-0.017903385121432754,-0.017744071688717833,Calm,Calm
CPI,2017-05-12,2017-05-12,4,0.004020162199303659,0.004028253891028788,Calm,Calm
CPI,2017-05-12,2017-05-12,5,0.006483204065327442,0.006504265523446406,Calm,Calm
FOMC,2017-06-14,2017-06-14,-5,0.0018485499485637927,0.0018502595702980518,Calm,Calm
FOMC,2017-06-14,2017-06-14,-4,0.0004921198471770616,0.0004922409580152554,Calm,Calm
FOMC,2017-06-14,2017-06-14,-3,-0.001519015541397537,-0.001517862421233085,Calm,Calm
FOMC,2017-06-14,2017-06-14,-2,-0.00020525989578970322,-0.0002052388314185416,Calm,Calm
FOMC,2017-06-14,2017-06-14,-1,0.004877805817014342,0.00488972167834989,Calm,Calm
FOMC,2017-06-14,2017-06-14,0,-0.0012681585757799414,-0.0012673548024998427,Calm,Calm
FOMC,2017-06-14,2017-06-14,1,-0.0019263725425713977,-0.0019245182778443448,Calm,Calm
FOMC,2017-06-14,2017-06-14,2,0.00021848278553354578,0.00021850665463563068,Calm,Calm
FOMC,2017-06-14,2017-06-14,3,0.008290791304058189,0.008325255092467287,Calm,Calm
FOMC,2017-06-14,2017-06-14,4,-0.006767142583813365,-0.006744297036511693,Calm,Calm
FOMC,2017-06-14,2017-06-14,5,-0.0002468367522547822,-0.0002468062905700563,Calm,Calm
CPI,2017-06-14,2017-06-14,-5,0.0018485499485637927,0.0018502595702980518,Calm,Calm
CPI,2017-06-14,2017-06-14,-4,0.0004921198471770616,0.0004922409580152554,Calm,Calm
CPI,2017-06-14,2017-06-14,-3,-0.001519015541397537,-0.001517862421233085,Calm,Calm
CPI,2017-06-14,2017-06-14,-2,-0.00020525989578970322,-0.0002052388314185416,Calm,Calm
CPI,2017-06-14,2017-06-14,-1,0.004877805817014342,0.00488972167834989,Calm,Calm
CPI,2017-06-14,2017-06-14,0,-0.0012681585757799414,-0.0012673548024998427,Calm,Calm
CPI,2017-06-14,2017-06-14,1,-0.0019263725425713977,-0.0019245182778443448,Calm,Calm
CPI,2017-06-14,2017-06-14,2,0.00021848278553354578,0.00021850665463563068,Calm,Calm
CPI,2017-06-14,2017-06-14,3,0.008290791304058189,0.008325255092467287,Calm,Calm
CPI,2017-06-14,2017-06-14,4,-0.006767142583813365,-0.006744297036511693,Calm,Calm
CPI,2017-06-14,2017-06-14,5,-0.0002468367522547822,-0.0002468062905700563,Calm,Calm
CPI,2017-07-14,2017-07-14,-5,0.006464341464840701,0.006485280414652461,Calm,Calm
CPI,2017-07-14,2017-07-14,-4,0.0010732789830188581,0.0010738551530184992,Calm,Calm
CPI,2017-07-14,2017-07-14,-3,-0.0007430111401749528,-0.0007427351757501865,Calm,Calm
CPI,2017-07-14,2017-07-14,-2,0.00748655415800381,0.0075146484706867245,Calm,Calm
CPI,2017-07-14,2017-07-14,-1,0.0016791085978187616,0.0016805190900064382,Calm,Calm
CPI,2017-07-14,2017-07-14,0,0.0046532864321818055,0.004664129782038673,Calm,Calm
CPI,2017-07-14,2017-07-14,1,-0.00012230740530249411,-0.00012229992605672368,Calm,Calm
CPI,2017-07-14,2017-07-14,2,0.0005292729672169994,0.0005294130568680444,Calm,Calm
CPI,2017-07-14,2017-07-14,3,0.00539947497764624,0.005414078414463175,Calm,Calm
CPI,2017-07-14,2017-07-14,4,0.00044514688916416406,0.00044524598174366936,Calm,Calm
CPI,2017-07-14,2017-07-14,5,-0.0008904920223321506,-0.0008900956519748426,Calm,Calm
FOMC,2017-07-26,2017-07-26,-5,0.00539947497764624,0.005414078414463175,Calm,Calm
FOMC,2017-07-26,2017-07-26,-4,0.00044514688916416406,0.00044524598174366936,Calm,Calm
FOMC,2017-07-26,2017-07-26,-3,-0.0008904920223321506,-0.0008900956519748426,Calm,Calm
FOMC,2017-07-26,2017-07-26,-2,-0.0002431087944395901,-0.0002430792458911757,Calm,Calm
FOMC,2017-07-26,2017-07-26,-1,0.0024277954651108513,0.002430744946950947,Calm,Calm
FOMC,2017-07-26,2017-07-26,0,4.0553728972016014e-05,4.0554551285598706e-05,Calm,Calm
FOMC,2017-07-26,2017-07-26,1,-0.0009301060308753792,-0.0009296736163352248,Calm,Calm
FOMC,2017-07-26,2017-07-26,2,-0.001173566670162783,-0.0011728783101032647,Calm,Calm
FOMC,2017-07-26,2017-07-26,3,-0.000567324139151302,-0.0005671632412403982,Calm,Calm
FOMC,2017-07-26,2017-07-26,4,0.002226160628000905,0.002228640363326706,Calm,Calm
FOMC,2017-07-26,2017-07-26,5,0.00048524675643053615,0.00048536450768321693,Calm,Calm
CPI,2017-08-11,2017-08-11,-5,0.0018204560629598396,0.0018221140990730689,Calm,Calm
CPI,2017-08-11,2017-08-11,-4,0.001857488470438461,0.0018592146707809842,Calm,Calm
CPI,2017-08-11,2017-08-11,-3,-0.002463962610898125,-0.0024609295466545555,Calm,Calm
CPI,2017-08-11,2017-08-11,-2,-4.036914395649387e-05,-4.036832913356658e-05,Calm,Calm
CPI,2017-08-11,2017-08-11,-1,-0.014216104831201806,-0.014115533156130455,Calm,Calm
CPI,2017-08-11,2017-08-11,0,0.0014759104490185773,0.001477000140875262,Calm,Calm
CPI,2017-08-11,2017-08-11,1,0.00986448457785875,0.009913298983470487,Calm,Calm
CPI,2017-08-11,2017-08-11,2,-0.00012167914248070307,-0.0001216717398740963,Calm,Calm
CPI,2017-08-11,2017-08-11,3,0.001742938170330753,0.0017444579699075202,Calm,Calm
CPI,2017-08-11,2017-08-11,4,-0.015713764213512012,-0.015590947168176661,Calm,Calm
CPI,2017-08-11,2017-08-11,5,-0.0015644874348323835,-0.0015632642623280013,Calm,Calm
CPI,2017-09-14,2017-09-14,-5,-0.00012143078102197911,-0.00012142340860310519,Calm,Calm
CPI,2017-09-14,2017-09-14,-4,-0.0011753492320874246,-0.0011746587797127894,Calm,Calm
CPI,2017-09-14,2017-09-14,-3,0.010609410105262986,0.010665889457474265,Calm,Calm
CPI,2017-09-14,2017-09-14,-2,0.003364921668950615,0.0033705893732136616,Calm,Calm
CPI,2017-09-14,2017-09-14,-1,0.0004796701283425747,0.00047978518845481766,Calm,Calm
CPI,2017-09-14,2017-09-14,0,-0.0003197311793033797,-0.0003196800707370162,Calm,Calm
CPI,2017-09-14,2017-09-14,1,0.0013452333037742104,0.0013461385359656575,Calm,Calm
CPI,2017-09-14,2017-09-14,2,0.0021243339411552067,0.0021265919371313835,Calm,Calm
CPI,2017-09-14,2017-09-14,3,0.0010010180141396467,0.0010015191998899997,Calm,Calm
CPI,2017-09-14,2017-09-14,4,0.00036018543527149464,0.0003602503098341092,Calm,Calm
CPI,2017-09-14,2017-09-14,5,-0.0026834573777116235,-0.002679860124374045,Calm,Calm
FOMC,2017-09-20,2017-09-20,-5,0.0004796701283425747,0.00047978518845481766,Calm,Calm
FOMC,2017-09-20,2017-09-20,-4,-0.0003197311793033797,-0.0003196800707370162,Calm,Calm
FOMC,2017-09-20,2017-09-20,-3,0.0013452333037742104,0.0013461385359656575,Calm,Calm
FOMC,2017-09-20,2017-09-20,-2,0.0021243339411552067,0.0021265919371313835,Calm,Calm
FOMC,2017-09-20,2017-09-20,-1,0.0010010180141396467,0.0010015191998899997,Calm,Calm
FOMC,2017-09-20,2017-09-20,0,0.00036018543527149464,0.0003602503098341092,Calm,Calm
FOMC,2017-09-20,2017-09-20,1,-0.0026834573777116235,-0.002679860124374045,Calm,Calm
FOMC,2017-09-20,2017-09-20,2,0.00020057669885091876,0.00020059681570194776,Calm,Calm
FOMC,2017-09-20,2017-09-20,3,-0.002046778431200721,-0.002044685208592023,Calm,Calm
FOMC,2017-09-20,2017-09-20,4,0.0006025809132839038,0.0006027625016344906,Calm,Calm
FOMC,2017-09-20,2017-09-20,5,0.003886591685487316,0.0038941542773469617,Calm,Calm
CPI,2017-10-13,2017-10-13,-5,-0.0011394310999506922,-0.0011387821948192212,Calm,Calm
CPI,2017-10-13,2017-10-13,-4,-0.0016528138407546256,-0.0016514486961720642,Calm,Calm
CPI,2017-10-13,2017-10-13,-3,0.002635267749018174,0.0026387431192458344,Calm,Calm
CPI,2017-10-13,2017-10-13,-2,0.0015695523933340952,0.001570784785375423,Calm,Calm
CPI,2017-10-13,2017-10-13,-1,-0.0014912660056749995,-0.0014901546210505101,Calm,Calm
CPI,2017-10-13,2017-10-13,0,0.0012167567319858153,0.001217497280783686,Calm,Calm
CPI,2017-10-13,2017-10-13,1,0.0013326839451463924,0.0013335723630114593,Calm,Calm
CPI,2017-10-13,2017-10-13,2,0.0007049646325627043,0.0007052131785312277,Calm,Calm
CPI,2017-10-13,2017-10-13,3,0.0009778849764285331,0.0009783632618320937,Calm,Calm
CPI,2017-10-13,2017-10-13,4,0.0002736147198895894,0.0002736521558113214,Calm,Calm
CPI,2017-10-13,2017-10-13,5,0.005147570620975068,0.00516084212485346,Calm,Calm
FOMC,2017-11-01,2017-11-01,-5,-0.004962585927965889,-0.004950292642322052,Calm,Calm
FOMC,2017-11-01,2017-11-01,-4,0.001291987596534889,0.0012928225720636455,Calm,Calm
FOMC,2017-11-01,2017-11-01,-3,0.00814285697002855,0.00817610020020676,Calm,Calm
FOMC,2017-11-01,2017-11-01,-2,-0.0037320975630903207,-0.0037251419426885812,Calm,Calm
FOMC,2017-11-01,2017-11-01,-1,0.001556745000939104,0.001557957357466444,Calm,Calm
FOMC,2017-11-01,2017-11-01,0,0.0013213575437801366,0.0013222309212983507,Calm,Calm
FOMC,2017-11-01,2017-11-01,1,0.0003882945646311126,0.00038836996072388885,Calm,Calm
FOMC,2017-11-01,2017-11-01,2,0.003332962173013846,0.003338522667360122,Calm,Calm
FOMC,2017-11-01,2017-11-01,3,0.0015465132200598716,0.0015477096883349528,Calm,Calm
FOMC,2017-11-01,2017-11-01,4,-0.0006954867916643651,-0.0006952449967839724,Calm,Calm
FOMC,2017-11-01,2017-11-01,5,0.001699345204104574,0.0017007899094010348,Calm,Calm
CPI,2017-11-15,2017-11-15,-5,0.001699345204104574,0.0017007899094010348,Calm,Calm
CPI,2017-11-15,2017-11-15,-4,-0.0036343422140858507,-0.003627745985824493,Calm,Calm
CPI,2017-11-15,2017-11-15,-3,-0.0003099796877422153,-0.00030993164900261494,Calm,Calm
CPI,2017-11-15,2017-11-15,-2,0.0009296509498462574,0.0009300832092302702,Calm,Calm
CPI,2017-11-15,2017-11-15,-1,-0.002325208983960465,-0.002322507779578098,Calm,Calm
CPI,2017-11-15,2017-11-15,0,-0.005017936291849565,-0.005005367481486389,Calm,Calm
CPI,2017-11-15,2017-11-15,1,0.008464917383309678,0.008500846102790227,Calm,Calm
CPI,2017-11-15,2017-11-15,2,-0.0029429475451544867,-0.002938621320019541,Calm,Calm
CPI,2017-11-15,2017-11-15,3,0.0017050837815093716,0.001706538263414048,Calm,Calm
CPI,2017-11-15,2017-11-15,4,0.006521350324642208,0.006542660628470642,Calm,Calm
CPI,2017-11-15,2017-11-15,5,-0.000885140437628379,-0.0008847488163863382,Calm,Calm
CPI,2017-12-13,2017-12-13,-5,0.00019025930666362082,0.000190277407113415,Calm,Calm
CPI,2017-12-13,2017-12-13,-4,0.0031478547635621183,0.0031528144611387976,Calm,Calm
CPI,2017-12-13,2017-12-13,-3,0.005438321125608723,0.005453135637123241,Calm,Calm
CPI,2017-12-13,2017-12-13,-2,0.0030085151398256418,0.0030130452633414517,Calm,Calm
CPI,2017-12-13,2017-12-13,-1,0.0017634404272809862,0.0017649962027226351,Calm,Calm
CPI,2017-12-13,2017-12-13,0,-0.0001127409635163051,-0.00011273460849270389,Calm,Calm
CPI,2017-12-13,2017-12-13,1,-0.0040944486357775735,-0.004086077809498545,Calm,Calm
CPI,2017-12-13,2017-12-13,2,0.00829300477863918,0.008327486997258937,Calm,Calm
CPI,2017-12-13,2017-12-13,3,0.006321235953362307,0.006341257129311995,Calm,Calm
CPI,2017-12-13,2017-12-13,4,-0.0038477440578650285,-0.0038403509759662446,Calm,Calm
CPI,2017-12-13,2017-12-13,5,-0.0005242418822903733,-0.000524104491524513,Calm,Calm
FOMC,2017-12-13,2017-12-13,-5,0.00019025930666362082,0.000190277407113415,Calm,Calm
FOMC,2017-12-13,2017-12-13,-4,0.0031478547635621183,0.0031528144611387976,Calm,Calm
FOMC,2017-12-13,2017-12-13,-3,0.005438321125608723,0.005453135637123241,Calm,Calm
FOMC,2017-12-13,2017-12-13,-2,0.0030085151398256418,0.0030130452633414517,Calm,Calm
FOMC,2017-12-13,2017-12-13,-1,0.0017634404272809862,0.0017649962027226351,Calm,Calm
FOMC,2017-12-13,2017-12-13,0,-0.0001127409635163051,-0.00011273460849270389,Calm,Calm
FOMC,2017-12-13,2017-12-13,1,-0.0040944486357775735,-0.004086077809498545,Calm,Calm
FOMC,2017-12-13,2017-12-13,2,0.00829300477863918,0.008327486997258937,Calm,Calm
FOMC,2017-12-13,2017-12-13,3,0.006321235953362307,0.006341257129311995,Calm,Calm
FOMC,2017-12-13,2017-12-13,4,-0.0038477440578650285,-0.0038403509759662446,Calm,Calm
FOMC,2017-12-13,2017-12-13,5,-0.0005242418822903733,-0.000524104491524513,Calm,Calm
CPI,2018-01-12,2018-01-12,-5,0.006642024688065133,0.006664131852383903,Calm,Calm
CPI,2018-01-12,2018-01-12,-4,0.001826747634641001,0.0018284171545437378,Calm,Calm
CPI,2018-01-12,2018-01-12,-3,0.002260992033373994,0.0022635500033481026,Calm,Calm
CPI,2018-01-12,2018-01-12,-2,-0.0015311504264527878,-0.001529978813686661,Calm,Calm
CPI,2018-01-12,2018-01-12,-1,0.007269958744439118,0.007296449050078646,Calm,Calm
CPI,2018-01-12,2018-01-12,0,0.006497523378829982,0.006518678076754769,Calm,Calm
CPI,2018-01-12,2018-01-12,1,-0.003424329408071445,-0.0034184730786980255,Calm,Calm
CPI,2018-01-12,2018-01-12,2,0.00948683253785982,0.009531975174276619,Calm,Calm
CPI,2018-01-12,2018-01-12,3,-0.0016821531948091647,-0.001680739168104739,Calm,Calm
CPI,2018-01-12,2018-01-12,4,0.004539317100216416,0.004549635406865482,Calm,Calm
CPI,2018-01-12,2018-01-12,5,0.008097936173954233,0.008130813144375582,Calm,Calm
FOMC,2018-01-31,2018-01-31,-5,-0.00038799799491674887,-0.0003879227334288027,Calm,Calm
FOMC,2018-01-31,2018-01-31,-4,0.0004238583271268459,0.0004239481677603685,Calm,Calm
FOMC,2018-01-31,2018-01-31,-3,0.011511153437100073,0.01157766171450092,Calm,Calm
FOMC,2018-01-31,2018-01-31,-2,-0.006651813676630308,-0.0066297393359553425,Calm,Calm
FOMC,2018-01-31,2018-01-31,-1,-0.010310339284260008,-0.010257369936467864,Calm,Calm
FOMC,2018-01-31,2018-01-31,0,0.0004970266467999479,0.0004971501850101756,Calm,Calm
FOMC,2018-01-31,2018-01-31,1,-0.0011365120668759955,-0.0011358664816318864,Calm,Calm
FOMC,2018-01-31,2018-01-31,2,-0.022009981178250468,-0.02176952889021988,Calm,Calm
FOMC,2018-01-31,2018-01-31,3,-0.042722275799951345,-0.0418225378128223,Calm,Calm
FOMC,2018-01-31,2018-01-31,4,0.01951047399101367,0.01970204715480417,Calm,Calm
FOMC,2018-01-31,2018-01-31,5,-0.005439364089018578,-0.005424597533860265,Calm,Calm
CPI,2018-02-14,2018-02-14,-5,-0.005439364089018578,-0.005424597533860265,Choppy,Choppy
CPI,2018-02-14,2018-02-14,-4,-0.038230308041675605,-0.037508754110862075,Choppy,Choppy
CPI,2018-02-14,2018-02-14,-3,0.014909537554489226,0.015021239158864219,Choppy,Choppy
CPI,2018-02-14,2018-02-14,-2,0.014577937265568856,0.014684713621765155,Choppy,Choppy
CPI,2018-02-14,2018-02-14,-1,0.002484319796068703,0.0024874082755539373,Choppy,Choppy
CPI,2018-02-14,2018-02-14,0,0.013405953308496001,0.01349621600202311,Choppy,Choppy
CPI,2018-02-14,2018-02-14,1,0.012679330087194489,0.012760053605510802,Choppy,Choppy
CPI,2018-02-14,2018-02-14,2,0.0002927998742046999,0.00029284274427188173,Choppy,Choppy
CPI,2018-02-14,2018-02-14,3,-0.006280504409231968,-0.006260823265473503,Choppy,Choppy
CPI,2018-02-14,2018-02-14,4,-0.004987104271976937,-0.004974689314270919,Choppy,Choppy
CPI,2018-02-14,2018-02-14,5,0.0012954166637757746,0.0012962560783669197,Choppy,Choppy
CPI,2018-03-13,2018-03-13,-5,0.0025319799549169647,0.0025351881232642537,Calm,Calm
CPI,2018-03-13,2018-03-13,-4,-0.0003665124110689907,-0.0003664452536001894,Calm,Calm
CPI,2018-03-13,2018-03-13,-3,0.004827459205031618,0.004839130159013605,Calm,Calm
CPI,2018-03-13,2018-03-13,-2,0.017252485010764738,0.017402168696462272,Calm,Calm
CPI,2018-03-13,2018-03-13,-1,-0.0012560469742761227,-0.0012552584774395692,Calm,Calm
CPI,2018-03-13,2018-03-13,0,-0.006483232297382211,-0.006462261490882137,Calm,Calm
CPI,2018-03-13,2018-03-13,1,-0.005145178799375207,-0.005131965039036457,Calm,Calm
CPI,2018-03-13,2018-03-13,2,-0.0010900144362561408,-0.0010894205863084538,Calm,Calm
CPI,2018-03-13,2018-03-13,3,0.0010835282695336591,0.0010841154983629586,Calm,Calm
CPI,2018-03-13,2018-03-13,4,-0.013622490924114612,-0.013530124689717593,Calm,Calm
CPI,2018-03-13,2018-03-13,5,0.001699476250378442,0.0017009211785656841,Calm,Calm
FOMC,2018-03-21,2018-03-21,-5,-0.005145178799375207,-0.005131965039036457,Calm,Calm
FOMC,2018-03-21,2018-03-21,-4,-0.0010900144362561408,-0.0010894205863084538,Calm,Calm
FOMC,2018-03-21,2018-03-21,-3,0.0010835282695336591,0.0010841154983629586,Calm,Calm
FOMC,2018-03-21,2018-03-21,-2,-0.013622490924114612,-0.013530124689717593,Calm,Calm
FOMC,2018-03-21,2018-03-21,-1,0.001699476250378442,0.0017009211785656841,Calm,Calm
FOMC,2018-03-21,2018-03-21,0,-0.0019211408361233299,-0.0019192966262518985,Calm,Calm
FOMC,2018-03-21,2018-03-21,1,-0.0253153047179098,-0.024997559312224582,Calm,Calm
FOMC,2018-03-21,2018-03-21,2,-0.021544809478595453,-0.021314377905848225,Calm,Calm
FOMC,2018-03-21,2018-03-21,3,0.02699148367207412,0.027359053399636846,Calm,Calm
FOMC,2018-03-21,2018-03-21,4,-0.017158289338934686,-0.017011924213073293,Calm,Calm
FOMC,2018-03-21,2018-03-21,5,-0.0029590643077105853,-0.0029546905920209143,Calm,Calm
CPI,2018-04-11,2018-04-11,-5,0.01064239322064461,0.010699224916869143,Choppy,Choppy
CPI,2018-04-11,2018-04-11,-4,0.007861076688518457,0.007892056075776699,Choppy,Choppy
CPI,2018-04-11,2018-04-11,-3,-0.02253825138196408,-0.02228616242740522,Choppy,Choppy
CPI,2018-04-11,2018-04-11,-2,0.004916520317227648,0.004928626234774525,Choppy,Choppy
CPI,2018-04-11,2018-04-11,-1,0.01577527340535566,0.015900359923268104,Choppy,Choppy
CPI,2018-04-11,2018-04-11,0,-0.005256244107651764,-0.005242454228162385,Choppy,Choppy
CPI,2018-04-11,2018-04-11,1,0.008193488592924444,0.008227147084607145,Choppy,Choppy
CPI,2018-04-11,2018-04-11,2,-0.0029372444852727446,-0.0029329350030564694,Choppy,Choppy
CPI,2018-04-11,2018-04-11,3,0.008188043471201768,0.008221657180013775,Choppy,Choppy
CPI,2018-04-11,2018-04-11,4,0.010641768550507726,0.01069859356344316,Choppy,Choppy
CPI,2018-04-11,2018-04-11,5,0.0007397086751502663,0.0007399823270823891,Choppy,Choppy
FOMC,2018-05-02,2018-05-02,-5,0.0024685674958444003,0.002471616917303132,Calm,Calm
FOMC,2018-05-02,2018-05-02,-4,0.01011441526251771,0.010165738850651973,Calm,Calm
FOMC,2018-05-02,2018-05-02,-3,0.0009382898552123173,0.0009387301868473141,Calm,Calm
FOMC,2018-05-02,2018-05-02,-2,-0.007720052553328391,-0.007690329484681513,Calm,Calm
FOMC,2018-05-02,2018-05-02,-1,0.0017752035827419594,0.0017767801894166269,Calm,Calm
FOMC,2018-05-02,2018-05-02,0,-0.0067404037261888676,-0.006717738158609987,Calm,Calm
FOMC,2018-05-02,2018-05-02,1,-0.0022059564096289603,-0.0022035250759223635,Calm,Calm
FOMC,2018-05-02,2018-05-02,2,0.012863365169953653,0.012946454137383823,Calm,Calm
FOMC,2018-05-02,2018-05-02,3,0.0033778039773423416,0.0033835151858341295,Calm,Calm
FOMC,2018-05-02,2018-05-02,4,0.0,0.0,Calm,Calm
FOMC,2018-05-02,2018-05-02,5,0.00961901479652011,0.009665426210680339,Calm,Calm
CPI,2018-05-10,2018-05-10,-5,-0.0022059564096289603,-0.0022035250759223635,Calm,Calm
CPI,2018-05-10,2018-05-10,-4,0.012863365169953653,0.012946454137383823,Calm,Calm
CPI,2018-05-10,2018-05-10,-3,0.0033778039773423416,0.0033835151858341295,Calm,Calm
CPI,2018-05-10,2018-05-10,-2,0.0,0.0,Calm,Calm
CPI,2018-05-10,2018-05-10,-1,0.00961901479652011,0.009665426210680339,Calm,Calm
CPI,2018-05-10,2018-05-10,0,0.009307318398690909,0.009350766176065006,Calm,Calm
CPI,2018-05-10,2018-05-10,1,0.0030465207534103532,0.0030511661139587254,Calm,Calm
CPI,2018-05-10,2018-05-10,2,0.00047685979780135986,0.00047697351350950434,Calm,Calm
CPI,2018-05-10,2018-05-10,3,-0.006910867801699338,-0.006887042670517207,Calm,Calm
CPI,2018-05-10,2018-05-10,4,0.004196305936813025,0.004205122756948398,Calm,Calm
CPI,2018-05-10,2018-05-10,5,-0.0008455092717029997,-0.000845151929457888,Calm,Calm
CPI,2018-06-12,2018-06-12,-5,0.0007274791655631507,0.0007277438427097938,Calm,Calm
CPI,2018-06-12,2018-06-12,-4,0.008326075856909053,0.008360834025911146,Calm,Calm
CPI,2018-06-12,2018-06-12,-3,-0.00010837657227845277,-0.00010837069974989344,Calm,Calm
CPI,2018-06-12,2018-06-12,-2,0.0029520947428210258,0.0029564564655231163,Calm,Calm
CPI,2018-06-12,2018-06-12,-1,0.0013291410823744623,0.0013300247818599509,Calm,Calm
CPI,2018-06-12,2018-06-12,0,0.0012917809126607898,0.0012926156210053552,Calm,Calm
CPI,2018-06-12,2018-06-12,1,-0.003196409550966983,-0.003191306472582367,Calm,Calm
CPI,2018-06-12,2018-06-12,2,0.002514704854165233,0.0025178693764742466,Calm,Calm
CPI,2018-06-12,2018-06-12,3,-0.0012767209771595005,-0.001275906315668096,Calm,Calm
CPI,2018-06-12,2018-06-12,4,-0.002058792562188638,-0.002056674702442196,Calm,Calm
CPI,2018-06-12,2018-06-12,5,-0.0038402890947452305,-0.00383292461483975,Calm,Calm
FOMC,2018-06-13,2018-06-13,-5,0.008326075856909053,0.008360834025911146,Calm,Calm
FOMC,2018-06-13,2018-06-13,-4,-0.00010837657227845277,-0.00010837069974989344,Calm,Calm
FOMC,2018-06-13,2018-06-13,-3,0.0029520947428210258,0.0029564564655231163,Calm,Calm
FOMC,2018-06-13,2018-06-13,-2,0.0013291410823744623,0.0013300247818599509,Calm,Calm
FOMC,2018-06-13,2018-06-13,-1,0.0012917809126607898,0.0012926156210053552,Calm,Calm
FOMC,2018-06-13,2018-06-13,0,-0.003196409550966983,-0.003191306472582367,Calm,Calm
FOMC,2018-06-13,2018-06-13,1,0.002514704854165233,0.0025178693764742466,Calm,Calm
FOMC,2018-06-13,2018-06-13,2,-0.0012767209771595005,-0.001275906315668096,Calm,Calm
FOMC,2018-06-13,2018-06-13,3,-0.002058792562188638,-0.002056674702442196,Calm,Calm
FOMC,2018-06-13,2018-06-13,4,-0.0038402890947452305,-0.00383292461483975,Calm,Calm
FOMC,2018-06-13,2018-06-13,5,0.0017047472928557763,0.0017062012005863991,Calm,Calm
CPI,2018-07-12,2018-07-12,-5,0.008124787640158422,0.008157883298269164,Calm,Calm
CPI,2018-07-12,2018-07-12,-4,0.008422432345738801,0.00845800081660153,Calm,Calm
CPI,2018-07-12,2018-07-12,-3,0.008964158925789537,0.009004457322151715,Calm,Calm
CPI,2018-07-12,2018-07-12,-2,0.003592289922871884,0.00359874992940612,Calm,Calm
CPI,2018-07-12,2018-07-12,-1,-0.007341380452764007,-0.00731449834344422,Calm,Calm
CPI,2018-07-12,2018-07-12,0,0.009024870455756848,0.009065717386076866,Calm,Calm
CPI,2018-07-12,2018-07-12,1,0.0007872871740617927,0.0007875971659545566,Calm,Calm
CPI,2018-07-12,2018-07-12,2,-0.0008942338203402233,-0.0008938341124304916,Calm,Calm
CPI,2018-07-12,2018-07-12,3,0.004036892457929604,0.004045051683899459,Calm,Calm
CPI,2018-07-12,2018-07-12,4,0.0021014364482526905,0.002103646013308147,Calm,Calm
CPI,2018-07-12,2018-07-12,5,-0.003778931796395344,-0.0037718006192065667,Calm,Calm
FOMC,2018-08-01,2018-08-01,-5,0.008486393783658813,0.00852250530329357,Calm,Calm
FOMC,2018-08-01,2018-08-01,-4,-0.002361839089743706,-0.002359052142339668,Calm,Calm
FOMC,2018-08-01,2018-08-01,-3,-0.006799414059716707,-0.0067763503467891395,Calm,Calm
FOMC,2018-08-01,2018-08-01,-2,-0.005236940401349853,-0.00522325153531622,Calm,Calm
FOMC,2018-08-01,2018-08-01,-1,0.004917242997440649,0.004929352477070603,Calm,Calm
FOMC,2018-08-01,2018-08-01,0,-0.0016722407321771485,-0.0016708433166908732,Calm,Calm
FOMC,2018-08-01,2018-08-01,1,0.005433278973303122,0.005448066002058161,Calm,Calm
FOMC,2018-08-01,2018-08-01,2,0.004275148115816926,0.004284299598189767,Calm,Calm
FOMC,2018-08-01,2018-08-01,3,0.0036609390378216995,0.0036676484602380377,Calm,Calm
FOMC,2018-08-01,2018-08-01,4,0.0032963004019711333,0.0033017391744418756,Calm,Calm
FOMC,2018-08-01,2018-08-01,5,-0.0004198743557287291,-0.0004197862208270564,Calm,Calm
CPI,2018-08-10,2018-08-10,-5,0.004275148115816926,0.004284299598189767,Calm,Calm
CPI,2018-08-10,2018-08-10,-4,0.0036609390378216995,0.0036676484602380377,Calm,Calm
CPI,2018-08-10,2018-08-10,-3,0.0032963004019711333,0.0033017391744418756,Calm,Calm
CPI,2018-08-10,2018-08-10,-2,-0.0004198743557287291,-0.0004197862208270564,Calm,Calm
CPI,2018-08-10,2018-08-10,-1,-0.0013671069334500905,-0.0013661728684704055,Calm,Calm
CPI,2018-08-10,2018-08-10,0,-0.006722798795514595,-0.006700251339323615,Calm,Calm
CPI,2018-08-10,2018-08-10,1,-0.0037505493932502554,-0.0037435248675622423,Calm,Calm
CPI,2018-08-10,2018-08-10,2,0.006360414305620994,0.006380684693924721,Calm,Calm
CPI,2018-08-10,2018-08-10,3,-0.007495007608855705,-0.007466990080221336,Calm,Calm
CPI,2018-08-10,2018-08-10,4,0.008058440969136523,0.00809099759769416,Calm,Calm
CPI,2018-08-10,2018-08-10,5,0.0035142842973451137,0.0035204666344483826,Calm,Calm
CPI,2018-09-13,2018-09-13,-5,-0.00301496167521513,-0.0030104212424867383,Calm,Calm
CPI,2018-09-13,2018-09-13,-4,-0.0019452421565091791,-0.001943351399177784,Calm,Calm
CPI,2018-09-13,2018-09-13,-3,0.0017369680290617146,0.0017384774318303098,Calm,Calm
CPI,2018-09-13,2018-09-13,-2,0.003292342794646577,0.003297768507987353,Calm,Calm
CPI,2018-09-13,2018-09-13,-1,0.00024213414968545936,0.00024216346652483622,Calm,Calm
CPI,2018-09-13,2018-09-13,0,0.005896787094860611,0.005914207368263424,Calm,Calm
CPI,2018-09-13,2018-09-13,1,0.00017233950925902737,0.00017235436056539655,Calm,Calm
CPI,2018-09-13,2018-09-13,2,-0.005308735693051778,-0.0052946692583917265,Calm,Calm
CPI,2018-09-13,2018-09-13,3,0.00541214878002874,0.005426820914553376,Calm,Calm
CPI,2018-09-13,2018-09-13,4,0.001064591933285957,0.0010651588124253042,Calm,Calm
CPI,2018-09-13,2018-09-13,5,0.00807107604612599,0.008103734985529965,Calm,Calm
FOMC,2018-09-26,2018-09-26,-5,0.001064591933285957,0.0010651588124253042,Calm,Calm
FOMC,2018-09-26,2018-09-26,-4,0.00807107604612599,0.008103734985529965,Calm,Calm
FOMC,2018-09-26,2018-09-26,-3,-0.0009143094508070198,-0.0009138915972799477,Calm,Calm
FOMC,2018-09-26,2018-09-26,-2,-0.0033272184857905634,-0.0033216894281918874,Calm,Calm
FOMC,2018-09-26,2018-09-26,-1,-0.0009283207662893548,-0.0009278900098704801,Calm,Calm
FOMC,2018-09-26,2018-09-26,0,-0.0029967380169837305,-0.002992252279591212,Calm,Calm
FOMC,2018-09-26,2018-09-26,1,0.0027902489380390834,0.00279414530570965,Calm,Calm
FOMC,2018-09-26,2018-09-26,2,0.00010313214450887695,0.00010313746281132019,Calm,Calm
FOMC,2018-09-26,2018-09-26,3,0.0034685042162910036,0.0034745264377273877,Calm,Calm
FOMC,2018-09-26,2018-09-26,4,-0.0005831184845678338,-0.0005829485040255156,Calm,Calm
FOMC,2018-09-26,2018-09-26,5,0.0005488613143451643,0.0005490119662774351,Calm,Calm
CPI,2018-10-11,2018-10-11,-5,-0.007846753451061502,-0.007816048046269564,Choppy,Choppy
CPI,2018-10-11,2018-10-11,-4,-0.005612507069848346,-0.005596786376628304,Choppy,Choppy
CPI,2018-10-11,2018-10-11,-3,0.0,0.0,Choppy,Choppy
CPI,2018-10-11,2018-10-11,-2,-0.0014602202134967172,-0.0014591546106954567,Choppy,Choppy
CPI,2018-10-11,2018-10-11,-1,-0.0321754002352602,-0.03166327930585122,Choppy,Choppy
CPI,2018-10-11,2018-10-11,0,-0.022272822015710108,-0.022026614018759605,Choppy,Choppy
CPI,2018-10-11,2018-10-11,1,0.013792773490678903,0.013888332627361555,Choppy,Choppy
CPI,2018-10-11,2018-10-11,2,-0.005632713398948401,-0.005616879412217002,Choppy,Choppy
CPI,2018-10-11,2018-10-11,3,0.021630210023112984,0.021865838849564057,Choppy,Choppy
CPI,2018-10-11,2018-10-11,4,0.00017855412458653693,0.00017857006632304717,Choppy,Choppy
CPI,2018-10-11,2018-10-11,5,-0.014546502222967786,-0.014441213007708842,Choppy,Choppy
FOMC,2018-11-08,2018-11-08,-5,0.010585705556397183,0.010641932362457807,Calm,Calm
FOMC,2018-11-08,2018-11-08,-4,-0.005940869623071494,-0.00592325755139933,Calm,Calm
FOMC,2018-11-08,2018-11-08,-3,0.005502059886794962,0.005517224016854838,Calm,Calm
FOMC,2018-11-08,2018-11-08,-2,0.006307523256909029,0.006327457571739359,Calm,Calm
FOMC,2018-11-08,2018-11-08,-1,0.021183034646104985,0.021408987761716514,Calm,Calm
FOMC,2018-11-08,2018-11-08,0,-0.0018163572059835449,-0.0018147086275205337,Calm,Calm
FOMC,2018-11-08,2018-11-08,1,-0.009816460623000664,-0.009768436444369755,Calm,Calm
FOMC,2018-11-08,2018-11-08,2,-0.018861668047980062,-0.018684899912509212,Calm,Calm
FOMC,2018-11-08,2018-11-08,3,-0.0018725261573794584,-0.0018707740740523393,Calm,Calm
FOMC,2018-11-08,2018-11-08,4,-0.006860660368050817,-0.006837179765872836,Calm,Calm
FOMC,2018-11-08,2018-11-08,5,0.010382674565545228,0.010436761558254348,Calm,Calm
CPI,2018-11-14,2018-11-14,-5,0.021183034646104985,0.021408987761716514,Choppy,Choppy
CPI,2018-11-14,2018-11-14,-4,-0.0018163572059835449,-0.0018147086275205337,Choppy,Choppy
CPI,2018-11-14,2018-11-14,-3,-0.009816460623000664,-0.009768436444369755,Choppy,Choppy
CPI,2018-11-14,2018-11-14,-2,-0.018861668047980062,-0.018684899912509212,Choppy,Choppy
CPI,2018-11-14,2018-11-14,-1,-0.0018725261573794584,-0.0018707740740523393,Choppy,Choppy
CPI,2018-11-14,2018-11-14,0,-0.006860660368050817,-0.006837179765872836,Choppy,Choppy
CPI,2018-11-14,2018-11-14,1,0.010382674565545228,0.010436761558254348,Choppy,Choppy
CPI,2018-11-14,2018-11-14,2,0.002597276099450702,0.002600651943052368,Choppy,Choppy
CPI,2018-11-14,2018-11-14,3,-0.017059276377742218,-0.016914590834319232,Choppy,Choppy
CPI,2018-11-14,2018-11-14,4,-0.018679311621101875,-0.018505934479963182,Choppy,Choppy
CPI,2018-11-14,2018-11-14,5,0.003401537624664649,0.003407329418910754,Choppy,Choppy
CPI,2018-12-12,2018-12-12,-5,-0.032938856690105996,-0.032402280092374225,Choppy,Choppy
CPI,2018-12-12,2018-12-12,-4,-0.0015182556825550655,-0.0015171037154635414,Choppy,Choppy
CPI,2018-12-12,2018-12-12,-3,-0.023510279658850993,-0.023236066182781956,Choppy,Choppy
CPI,2018-12-12,2018-12-12,-2,0.00189513595502939,0.0018969328601206037,Choppy,Choppy
CPI,2018-12-12,2018-12-12,-1,0.00022710777249085193,0.0002271335634134175,Choppy,Choppy
CPI,2018-12-12,2018-12-12,0,0.00502275398194478,0.0050353891563263975,Choppy,Choppy
CPI,2018-12-12,2018-12-12,1,-0.0003389416047417695,-0.0003388841705251888,Choppy,Choppy
CPI,2018-12-12,2018-12-12,2,-0.01863731230372317,-0.018464711533538347,Choppy,Choppy
CPI,2018-12-12,2018-12-12,3,-0.01981358321622058,-0.01961858417649509,Choppy,Choppy
CPI,2018-12-12,2018-12-12,4,-0.001097002335697873,-0.0010964008485999654,Choppy,Choppy
CPI,2018-12-12,2018-12-12,5,-0.015088947853256427,-0.014975680092332633,Choppy,Choppy
FOMC,2018-12-19,2018-12-19,-5,0.00502275398194478,0.0050353891563263975,Choppy,Choppy
FOMC,2018-12-19,2018-12-19,-4,-0.0003389416047417695,-0.0003388841705251888,Choppy,Choppy
FOMC,2018-12-19,2018-12-19,-3,-0.01863731230372317,-0.018464711533538347,Choppy,Choppy
FOMC,2018-12-19,2018-12-19,-2,-0.01981358321622058,-0.01961858417649509,Choppy,Choppy
FOMC,2018-12-19,2018-12-19,-1,-0.001097002335697873,-0.0010964008485999654,Choppy,Choppy
FOMC,2018-12-19,2018-12-19,0,-0.015088947853256427,-0.014975680092332633,Choppy,Choppy
FOMC,2018-12-19,2018-12-19,1,-0.016411748981084284,-0.0162778099543468,Choppy,Choppy
FOMC,2018-12-19,2018-12-19,2,-0.020702702670109728,-0.02048987296822924,Choppy,Choppy
FOMC,2018-12-19,2018-12-19,3,-0.026778119376515388,-0.026422764514966834,Choppy,Choppy
FOMC,2018-12-19,2018-12-19,4,0.04928991857028414,0.05052487326383237,Choppy,Choppy
FOMC,2018-12-19,2018-12-19,5,0.0076481377765381066,0.007677459486755245,Choppy,Choppy
CPI,2019-01-11,2019-01-11,-5,0.032947147477615284,0.03349591493182347,Choppy,Choppy
CPI,2019-01-11,2019-01-11,-4,0.007853523481151687,0.00788444328682436,Choppy,Choppy
CPI,2019-01-11,2019-01-11,-3,0.009351402611439904,0.009395263590789016,Choppy,Choppy
CPI,2019-01-11,2019-01-11,-2,0.004662632542399143,0.004673519527605752,Choppy,Choppy
CPI,2019-01-11,2019-01-11,-1,0.0035214549325244316,0.003527662539409171,Choppy,Choppy
CPI,2019-01-11,2019-01-11,0,0.0003862164789374486,0.0003862910701242228,Choppy,Choppy
CPI,2019-01-11,2019-01-11,1,-0.0061195048082586315,-0.006100818774563699,Choppy,Choppy
CPI,2019-01-11,2019-01-11,2,0.011395470026070175,0.011460645728606833,Choppy,Choppy
CPI,2019-01-11,2019-01-11,3,0.002416878512216444,0.002419801517463016,Choppy,Choppy
CPI,2019-01-11,2019-01-11,4,0.007558032884255749,0.007586666908302009,Choppy,Choppy
CPI,2019-01-11,2019-01-11,5,0.013222482426682594,0.013310286014449613,Choppy,Choppy
FOMC,2019-01-30,2019-01-30,-5,0.002090052467728262,0.0020922381498520437,Calm,Calm
FOMC,2019-01-30,2019-01-30,-4,0.000531804861075061,0.0005319462943507158,Calm,Calm
FOMC,2019-01-30,2019-01-30,-3,0.008425446830949559,0.008461040802912656,Calm,Calm
FOMC,2019-01-30,2019-01-30,-2,-0.007629172475085229,-0.007600144206223125,Calm,Calm
FOMC,2019-01-30,2019-01-30,-1,-0.0013280792169393658,-0.0013271977100163257,Calm,Calm
FOMC,2019-01-30,2019-01-30,0,0.015706827067950044,0.015830827644104373,Calm,Calm
FOMC,2019-01-30,2019-01-30,1,0.008744219497203902,0.00878256186104287,Calm,Calm
FOMC,2019-01-30,2019-01-30,2,0.00048160586963874325,0.00048172186036543607,Calm,Calm
FOMC,2019-01-30,2019-01-30,3,0.007010801946039581,0.007035435150527736,Calm,Calm
FOMC,2019-01-30,2019-01-30,4,0.004183146220548304,0.00419190778941414,Calm,Calm
FOMC,2019-01-30,2019-01-30,5,-0.0013189333526814246,-0.0013180639423604479,Calm,Calm
CPI,2019-02-13,2019-02-13,-5,-0.0013189333526814246,-0.0013180639423604479,Calm,Calm
CPI,2019-02-13,2019-02-13,-4,-0.00957903335370228,-0.009533300555530255,Calm,Calm
CPI,2019-02-13,2019-02-13,-3,0.0012212957094822313,0.001222041794786577,Calm,Calm
CPI,2019-02-13,2019-02-13,-2,0.0005543273819528789,0.0005544810497688513,Calm,Calm
CPI,2019-02-13,2019-02-13,-1,0.012777490968929644,0.01285947190477299,Calm,Calm
CPI,2019-02-13,2019-02-13,0,0.003241505775525204,0.0032467651365859496,Calm,Calm
CPI,2019-02-13,2019-02-13,1,-0.0022207442909550562,-0.002218280262681893,Calm,Calm
CPI,2019-02-13,2019-02-13,2,0.010838601569451283,0.010897551999008659,Calm,Calm
CPI,2019-02-13,2019-02-13,3,0.0017287661103050323,0.0017302612879170898,Calm,Calm
CPI,2019-02-13,2019-02-13,4,0.0020132765069855968,0.0020153045088802113,Calm,Calm
CPI,2019-02-13,2019-02-13,5,-0.003561972789453902,-0.003555636489852354,Calm,Calm
CPI,2019-03-12,2019-03-12,-5,-0.0013610607002846845,-0.0013601348772511734,Calm,Calm
CPI,2019-03-12,2019-03-12,-4,-0.006075196510906372,-0.006056779818465419,Calm,Calm
CPI,2019-03-12,2019-03-12,-3,-0.00840088939893566,-0.008365700535784337,Calm,Calm
CPI,2019-03-12,2019-03-12,-2,-0.002002176607795631,-0.0020001735892332118,Calm,Calm
CPI,2019-03-12,2019-03-12,-1,0.014397295243093295,0.014501435477287217,Calm,Calm
CPI,2019-03-12,2019-03-12,0,0.0037640924829323934,0.0037711855759361423,Calm,Calm
CPI,2019-03-12,2019-03-12,1,0.0065974057507319165,0.006619216570612707,Calm,Calm
CPI,2019-03-12,2019-03-12,2,-0.0006403582062868624,-0.000640153220727746,Calm,Calm
CPI,2019-03-12,2019-03-12,3,0.0049286911405456504,0.004940857117961439,Calm,Calm
CPI,2019-03-12,2019-03-12,4,0.0036191635402675996,0.003625720620628936,Calm,Calm
CPI,2019-03-12,2019-03-12,5,0.00024787021901454085,0.0002479009413756117,Calm,Calm
FOMC,2019-03-20,2019-03-20,-5,0.0065974057507319165,0.006619216570612707,Calm,Calm
FOMC,2019-03-20,2019-03-20,-4,-0.0006403582062868624,-0.000640153220727746,Calm,Calm
FOMC,2019-03-20,2019-03-20,-3,0.0049286911405456504,0.004940857117961439,Calm,Calm
FOMC,2019-03-20,2019-03-20,-2,0.0036191635402675996,0.003625720620628936,Calm,Calm
FOMC,2019-03-20,2019-03-20,-1,0.00024787021901454085,0.0002479009413756117,Calm,Calm
FOMC,2019-03-20,2019-03-20,0,-0.0030143008728154377,-0.0030097624291629543,Calm,Calm
FOMC,2019-03-20,2019-03-20,1,0.011231368216168236,0.011294676824269434,Calm,Calm
FOMC,2019-03-20,2019-03-20,2,-0.019433777256519166,-0.01924615875176383,Calm,Calm
FOMC,2019-03-20,2019-03-20,3,-0.0007524309181995049,-0.0007521479130412345,Calm,Calm
FOMC,2019-03-20,2019-03-20,4,0.007426530877676013,0.007454175951404851,Calm,Calm
FOMC,2019-03-20,2019-03-20,5,-0.0052428894266065606,-0.005229169469714634,Calm,Calm
CPI,2019-04-10,2019-04-10,-5,0.001572313316121052,0.0015735500487952248,Calm,Calm
CPI,2019-04-10,2019-04-10,-4,0.0026500376219508797,0.002653552075442045,Calm,Calm
CPI,2019-04-10,2019-04-10,-3,0.004828517668003369,0.004840193744588328,Calm,Calm
CPI,2019-04-10,2019-04-10,-2,0.0007621970819101633,0.000762487627919084,Calm,Calm
CPI,2019-04-10,2019-04-10,-1,-0.005137834352129987,-0.005124658256405623,Calm,Calm
CPI,2019-04-10,2019-04-10,0,0.003404770021414464,0.0034105728347431086,Calm,Calm
CPI,2019-04-10,2019-04-10,1,-0.0002773623563024299,-0.0002773238949200785,Calm,Calm
CPI,2019-04-10,2019-04-10,2,0.006742507054602897,0.006765288928827218,Calm,Calm
CPI,2019-04-10,2019-04-10,3,-0.0006546139684517945,-0.0006543997554727676,Calm,Calm
CPI,2019-04-10,2019-04-10,4,0.0006546139684519358,0.0006548282749359036,Calm,Calm
CPI,2019-04-10,2019-04-10,5,-0.0024492026796666794,-0.002446205829913728,Calm,Calm
FOMC,2019-05-01,2019-05-01,-5,-0.0022215665668558282,-0.002219100714206945,Calm,Calm
FOMC,2019-05-01,2019-05-01,-4,-0.0006163354121851229,-0.0006161455165301088,Calm,Calm
FOMC,2019-05-01,2019-05-01,-3,0.004646016147747354,0.004656825614605786,Calm,Calm
FOMC,2019-05-01,2019-05-01,-2,0.0015665978175001813,0.001567825572910353,Calm,Calm
FOMC,2019-05-01,2019-05-01,-1,0.0005104396778115244,0.0005105699743124248,Calm,Calm
FOMC,2019-05-01,2019-05-01,0,-0.007545115965561151,-0.007516723032295669,Calm,Calm
FOMC,2019-05-01,2019-05-01,1,-0.0021613088946744684,-0.002158974948367809,Calm,Calm
FOMC,2019-05-01,2019-05-01,2,0.009740644617793838,0.009788239104720375,Calm,Calm
FOMC,2019-05-01,2019-05-01,3,-0.004124125677275953,-0.004115633149736508,Calm,Calm
FOMC,2019-05-01,2019-05-01,4,-0.016840485292006185,-0.016699476978637717,Calm,Calm
FOMC,2019-05-01,2019-05-01,5,-0.001390377936590894,-0.0013894118090003182,Calm,Calm
CPI,2019-05-10,2019-05-10,-5,0.009740644617793838,0.009788239104720375,Calm,Calm
CPI,2019-05-10,2019-05-10,-4,-0.004124125677275953,-0.004115633149736508,Calm,Calm
CPI,2019-05-10,2019-05-10,-3,-0.016840485292006185,-0.016699476978637717,Calm,Calm
CPI,2019-05-10,2019-05-10,-2,-0.001390377936590894,-0.0013894118090003182,Calm,Calm
CPI,2019-05-10,2019-05-10,-1,-0.0030302227495229285,-0.0030256362584332175,Calm,Calm
CPI,2019-05-10,2019-05-10,0,0.005010594243410496,0.005023168263078137,Calm,Calm
CPI,2019-05-10,2019-05-10,1,-0.02545133614357906,-0.025130181263681273,Calm,Calm
CPI,2019-05-10,2019-05-10,2,0.009003285902551622,0.009043937388468981,Calm,Calm
CPI,2019-05-10,2019-05-10,3,0.005840379034810962,0.005857467299563046,Calm,Calm
CPI,2019-05-10,2019-05-10,4,0.009218467165089074,0.00926108809941617,Calm,Calm
CPI,2019-05-10,2019-05-10,5,-0.0064863503550394415,-0.006465359394005721,Calm,Calm
CPI,2019-06-12,2019-06-12,-5,0.008624800438098146,0.008662101189456317,Calm,Calm
CPI,2019-06-12,2019-06-12,-4,0.006481437735620102,0.006502487706631754,Calm,Calm
CPI,2019-06-12,2019-06-12,-3,0.009957414837843081,0.010007154849864142,Calm,Calm
CPI,2019-06-12,2019-06-12,-2,0.004578471780894133,0.004588968997106813,Calm,Calm
CPI,2019-06-12,2019-06-12,-1,-0.00024235118047318812,-0.00024232181579808554,Calm,Calm
CPI,2019-06-12,2019-06-12,0,-0.0017670569680527006,-0.0017654966420854734,Calm,Calm
CPI,2019-06-12,2019-06-12,1,0.0041177402460995565,0.004126229787041913,Calm,Calm
CPI,2019-06-12,2019-06-12,2,-0.0011055500493697148,-0.0011049391540597364,Calm,Calm
CPI,2019-06-12,2019-06-12,3,0.0003804377749982835,0.0003805101506264563,Calm,Calm
CPI,2019-06-12,2019-06-12,4,0.010416438153246593,0.01047087810441516,Calm,Calm
CPI,2019-06-12,2019-06-12,5,0.002254609727439036,0.002257153271157497,Calm,Calm
FOMC,2019-06-19,2019-06-19,-5,-0.0017670569680527006,-0.0017654966420854734,Calm,Calm
FOMC,2019-06-19,2019-06-19,-4,0.0041177402460995565,0.004126229787041913,Calm,Calm
FOMC,2019-06-19,2019-06-19,-3,-0.0011055500493697148,-0.0011049391540597364,Calm,Calm
FOMC,2019-06-19,2019-06-19,-2,0.0003804377749982835,0.0003805101506264563,Calm,Calm
FOMC,2019-06-19,2019-06-19,-1,0.010416438153246593,0.01047087810441516,Calm,Calm
FOMC,2019-06-19,2019-06-19,0,0.002254609727439036,0.002257153271157497,Calm,Calm
FOMC,2019-06-19,2019-06-19,1,0.009508779217167682,0.009554131291912515,Calm,Calm
FOMC,2019-06-19,2019-06-19,2,-0.0014542207011311464,-0.0014531638345751663,Calm,Calm
FOMC,2019-06-19,2019-06-19,3,-0.0012251978738766003,-0.0012244476253937542,Calm,Calm
FOMC,2019-06-19,2019-06-19,4,-0.009856348928178204,-0.009807934315416489,Calm,Calm
FOMC,2019-06-19,2019-06-19,5,-0.000998113828851763,-0.0009976158789281042,Calm,Calm
CPI,2019-07-11,2019-07-11,-5,0.007963550028036935,0.00799534343264674,Calm,Calm
CPI,2019-07-11,2019-07-11,-4,-0.0011382928700596887,-0.0011376452604771048,Calm,Calm
CPI,2019-07-11,2019-07-11,-3,-0.005510264278799762,-0.005495110618921717,Calm,Calm
CPI,2019-07-11,2019-07-11,-2,0.0012457718445934172,0.0012465481406669365,Calm,Calm
CPI,2019-07-11,2019-07-11,-1,0.004766571227080297,0.0047779493988171495,Calm,Calm
CPI,2019-07-11,2019-07-11,0,0.0023412839238035857,0.0023440268692631605,Calm,Calm
CPI,2019-07-11,2019-07-11,1,0.004467169226722836,0.004477161901288218,Calm,Calm
CPI,2019-07-11,2019-07-11,2,0.0003325335442742896,0.0003325888396823462,Calm,Calm
CPI,2019-07-11,2019-07-11,3,-0.0032302282879512713,-0.003225016713590323,Calm,Calm
CPI,2019-07-11,2019-07-11,4,-0.006828617878538003,-0.006805355846764893,Calm,Calm
CPI,2019-07-11,2019-07-11,5,0.0036541470245508557,0.003660831559400446,Calm,Calm
FOMC,2019-07-31,2019-07-31,-5,0.004688454186915067,0.004699462185021153,Calm,Calm
FOMC,2019-07-31,2019-07-31,-4,-0.004788801610455663,-0.004777353581427057,Calm,Calm
FOMC,2019-07-31,2019-07-31,-3,0.006678116762659139,0.006700465104989117,Calm,Calm
FOMC,2019-07-31,2019-07-31,-2,-0.0018228844524278292,-0.0018212240076506125,Calm,Calm
FOMC,2019-07-31,2019-07-31,-1,-0.002458077037839578,-0.0024550584402992515,Calm,Calm
FOMC,2019-07-31,2019-07-31,0,-0.011000539904086391,-0.010940255222173345,Calm,Calm
FOMC,2019-07-31,2019-07-31,1,-0.008745849019051845,-0.008707715332982868,Calm,Calm
FOMC,2019-07-31,2019-07-31,2,-0.007558120295547072,-0.0075296295284145165,Calm,Calm
FOMC,2019-07-31,2019-07-31,3,-0.030534280319611393,-0.03007281791649785,Calm,Calm
FOMC,2019-07-31,2019-07-31,4,0.013925055272346396,0.01402246045355171,Calm,Calm
FOMC,2019-07-31,2019-07-31,5,0.0005904479237689485,0.0005906222724572086,Calm,Calm
CPI,2019-08-13,2019-08-13,-5,0.013925055272346396,0.01402246045355171,Choppy,Calm
CPI,2019-08-13,2019-08-13,-4,0.0005904479237689485,0.0005906222724572086,Choppy,Calm
CPI,2019-08-13,2019-08-13,-3,0.0194303377469608,0.019620335336774986,Choppy,Calm
CPI,2019-08-13,2019-08-13,-2,-0.006835031058461733,-0.0068117253622926865,Choppy,Calm
CPI,2019-08-13,2019-08-13,-1,-0.012248016365928073,-0.012173314706890204,Choppy,Calm
CPI,2019-08-13,2019-08-13,0,0.015432395540150112,0.015552089887051368,Choppy,Calm
CPI,2019-08-13,2019-08-13,1,-0.030013950295250533,-0.029568004358780264,Choppy,Calm
CPI,2019-08-13,2019-08-13,2,0.002638458872720616,0.0026419426686090652,Choppy,Calm
CPI,2019-08-13,2019-08-13,3,0.014647058664627406,0.014754852472793845,Choppy,Calm
CPI,2019-08-13,2019-08-13,4,0.011975872860271315,0.012047870751119572,Choppy,Calm
CPI,2019-08-13,2019-08-13,5,-0.007691830444530529,-0.007662324018014255,Choppy,Calm
CPI,2019-09-12,2019-09-12,-5,0.012773481048590508,0.012855410427119018,Calm,Calm
CPI,2019-09-12,2019-09-12,-4,0.0007714952260398702,0.0007717929050294892,Calm,Calm
CPI,2019-09-12,2019-09-12,-3,0.0005036740378836746,0.0005038009029505464,Calm,Calm
CPI,2019-09-12,2019-09-12,-2,-0.00023495600449506966,-0.0002349284044946831,Calm,Calm
CPI,2019-09-12,2019-09-12,-1,0.007085635988871132,0.007110798503251692,Calm,Calm
CPI,2019-09-12,2019-09-12,0,0.003457727256630083,0.0034637120915081976,Calm,Calm
CPI,2019-09-12,2019-09-12,1,-0.0006635373498868514,-0.0006633172576619994,Calm,Calm
CPI,2019-09-12,2019-09-12,2,-0.003093806359499804,-0.0030890254722554245,Calm,Calm
CPI,2019-09-12,2019-09-12,3,0.0025289826945122384,0.002532183268743715,Calm,Calm
CPI,2019-09-12,2019-09-12,4,0.0005980781709621756,0.0005982570553719757,Calm,Calm
CPI,2019-09-12,2019-09-12,5,-6.706998610020422e-05,-6.706773695897006e-05,Calm,Calm
FOMC,2019-09-18,2019-09-18,-5,0.007085635988871132,0.007110798503251692,Calm,Calm
FOMC,2019-09-18,2019-09-18,-4,0.003457727256630083,0.0034637120915081976,Calm,Calm
FOMC,2019-09-18,2019-09-18,-3,-0.0006635373498868514,-0.0006633172576619994,Calm,Calm
FOMC,2019-09-18,2019-09-18,-2,-0.003093806359499804,-0.0030890254722554245,Calm,Calm
FOMC,2019-09-18,2019-09-18,-1,0.0025289826945122384,0.002532183268743715,Calm,Calm
FOMC,2019-09-18,2019-09-18,0,0.0005980781709621756,0.0005982570553719757,Calm,Calm
FOMC,2019-09-18,2019-09-18,1,-6.706998610020422e-05,-6.706773695897006e-05,Calm,Calm
FOMC,2019-09-18,2019-09-18,2,-0.004735813810641308,-0.0047246175258964795,Calm,Calm
FOMC,2019-09-18,2019-09-18,3,-0.00023448838095997806,-0.00023446089070833231,Calm,Calm
FOMC,2019-09-18,2019-09-18,4,-0.007877664120772386,-0.007846716642704976,Calm,Calm
FOMC,2019-09-18,2019-09-18,5,0.005897398983303491,0.005914822875729753,Calm,Calm
CPI,2019-10-10,2019-10-10,-5,0.008159488022848164,0.008192867369608114,Calm,Calm
CPI,2019-10-10,2019-10-10,-4,0.013441555932211214,0.013532299768772793,Calm,Calm
CPI,2019-10-10,2019-10-10,-3,-0.004324169624742313,-0.004314833864588308,Calm,Calm
CPI,2019-10-10,2019-10-10,-2,-0.015646666771170967,-0.01552489362252707,Calm,Calm
CPI,2019-10-10,2019-10-10,-1,0.009451773534377952,0.009496582609661575,Calm,Calm
CPI,2019-10-10,2019-10-10,0,0.006740686668906684,0.006763456229363918,Calm,Calm
CPI,2019-10-10,2019-10-10,1,0.010313647902706906,0.010367016887743441,Calm,Calm
CPI,2019-10-10,2019-10-10,2,-0.0011144653505285858,-0.0011138445646560191,Calm,Calm
CPI,2019-10-10,2019-10-10,3,0.009851702807864246,0.009900390586464747,Calm,Calm
CPI,2019-10-10,2019-10-10,4,-0.0016073347531859977,-0.0016060436825018343,Calm,Calm
CPI,2019-10-10,2019-10-10,5,0.0029444732822735053,0.002948812501588405,Calm,Calm
FOMC,2019-10-11,2019-10-11,-5,0.013441555932211214,0.013532299768772793,Calm,Calm
FOMC,2019-10-11,2019-10-11,-4,-0.004324169624742313,-0.004314833864588308,Calm,Calm
FOMC,2019-10-11,2019-10-11,-3,-0.015646666771170967,-0.01552489362252707,Calm,Calm
FOMC,2019-10-11,2019-10-11,-2,0.009451773534377952,0.009496582609661575,Calm,Calm
FOMC,2019-10-11,2019-10-11,-1,0.006740686668906684,0.006763456229363918,Calm,Calm
FOMC,2019-10-11,2019-10-11,0,0.010313647902706906,0.010367016887743441,Calm,Calm
FOMC,2019-10-11,2019-10-11,1,-0.0011144653505285858,-0.0011138445646560191,Calm,Calm
FOMC,2019-10-11,2019-10-11,2,0.009851702807864246,0.009900390586464747,Calm,Calm
FOMC,2019-10-11,2019-10-11,3,-0.0016073347531859977,-0.0016060436825018343,Calm,Calm
FOMC,2019-10-11,2019-10-11,4,0.0029444732822735053,0.002948812501588405,Calm,Calm
FOMC,2019-10-11,2019-10-11,5,-0.004386461862194785,-0.004376855389635281,Calm,Calm
FOMC,2019-10-30,2019-10-30,-5,0.002905576152802965,0.0029098014304904662,Calm,Calm
FOMC,2019-10-30,2019-10-30,-4,0.0016325904431329777,0.001633923844444496,Calm,Calm
FOMC,2019-10-30,2019-10-30,-3,0.004086598917607787,0.004094960449159801,Calm,Calm
FOMC,2019-10-30,2019-10-30,-2,0.005620725036767774,0.0056365509488771615,Calm,Calm
FOMC,2019-10-30,2019-10-30,-1,-0.0002966781639688586,-0.00029663415935421433,Calm,Calm
FOMC,2019-10-30,2019-10-30,0,0.003062467994907879,0.0030671621406850313,Calm,Calm
FOMC,2019-10-30,2019-10-30,1,-0.0026668797885461733,-0.0026633268237880037,Calm,Calm
FOMC,2019-10-30,2019-10-30,2,0.00922135746815091,0.00926400517404491,Calm,Calm
FOMC,2019-10-30,2019-10-30,3,0.0040095117446803255,0.004017560590614533,Calm,Calm
FOMC,2019-10-30,2019-10-30,4,-0.0011064762975685997,-0.0011058643783822264,Calm,Calm
FOMC,2019-10-30,2019-10-30,5,0.0002277529925921281,0.00022777893027403628,Calm,Calm
CPI,2019-11-13,2019-11-13,-5,0.0002277529925921281,0.00022777893027403628,Calm,Calm
CPI,2019-11-13,2019-11-13,-4,0.003510487551660259,0.003516656529680029,Calm,Calm
CPI,2019-11-13,2019-11-13,-3,0.0024630207426163163,0.002466056470047162,Calm,Calm
CPI,2019-11-13,2019-11-13,-2,-0.0019113129273562884,-0.0019094875319556337,Calm,Calm
CPI,2019-11-13,2019-11-13,-1,0.0021056209835680216,0.00210783936017811,Calm,Calm
CPI,2019-11-13,2019-11-13,0,0.00032369050454047685,0.00032374289796477385,Calm,Calm
CPI,2019-11-13,2019-11-13,1,0.001454715820264936,0.0014557744325882638,Calm,Calm
CPI,2019-11-13,2019-11-13,2,0.007210038743555537,0.0072360936542272825,Calm,Calm
CPI,2019-11-13,2019-11-13,3,0.0007374262652416079,0.0007376982308373581,Calm,Calm
CPI,2019-11-13,2019-11-13,4,-0.00028870850903178524,-0.00028866683674066973,Calm,Calm
CPI,2019-11-13,2019-11-13,5,-0.0037253962324564328,-0.0037184655530921873,Calm,Calm
FOMC,2019-12-11,2019-12-11,-5,0.00615136484494666,0.006170323343285933,Calm,Calm
FOMC,2019-12-11,2019-12-11,-4,0.0017961001638503108,0.0017977141178793232,Calm,Calm
FOMC,2019-12-11,2019-12-11,-3,0.00909273290786968,0.009134197383585674,Calm,Calm
FOMC,2019-12-11,2019-12-11,-2,-0.003149202429235935,-0.0031442488925267353,Calm,Calm
FOMC,2019-12-11,2019-12-11,-1,-0.001115517456099019,-0.0011148954977915349,Calm,Calm
FOMC,2019-12-11,2019-12-11,0,0.0028343868270000205,0.002838407499158535,Calm,Calm
FOMC,2019-12-11,2019-12-11,1,0.008581946611443281,0.008618877084784371,Calm,Calm
FOMC,2019-12-11,2019-12-11,2,0.0005992793699687003,0.0005994589737261524,Calm,Calm
FOMC,2019-12-11,2019-12-11,3,0.006846644558100938,0.006870136411807559,Calm,Calm
FOMC,2019-12-11,2019-12-11,4,0.0002190748685045132,0.0002190988671559868,Calm,Calm
FOMC,2019-12-11,2019-12-11,5,6.247900195662538e-05,6.248095381011787e-05,Calm,Calm
CPI,2019-12-11,2019-12-11,-5,0.00615136484494666,0.006170323343285933,Calm,Calm
CPI,2019-12-11,2019-12-11,-4,0.0017961001638503108,0.0017977141178793232,Calm,Calm
CPI,2019-12-11,2019-12-11,-3,0.00909273290786968,0.009134197383585674,Calm,Calm
CPI,2019-12-11,2019-12-11,-2,-0.003149202429235935,-0.0031442488925267353,Calm,Calm
CPI,2019-12-11,2019-12-11,-1,-0.001115517456099019,-0.0011148954977915349,Calm,Calm
CPI,2019-12-11,2019-12-11,0,0.0028343868270000205,0.002838407499158535,Calm,Calm
CPI,2019-12-11,2019-12-11,1,0.008581946611443281,0.008618877084784371,Calm,Calm
CPI,2019-12-11,2019-12-11,2,0.0005992793699687003,0.0005994589737261524,Calm,Calm
CPI,2019-12-11,2019-12-11,3,0.006846644558100938,0.006870136411807559,Calm,Calm
CPI,2019-12-11,2019-12-11,4,0.0002190748685045132,0.0002190988671559868,Calm,Calm
CPI,2019-12-11,2019-12-11,5,6.247900195662538e-05,6.248095381011787e-05,Calm,Calm
CPI,2020-01-14,2020-01-14,-5,-0.0028158801822869583,-0.002811919310338973,Calm,Calm
CPI,2020-01-14,2020-01-14,-4,0.005315127391492458,0.005329277740280247,Calm,Calm
CPI,2020-01-14,2020-01-14,-3,0.006757989833210332,0.006780876573575068,Calm,Calm
CPI,2020-01-14,2020-01-14,-2,-0.0028819614404872558,-0.0028778125761943496,Calm,Calm
CPI,2020-01-14,2020-01-14,-1,0.006854031105383145,0.006877573733145237,Calm,Calm
CPI,2020-01-14,2020-01-14,0,-0.0015260094276313076,-0.0015248456672897204,Calm,Calm
CPI,2020-01-14,2020-01-14,1,0.0022572606142475357,0.0022598101449453623,Calm,Calm
CPI,2020-01-14,2020-01-14,2,0.008284094967350643,0.008318503029655533,Calm,Calm
CPI,2020-01-14,2020-01-14,3,0.0031077024817367884,0.003112536395252219,Calm,Calm
CPI,2020-01-14,2020-01-14,4,-0.00196018193987582,-0.0019582620379143822,Calm,Calm
CPI,2020-01-14,2020-01-14,5,0.00012094846592117214,0.00012095578048176847,Calm,Calm
FOMC,2020-01-29,2020-01-29,-5,0.00012094846592117214,0.00012095578048176847,Calm,Calm
FOMC,2020-01-29,2020-01-29,-4,0.0011462680413598981,0.0011469252576625788,Calm,Calm
FOMC,2020-01-29,2020-01-29,-3,-0.008932965833561833,-0.008893185434709627,Calm,Calm
FOMC,2020-01-29,2020-01-29,-2,-0.01615947003035865,-0.016029606245467343,Calm,Calm
FOMC,2020-01-29,2020-01-29,-1,0.010424852096577945,0.010479380184889475,Calm,Calm
FOMC,2020-01-29,2020-01-29,0,-0.0008263770695358746,-0.0008260357140412733,Calm,Calm
FOMC,2020-01-29,2020-01-29,1,0.003239765094651638,0.0032450188056503126,Calm,Calm
FOMC,2020-01-29,2020-01-29,2,-0.018324697542599428,-0.018157821147066766,Calm,Calm
FOMC,2020-01-29,2020-01-29,3,0.007401235406482709,0.00742869224563103,Calm,Calm
FOMC,2020-01-29,2020-01-29,4,0.01512635567231423,0.01524133801333849,Calm,Calm
FOMC,2020-01-29,2020-01-29,5,0.011481641825988712,0.01154780886844442,Calm,Calm
CPI,2020-02-13,2020-02-13,-5,0.0033595216678090085,0.003365171185514715,Calm,Calm
CPI,2020-02-13,2020-02-13,-4,-0.005344194958495471,-0.005329940153409041,Calm,Calm
CPI,2020-02-13,2020-02-13,-3,0.007437742505034204,0.007465471215525099,Calm,Calm
CPI,2020-02-13,2020-02-13,-2,0.0017316525714140382,0.0017331527475310526,Calm,Calm
CPI,2020-02-13,2020-02-13,-1,0.006422041968852023,0.006442707494983768,Calm,Calm
CPI,2020-02-13,2020-02-13,0,-0.0010676454661036616,-0.0010670757354578342,Calm,Calm
CPI,2020-02-13,2020-02-13,1,0.001600744306623844,0.0016020261816849235,Calm,Calm
CPI,2020-02-13,2020-02-13,2,-0.00257987622854923,-0.0025765512078671504,Calm,Calm
CPI,2020-02-13,2020-02-13,3,0.0047696424749696,0.0047810353257122795,Calm,Calm
CPI,2020-02-13,2020-02-13,4,-0.004116814385233467,-0.00410835192167236,Calm,Calm
CPI,2020-02-13,2020-02-13,5,-0.010351729516741646,-0.01029833476624542,Calm,Calm
FOMC,2020-03-03,2020-03-03,-5,-0.030770936895666304,-0.030302330403541466,Choppy,Choppy
FOMC,2020-03-03,2020-03-03,-4,-0.003684967370230512,-0.003678186209979284,Choppy,Choppy
FOMC,2020-03-03,2020-03-03,-3,-0.04595126401005303,-0.044911491759592415,Choppy,Choppy
FOMC,2020-03-03,2020-03-03,-2,-0.004210613522898396,-0.004201761318540886,Choppy,Choppy
FOMC,2020-03-03,2020-03-03,-1,0.042395135742905946,0.0433066450608548,Choppy,Choppy
FOMC,2020-03-03,2020-03-03,0,-0.0290503764188329,-0.028632470783468644,Choppy,Choppy
FOMC,2020-03-03,2020-03-03,1,0.041173582729550406,0.04203296877466034,Choppy,Choppy
FOMC,2020-03-03,2020-03-03,2,-0.03380694997460863,-0.033241880696577075,Choppy,Choppy
FOMC,2020-03-03,2020-03-03,3,-0.016669047246251113,-0.01653088740766062,Choppy,Choppy
FOMC,2020-03-03,2020-03-03,4,-0.08131239862114535,-0.0780943555979361,Choppy,Choppy
FOMC,2020-03-03,2020-03-03,5,0.05045042698128634,0.05174472390177898,Choppy,Choppy
CPI,2020-03-11,2020-03-11,-5,0.041173582729550406,0.04203296877466034,Stressed,Stressed
CPI,2020-03-11,2020-03-11,-4,-0.03380694997460863,-0.033241880696577075,Stressed,Stressed
CPI,2020-03-11,2020-03-11,-3,-0.016669047246251113,-0.01653088740766062,Stressed,Stressed
CPI,2020-03-11,2020-03-11,-2,-0.08131239862114535,-0.0780943555979361,Stressed,Stressed
CPI,2020-03-11,2020-03-11,-1,0.05045042698128634,0.05174472390177898,Stressed,Stressed
CPI,2020-03-11,2020-03-11,0,-0.04997653707320302,-0.048748256611099605,Stressed,Stressed
CPI,2020-03-11,2020-03-11,1,-0.10056885609942266,-0.09567715787457709,Stressed,Stressed
CPI,2020-03-11,2020-03-11,2,0.08202774800501014,0.08548592948067668,Stressed,Stressed
CPI,2020-03-11,2020-03-11,3,-0.11588631206806127,-0.10942353466105792,Stressed,Stressed
CPI,2020-03-11,2020-03-11,4,0.05258503639129876,0.05399218595978872,Stressed,Stressed
CPI,2020-03-11,2020-03-11,5,-0.051960027780651286,-0.05063318561699226,Stressed,Stressed
FOMC,2020-03-15,2020-03-16,-5,-0.08131239862114535,-0.0780943555979361,Stressed,Stressed
FOMC,2020-03-15,2020-03-16,-4,0.05045042698128634,0.05174472390177898,Stressed,Stressed
FOMC,2020-03-15,2020-03-16,-3,-0.04997653707320302,-0.048748256611099605,Stressed,Stressed
FOMC,2020-03-15,2020-03-16,-2,-0.10056885609942266,-0.09567715787457709,Stressed,Stressed
FOMC,2020-03-15,2020-03-16,-1,0.08202774800501014,0.08548592948067668,Stressed,Stressed
FOMC,2020-03-15,2020-03-16,0,-0.11588631206806127,-0.10942353466105792,Stressed,Stressed
FOMC,2020-03-15,2020-03-16,1,0.05258503639129876,0.05399218595978872,Stressed,Stressed
FOMC,2020-03-15,2020-03-16,2,-0.051960027780651286,-0.05063318561699226,Stressed,Stressed
FOMC,2020-03-15,2020-03-16,3,0.002122778521806845,0.0021250332112530135,Stressed,Stressed
FOMC,2020-03-15,2020-03-16,4,-0.0440501993157995,-0.04309407975514201,Stressed,Stressed
FOMC,2020-03-15,2020-03-16,5,-0.02590073266244886,-0.025568185940312627,Stressed,Stressed
CPI,2020-04-10,2020-04-13,-5,-0.014559608017657138,-0.014454129454185116,Stressed,Stressed
CPI,2020-04-10,2020-04-13,-4,0.06500657390417623,0.06716603980841906,Stressed,Stressed
CPI,2020-04-10,2020-04-13,-3,0.0010189675597264106,0.0010194868835466941,Stressed,Stressed
CPI,2020-04-10,2020-04-13,-2,0.03301754353188425,0.033568671527196337,Stressed,Stressed
CPI,2020-04-10,2020-04-13,-1,0.015102747302351904,0.015217370103152383,Stressed,Stressed
CPI,2020-04-10,2020-04-13,0,-0.009172040197017435,-0.009130105343651662,Stressed,Stressed
CPI,2020-04-10,2020-04-13,1,0.029066422742356574,0.029492973950696166,Stressed,Stressed
CPI,2020-04-10,2020-04-13,2,-0.021477045057516495,-0.02124805559412757,Stressed,Stressed
CPI,2020-04-10,2020-04-13,3,0.004812400062589708,0.004823998257358353,Stressed,Stressed
CPI,2020-04-10,2020-04-13,4,0.02665697191041456,0.0270154471861912,Stressed,Stressed
CPI,2020-04-10,2020-04-13,5,-0.017775359354317385,-0.017618309569768065,Stressed,Stressed
FOMC,2020-04-29,2020-04-29,-5,0.021951710072460415,0.022194421584033064,Choppy,Choppy
FOMC,2020-04-29,2020-04-29,-4,-7.184774561756424e-05,-7.184516463010215e-05,Choppy,Choppy
FOMC,2020-04-29,2020-04-29,-3,0.013842357490727075,0.013938606512875262,Choppy,Choppy
FOMC,2020-04-29,2020-04-29,-2,0.01431581737837618,0.014418779433936768,Choppy,Choppy
FOMC,2020-04-29,2020-04-29,-1,-0.00460938030376414,-0.004598773413693191,Choppy,Choppy
FOMC,2020-04-29,2020-04-29,0,0.02584184532510818,0.02617864068961384,Choppy,Choppy
FOMC,2020-04-29,2020-04-29,1,-0.009354206539234761,-0.009310592048173971,Choppy,Choppy
FOMC,2020-04-29,2020-04-29,2,-0.026830281771126705,-0.026473547310421175,Choppy,Choppy
FOMC,2020-04-29,2020-04-29,3,0.0027545591414482934,0.002758356425293984,Choppy,Choppy
FOMC,2020-04-29,2020-04-29,4,0.009196934936434163,0.009239356692858358,Choppy,Choppy
FOMC,2020-04-29,2020-04-29,5,-0.0068020140945099184,-0.006778932759478495,Choppy,Choppy
CPI,2020-05-12,2020-05-12,-5,0.009196934936434163,0.009239356692858358,Choppy,Choppy
CPI,2020-05-12,2020-05-12,-4,-0.0068020140945099184,-0.006778932759478495,Choppy,Choppy
CPI,2020-05-12,2020-05-12,-3,0.01199480003061978,0.012067026134848113,Choppy,Choppy
CPI,2020-05-12,2020-05-12,-2,0.016410957514516454,0.016546356941828044,Choppy,Choppy
CPI,2020-05-12,2020-05-12,-1,0.0002050013991770241,0.00020502241339981353,Choppy,Choppy
CPI,2020-05-12,2020-05-12,0,-0.0201331066516533,-0.019931788973712283,Choppy,Choppy
CPI,2020-05-12,2020-05-12,1,-0.01784398345782018,-0.017685722319475183,Choppy,Choppy
CPI,2020-05-12,2020-05-12,2,0.011896153974652147,0.011967194638417666,Choppy,Choppy
CPI,2020-05-12,2020-05-12,3,0.004586391702349687,0.004596925294342968,Choppy,Choppy
CPI,2020-05-12,2020-05-12,4,0.030005204282672247,0.030459896744147175,Choppy,Choppy
CPI,2020-05-12,2020-05-12,5,-0.010324553047954932,-0.010271437804351469,Choppy,Choppy
FOMC,2020-06-10,2020-06-10,-5,0.01322024175453993,0.01330801552086358,Calm,Calm
FOMC,2020-06-10,2020-06-10,-4,-0.002630167302939162,-0.0026267114434119776,Calm,Calm
FOMC,2020-06-10,2020-06-10,-3,0.025306340435808622,0.025629264120277773,Calm,Calm
FOMC,2020-06-10,2020-06-10,-2,0.012015192703078112,0.01208766509665904,Calm,Calm
FOMC,2020-06-10,2020-06-10,-1,-0.007484488551197613,-0.007456549513350064,Calm,Calm
FOMC,2020-06-10,2020-06-10,0,-0.005595407770598893,-0.005579782633128305,Calm,Calm
FOMC,2020-06-10,2020-06-10,1,-0.05937777045600797,-0.057649290350350824,Calm,Calm
FOMC,2020-06-10,2020-06-10,2,0.01190471430488222,0.01197585744886398,Calm,Calm
FOMC,2020-06-10,2020-06-10,3,0.009292495064752358,0.00933580434348924,Calm,Calm
FOMC,2020-06-10,2020-06-10,4,0.019064647633892397,0.01924753842928495,Calm,Calm
FOMC,2020-06-10,2020-06-10,5,-0.004162620199074429,-0.004153968504349681,Calm,Calm
CPI,2020-06-10,2020-06-10,-5,0.01322024175453993,0.01330801552086358,Calm,Calm
CPI,2020-06-10,2020-06-10,-4,-0.002630167302939162,-0.0026267114434119776,Calm,Calm
CPI,2020-06-10,2020-06-10,-3,0.025306340435808622,0.025629264120277773,Calm,Calm
CPI,2020-06-10,2020-06-10,-2,0.012015192703078112,0.01208766509665904,Calm,Calm
CPI,2020-06-10,2020-06-10,-1,-0.007484488551197613,-0.007456549513350064,Calm,Calm
CPI,2020-06-10,2020-06-10,0,-0.005595407770598893,-0.005579782633128305,Calm,Calm
CPI,2020-06-10,2020-06-10,1,-0.05937777045600797,-0.057649290350350824,Calm,Calm
CPI,2020-06-10,2020-06-10,2,0.01190471430488222,0.01197585744886398,Calm,Calm
CPI,2020-06-10,2020-06-10,3,0.009292495064752358,0.00933580434348924,Calm,Calm
CPI,2020-06-10,2020-06-10,4,0.019064647633892397,0.01924753842928495,Calm,Calm
CPI,2020-06-10,2020-06-10,5,-0.004162620199074429,-0.004153968504349681,Calm,Calm
CPI,2020-07-14,2020-07-14,-5,-0.010367342655435322,-0.010313786994980867,Calm,Calm
CPI,2020-07-14,2020-07-14,-4,0.007619649947583868,0.007648753352538007,Calm,Calm
CPI,2020-07-14,2020-07-14,-3,-0.0057093663675883595,-0.005693098909112848,Calm,Calm
CPI,2020-07-14,2020-07-14,-2,0.010158988747388822,0.010210766461441256,Calm,Calm
CPI,2020-07-14,2020-07-14,-1,-0.008696856338505404,-0.008659148077041712,Calm,Calm
CPI,2020-07-14,2020-07-14,0,0.012875676529945502,0.012958924962599427,Calm,Calm
CPI,2020-07-14,2020-07-14,1,0.009145314242284293,0.009187260401337438,Calm,Calm
CPI,2020-07-14,2020-07-14,2,-0.003298842472643098,-0.0032934072700817607,Calm,Calm
CPI,2020-07-14,2020-07-14,3,0.0028947487326002456,0.0028989425634318167,Calm,Calm
CPI,2020-07-14,2020-07-14,4,0.008049482665293019,0.008081966852685918,Calm,Calm
CPI,2020-07-14,2020-07-14,5,0.0021248165985919437,0.0021270756211002606,Calm,Calm
FOMC,2020-07-29,2020-07-29,-5,0.005675956801082805,0.00569209556374517,Calm,Calm
FOMC,2020-07-29,2020-07-29,-4,-0.012003307116792167,-0.011931554801219657,Calm,Calm
FOMC,2020-07-29,2020-07-29,-3,-0.006461373630109212,-0.00644054384267434,Calm,Calm
FOMC,2020-07-29,2020-07-29,-2,0.007266194413721945,0.007292657260250968,Calm,Calm
FOMC,2020-07-29,2020-07-29,-1,-0.0063626045803511075,-0.00634240607290415,Calm,Calm
FOMC,2020-07-29,2020-07-29,0,0.012224039595380261,0.012299058533914664,Calm,Calm
FOMC,2020-07-29,2020-07-29,1,-0.0035744008323826304,-0.003568020266224936,Calm,Calm
FOMC,2020-07-29,2020-07-29,2,0.007870856327972617,0.007901912944892064,Calm,Calm
FOMC,2020-07-29,2020-07-29,3,0.0069282318409836395,0.006952287561652115,Calm,Calm
FOMC,2020-07-29,2020-07-29,4,0.00385521607028888,0.003862656974788603,Calm,Calm
FOMC,2020-07-29,2020-07-29,5,0.006191760071244342,0.006210968642123893,Calm,Calm
CPI,2020-08-12,2020-08-12,-5,0.006191760071244342,0.006210968642123893,Calm,Calm
CPI,2020-08-12,2020-08-12,-4,0.006662442530881478,0.0066846859722315966,Calm,Calm
CPI,2020-08-12,2020-08-12,-3,0.00071729740289501,0.0007175547221982548,Calm,Calm
CPI,2020-08-12,2020-08-12,-2,0.002984526635021206,0.0029889847686750404,Calm,Calm
CPI,2020-08-12,2020-08-12,-1,-0.008288840544329547,-0.00825458282315128,Calm,Calm
CPI,2020-08-12,2020-08-12,0,0.01384593370658975,0.013942232582687453,Calm,Calm
CPI,2020-08-12,2020-08-12,1,-0.0018093552843655132,-0.001807719387881046,Calm,Calm
CPI,2020-08-12,2020-08-12,2,2.9831141024779083e-05,2.9831585977690978e-05,Calm,Calm
CPI,2020-08-12,2020-08-12,3,0.003171639779642912,0.00317667475071981,Calm,Calm
CPI,2020-08-12,2020-08-12,4,0.0021579486441982124,0.0021602786911127936,Calm,Calm
CPI,2020-08-12,2020-08-12,5,-0.004172552284050097,-0.004163859282639071,Calm,Calm
CPI,2020-09-11,2020-09-11,-5,-0.035020249840689376,-0.0344141369003067,Choppy,Choppy
CPI,2020-09-11,2020-09-11,-4,-0.008198387773362547,-0.008164872644867871,Choppy,Choppy
CPI,2020-09-11,2020-09-11,-3,-0.02770310937184142,-0.027322897346355957,Choppy,Choppy
CPI,2020-09-11,2020-09-11,-2,0.019554662207006877,0.01974710696466153,Choppy,Choppy
CPI,2020-09-11,2020-09-11,-1,-0.017515877232198395,-0.01736336600878674,Choppy,Choppy
CPI,2020-09-11,2020-09-11,0,0.0005088990136319006,0.0005090285247033588,Choppy,Choppy
CPI,2020-09-11,2020-09-11,1,0.013085228170106687,0.01317121440876523,Choppy,Choppy
CPI,2020-09-11,2020-09-11,2,0.005039597504716438,0.005052317635357184,Choppy,Choppy
CPI,2020-09-11,2020-09-11,3,-0.003976573435721294,-0.0039686773375153805,Choppy,Choppy
CPI,2020-09-11,2020-09-11,4,-0.008833873673944052,-0.008794969653915907,Choppy,Choppy
CPI,2020-09-11,2020-09-11,5,-0.011579500531327688,-0.011512716140232415,Choppy,Choppy
FOMC,2020-09-16,2020-09-16,-5,0.019554662207006877,0.01974710696466153,Choppy,Choppy
FOMC,2020-09-16,2020-09-16,-4,-0.017515877232198395,-0.01736336600878674,Choppy,Choppy
FOMC,2020-09-16,2020-09-16,-3,0.0005088990136319006,0.0005090285247033588,Choppy,Choppy
FOMC,2020-09-16,2020-09-16,-2,0.013085228170106687,0.01317121440876523,Choppy,Choppy
FOMC,2020-09-16,2020-09-16,-1,0.005039597504716438,0.005052317635357184,Choppy,Choppy
FOMC,2020-09-16,2020-09-16,0,-0.003976573435721294,-0.0039686773375153805,Choppy,Choppy
FOMC,2020-09-16,2020-09-16,1,-0.008833873673944052,-0.008794969653915907,Choppy,Choppy
FOMC,2020-09-16,2020-09-16,2,-0.011579500531327688,-0.011512716140232415,Choppy,Choppy
FOMC,2020-09-16,2020-09-16,3,-0.011192056051516523,-0.011129657996647668,Choppy,Choppy
FOMC,2020-09-16,2020-09-16,4,0.010132713023996907,0.010184222791502773,Choppy,Choppy
FOMC,2020-09-16,2020-09-16,5,-0.02346405447458666,-0.023190914046383626,Choppy,Choppy
CPI,2020-10-13,2020-10-13,-5,-0.01431754239801098,-0.01421553380560503,Calm,Calm
CPI,2020-10-13,2020-10-13,-4,0.017257019115767217,0.01740678171518284,Calm,Calm
CPI,2020-10-13,2020-10-13,-3,0.008823250144134032,0.008862289749950403,Calm,Calm
CPI,2020-10-13,2020-10-13,-2,0.008890647421641643,0.008930286613035632,Calm,Calm
CPI,2020-10-13,2020-10-13,-1,0.01595937320451738,0.016087404192376198,Calm,Calm
CPI,2020-10-13,2020-10-13,0,-0.006547382089429614,-0.006525994685941283,Calm,Calm
CPI,2020-10-13,2020-10-13,1,-0.006303222942222795,-0.0062833993052962,Calm,Calm
CPI,2020-10-13,2020-10-13,2,-0.0012367013825534672,-0.0012359369825426514,Calm,Calm
CPI,2020-10-13,2020-10-13,3,-0.0006045157289709262,-0.0006043330461510399,Calm,Calm
CPI,2020-10-13,2020-10-13,4,-0.015320006085451851,-0.015203251778191818,Calm,Calm
CPI,2020-10-13,2020-10-13,5,0.003997609239926486,0.004005610337945775,Calm,Calm
FOMC,2020-11-05,2020-11-05,-5,0.010111849202910623,0.010163146708478843,Calm,Calm
FOMC,2020-11-05,2020-11-05,-4,-0.010479367448894973,-0.010424650178754047,Calm,Calm
FOMC,2020-11-05,2020-11-05,-3,0.011145794577535178,0.011208140361716135,Calm,Calm
FOMC,2020-11-05,2020-11-05,-2,0.017502267698413433,0.017656329885789912,Calm,Calm
FOMC,2020-11-05,2020-11-05,-1,0.02210272454990893,0.02234879939680834,Calm,Calm
FOMC,2020-11-05,2020-11-05,0,0.01931490116358535,0.019502640642190983,Calm,Calm
FOMC,2020-11-05,2020-11-05,1,-0.00022815617431344237,-0.00022813014867284487,Calm,Calm
FOMC,2020-11-05,2020-11-05,2,0.012487428762897665,0.012565722256846934,Calm,Calm
FOMC,2020-11-05,2020-11-05,3,-0.0014675724377716153,-0.001466496079950308,Calm,Calm
FOMC,2020-11-05,2020-11-05,4,0.007400971225208794,0.007428426101870889,Calm,Calm
FOMC,2020-11-05,2020-11-05,5,-0.009748132924556218,-0.009700773889117942,Calm,Calm
CPI,2020-11-12,2020-11-12,-5,0.01931490116358535,0.019502640642190983,Calm,Calm
CPI,2020-11-12,2020-11-12,-4,-0.00022815617431344237,-0.00022813014867284487,Calm,Calm
CPI,2020-11-12,2020-11-12,-3,0.012487428762897665,0.012565722256846934,Calm,Calm
CPI,2020-11-12,2020-11-12,-2,-0.0014675724377716153,-0.001466496079950308,Calm,Calm
CPI,2020-11-12,2020-11-12,-1,0.007400971225208794,0.007428426101870889,Calm,Calm
CPI,2020-11-12,2020-11-12,0,-0.009748132924556218,-0.009700773889117942,Calm,Calm
CPI,2020-11-12,2020-11-12,1,0.01374935458241841,0.013844311658538944,Calm,Calm
CPI,2020-11-12,2020-11-12,2,0.012405294219295924,0.012482559048715425,Calm,Calm
CPI,2020-11-12,2020-11-12,3,-0.005392882069984322,-0.005378366586626271,Calm,Calm
CPI,2020-11-12,2020-11-12,4,-0.012107643571574402,-0.012034640981957057,Calm,Calm
CPI,2020-11-12,2020-11-12,5,0.004201513476595009,0.004210352208690704,Calm,Calm
CPI,2020-12-10,2020-12-10,-5,-0.0002728041115095575,-0.0002727669038514735,Calm,Calm
CPI,2020-12-10,2020-12-10,-4,0.008580878401778652,0.008617799668927395,Calm,Calm
CPI,2020-12-10,2020-12-10,-3,-0.002057154713029123,-0.002055040220467097,Calm,Calm
CPI,2020-12-10,2020-12-10,-2,0.0029218079015689144,0.002926080542541065,Calm,Calm
CPI,2020-12-10,2020-12-10,-1,-0.009009116623675888,-0.008968656128113262,Calm,Calm
CPI,2020-12-10,2020-12-10,0,-0.0003276075638972036,-0.00032755390639893633,Calm,Calm
CPI,2020-12-10,2020-12-10,1,-0.0011730866202833059,-0.0011723988231487903,Calm,Calm
CPI,2020-12-10,2020-12-10,2,-0.004487023461762256,-0.004476971811605557,Calm,Calm
CPI,2020-12-10,2020-12-10,3,0.01342873201472742,0.013519302397532185,Calm,Calm
CPI,2020-12-10,2020-12-10,4,0.0015681022548912117,0.0015693323701302386,Calm,Calm
CPI,2020-12-10,2020-12-10,5,0.005576359451952855,0.005591936284868204,Calm,Calm
FOMC,2020-12-16,2020-12-16,-5,-0.009009116623675888,-0.008968656128113262,Calm,Calm
FOMC,2020-12-16,2020-12-16,-4,-0.0003276075638972036,-0.00032755390639893633,Calm,Calm
FOMC,2020-12-16,2020-12-16,-3,-0.0011730866202833059,-0.0011723988231487903,Calm,Calm
FOMC,2020-12-16,2020-12-16,-2,-0.004487023461762256,-0.004476971811605557,Calm,Calm
FOMC,2020-12-16,2020-12-16,-1,0.01342873201472742,0.013519302397532185,Calm,Calm
FOMC,2020-12-16,2020-12-16,0,0.0015681022548912117,0.0015693323701302386,Calm,Calm
FOMC,2020-12-16,2020-12-16,1,0.005576359451952855,0.005591936284868204,Calm,Calm
FOMC,2020-12-16,2020-12-16,2,-0.004001033487110769,-0.003993040016895821,Calm,Calm
FOMC,2020-12-16,2020-12-16,3,-0.0035816866843944384,-0.0035752800957220554,Calm,Calm
FOMC,2020-12-16,2020-12-16,4,-0.0016866670418496626,-0.0016852454183754473,Calm,Calm
FOMC,2020-12-16,2020-12-16,5,0.0008981379633546023,0.0008985414100297628,Calm,Calm
CPI,2021-01-13,2021-01-13,-5,0.005960907338019855,0.005978708899742058,Calm,Calm
CPI,2021-01-13,2021-01-13,-4,0.014748253913393673,0.014857546038489433,Calm,Calm
CPI,2021-01-13,2021-01-13,-3,0.005681321982026129,0.005697491298285673,Calm,Calm
CPI,2021-01-13,2021-01-13,-2,-0.0067635902583865325,-0.006740768662755747,Calm,Calm
CPI,2021-01-13,2021-01-13,-1,0.0002111987449488748,0.0002112210489739752,Calm,Calm
CPI,2021-01-13,2021-01-13,0,0.002689485585014418,0.0026931054958756473,Calm,Calm
CPI,2021-01-13,2021-01-13,1,-0.0035081293031099105,-0.003501983006940823,Calm,Calm
CPI,2021-01-13,2021-01-13,2,-0.007319576199660113,-0.007292853341537842,Calm,Calm
CPI,2021-01-13,2021-01-13,3,0.007821578221414643,0.007852246670766005,Calm,Calm
CPI,2021-01-13,2021-01-13,4,0.013743466659146211,0.013838342238595702,Calm,Calm
CPI,2021-01-13,2021-01-13,5,0.0009115008792044078,0.0009119164223772014,Calm,Calm
FOMC,2021-01-27,2021-01-27,-5,0.013743466659146211,0.013838342238595702,Calm,Calm
FOMC,2021-01-27,2021-01-27,-4,0.0009115008792044078,0.0009119164223772014,Calm,Calm
FOMC,2021-01-27,2021-01-27,-3,-0.0035460251164645706,-0.0035397453942783708,Calm,Calm
FOMC,2021-01-27,2021-01-27,-2,0.00393643852332548,0.003944196473674166,Calm,Calm
FOMC,2021-01-27,2021-01-27,-1,-0.0015622273344713697,-0.0015610076925510752,Calm,Calm
FOMC,2021-01-27,2021-01-27,0,-0.024744209251098853,-0.024440580809407364,Calm,Calm
FOMC,2021-01-27,2021-01-27,1,0.008563288405840903,0.008600058241964748,Calm,Calm
FOMC,2021-01-27,2021-01-27,2,-0.020222475163882786,-0.020019372297961135,Calm,Calm
FOMC,2021-01-27,2021-01-27,3,0.016508407910908875,0.01664542461427687,Calm,Calm
FOMC,2021-01-27,2021-01-27,4,0.014041093707939371,0.014140132860647858,Calm,Calm
FOMC,2021-01-27,2021-01-27,5,0.0007861763909959902,0.0007864855086565647,Calm,Calm
CPI,2021-02-10,2021-02-10,-5,0.0007861763909959902,0.0007864855086565647,Calm,Calm
CPI,2021-02-10,2021-02-10,-4,0.011301527864077643,0.011365631391772713,Calm,Calm
CPI,2021-02-10,2021-02-10,-3,0.003928215247830283,0.003935940797909154,Calm,Calm
CPI,2021-02-10,2021-02-10,-2,0.007195976371501639,0.007221929625122359,Calm,Calm
CPI,2021-02-10,2021-02-10,-1,-0.0006662479420952963,-0.0006660260482166391,Calm,Calm
CPI,2021-02-10,2021-02-10,0,-0.0004355599471678092,-0.00043546510470438005,Calm,Calm
CPI,2021-02-10,2021-02-10,1,0.0016136623582028603,0.0016149650118928438,Calm,Calm
CPI,2021-02-10,2021-02-10,2,0.004927786702675024,0.0049399482118035465,Calm,Calm
CPI,2021-02-10,2021-02-10,3,-0.0008663377319308148,-0.0008659625697448048,Calm,Calm
CPI,2021-02-10,2021-02-10,4,0.00022935351611120107,0.0002293798196397745,Calm,Calm
CPI,2021-02-10,2021-02-10,5,-0.0042652124444514505,-0.004256129344226034,Calm,Calm
CPI,2021-03-10,2021-03-10,-5,-0.013334327723300865,-0.013245819411749737,Calm,Calm
CPI,2021-03-10,2021-03-10,-4,-0.01245211500920985,-0.012374908219975,Calm,Calm
CPI,2021-03-10,2021-03-10,-3,0.018229642184452922,0.018396816408559724,Calm,Calm
CPI,2021-03-10,2021-03-10,-2,-0.004991254803574473,-0.004978819189692674,Calm,Calm
CPI,2021-03-10,2021-03-10,-1,0.014176399054266148,0.014277360726171029,Calm,Calm
CPI,2021-03-10,2021-03-10,0,0.006205559167522045,0.006224853539955166,Calm,Calm
CPI,2021-03-10,2021-03-10,1,0.010088056200457683,0.010139112180179266,Calm,Calm
CPI,2021-03-10,2021-03-10,2,0.0013457476669202436,0.0013466535916482059,Calm,Calm
CPI,2021-03-10,2021-03-10,3,0.005945898611475878,0.005963610553694876,Calm,Calm
CPI,2021-03-10,2021-03-10,4,-0.001262247165844986,-0.0012614508669683833,Calm,Calm
CPI,2021-03-10,2021-03-10,5,0.0034043515379101824,0.0034101529240582185,Calm,Calm
FOMC,2021-03-17,2021-03-17,-5,0.006205559167522045,0.006224853539955166,Calm,Calm
FOMC,2021-03-17,2021-03-17,-4,0.010088056200457683,0.010139112180179266,Calm,Calm
FOMC,2021-03-17,2021-03-17,-3,0.0013457476669202436,0.0013466535916482059,Calm,Calm
FOMC,2021-03-17,2021-03-17,-2,0.005945898611475878,0.005963610553694876,Calm,Calm
FOMC,2021-03-17,2021-03-17,-1,-0.001262247165844986,-0.0012614508669683833,Calm,Calm
FOMC,2021-03-17,2021-03-17,0,0.0034043515379101824,0.0034101529240582185,Calm,Calm
FOMC,2021-03-17,2021-03-17,1,-0.01465663144789969,-0.01454974585661617,Calm,Calm
FOMC,2021-03-17,2021-03-17,2,-0.0018519844679674726,-0.0018502706029130955,Calm,Calm
FOMC,2021-03-17,2021-03-17,3,0.007953061465169263,0.007984771065561391,Calm,Calm
FOMC,2021-03-17,2021-03-17,4,-0.007901720247144731,-0.007870583720394286,Calm,Calm
FOMC,2021-03-17,2021-03-17,5,-0.005096622517327944,-0.005083656773305689,Calm,Calm
CPI,2021-04-13,2021-04-13,-5,-0.0005909333528460977,-0.0005907587861198049,Calm,Calm
CPI,2021-04-13,2021-04-13,-4,0.0011568466732462656,0.0011575160784671468,Calm,Calm
CPI,2021-04-13,2021-04-13,-3,0.004735551592568452,0.004746782037463815,Calm,Calm
CPI,2021-04-13,2021-04-13,-2,0.00724367696725381,0.007269975857127964,Calm,Calm
CPI,2021-04-13,2021-04-13,-1,0.00036480279836366674,0.00036486934699664353,Calm,Calm
CPI,2021-04-13,2021-04-13,0,0.002958990882797399,0.0029633730174858375,Calm,Calm
CPI,2021-04-13,2021-04-13,1,-0.00342091160944092,-0.003415066957899393,Calm,Calm
CPI,2021-04-13,2021-04-13,2,0.010685204403087447,0.010742495071998537,Calm,Calm
CPI,2021-04-13,2021-04-13,3,0.003337004598052576,0.0033425785963243637,Calm,Calm
CPI,2021-04-13,2021-04-13,4,-0.004925210160908061,-0.004913101201223902,Calm,Calm
CPI,2021-04-13,2021-04-13,5,-0.007348732081791287,-0.0073217961721676605,Calm,Calm
FOMC,2021-04-28,2021-04-28,-5,0.009417902486811654,0.009462390481958849,Calm,Calm
FOMC,2021-04-28,2021-04-28,-4,-0.009175509737876224,-0.00913354320127302,Calm,Calm
FOMC,2021-04-28,2021-04-28,-3,0.010784270555384636,0.010842630401877607,Calm,Calm
FOMC,2021-04-28,2021-04-28,-2,0.002085524295580139,0.002087700513963009,Calm,Calm
FOMC,2021-04-28,2021-04-28,-1,-0.00021558008713506603,-0.00021555685141783076,Calm,Calm
FOMC,2021-04-28,2021-04-28,0,-0.000287408054100125,-0.00028736675636187314,Calm,Calm
FOMC,2021-04-28,2021-04-28,1,0.0063526690823315956,0.0063728900809931766,Calm,Calm
FOMC,2021-04-28,2021-04-28,2,-0.0065924738105620105,-0.006570791128759246,Calm,Calm
FOMC,2021-04-28,2021-04-28,3,0.002154690635497563,0.002157013649524142,Calm,Calm
FOMC,2021-04-28,2021-04-28,4,-0.006188541681286873,-0.006169432097688943,Calm,Calm
FOMC,2021-04-28,2021-04-28,5,0.0003127668521563214,0.00031281576880792805,Calm,Calm
CPI,2021-05-12,2021-05-12,-5,0.0003127668521563214,0.00031281576880792805,Calm,Calm
CPI,2021-05-12,2021-05-12,-4,0.007953947497594968,0.007985664173148832,Calm,Calm
CPI,2021-05-12,2021-05-12,-3,0.007251624297918314,0.00727798099650423,Calm,Calm
CPI,2021-05-12,2021-05-12,-2,-0.00995184027319707,-0.009902484573158232,Calm,Calm
CPI,2021-05-12,2021-05-12,-1,-0.008964890572240593,-0.008924825755710186,Calm,Calm
CPI,2021-05-12,2021-05-12,0,-0.021474046664933206,-0.02124512090715691,Calm,Calm
CPI,2021-05-12,2021-05-12,1,0.011940861291699889,0.012012437987977131,Calm,Calm
CPI,2021-05-12,2021-05-12,2,0.015238907538451864,0.015355611751252551,Calm,Calm
CPI,2021-05-12,2021-05-12,3,-0.0025480045840408977,-0.0025447611756853616,Calm,Calm
CPI,2021-05-12,2021-05-12,4,-0.008652960331173324,-0.008615631216635888,Calm,Calm
CPI,2021-05-12,2021-05-12,5,-0.002625093677987692,-0.002621651132572178,Calm,Calm
CPI,2021-06-10,2021-06-10,-5,-0.0037183191890037383,-0.0037114148004325775,Calm,Calm
CPI,2021-06-10,2021-06-10,-4,0.00910416848434503,0.009145737480857452,Calm,Calm
CPI,2021-06-10,2021-06-10,-3,-0.0009705047331816622,-0.0009700339457758833,Calm,Calm
CPI,2021-06-10,2021-06-10,-2,0.00021311832349589944,0.00021314103481917535,Calm,Calm
CPI,2021-06-10,2021-06-10,-1,-0.0014931704159278699,-0.001492056191626956,Calm,Calm
CPI,2021-06-10,2021-06-10,0,0.004637687768621637,0.004648458486513185,Calm,Calm
CPI,2021-06-10,2021-06-10,1,0.0016513054195050833,0.0016526695750751497,Calm,Calm
CPI,2021-06-10,2021-06-10,2,0.002236309598898503,0.002238812004246249,Calm,Calm
CPI,2021-06-10,2021-06-10,3,-0.0018358786124776808,-0.0018341944181542447,Calm,Calm
CPI,2021-06-10,2021-06-10,4,-0.0055989261372259656,-0.005583281361879466,Calm,Calm
CPI,2021-06-10,2021-06-10,5,-0.00033174800416408193,-0.0003316929818796277,Calm,Calm
FOMC,2021-06-16,2021-06-16,-5,-0.0014931704159278699,-0.001492056191626956,Calm,Calm
FOMC,2021-06-16,2021-06-16,-4,0.004637687768621637,0.004648458486513185,Calm,Calm
FOMC,2021-06-16,2021-06-16,-3,0.0016513054195050833,0.0016526695750751497,Calm,Calm
FOMC,2021-06-16,2021-06-16,-2,0.002236309598898503,0.002238812004246249,Calm,Calm
FOMC,2021-06-16,2021-06-16,-1,-0.0018358786124776808,-0.0018341944181542447,Calm,Calm
FOMC,2021-06-16,2021-06-16,0,-0.0055989261372259656,-0.005583281361879466,Calm,Calm
FOMC,2021-06-16,2021-06-16,1,-0.00033174800416408193,-0.0003316929818796277,Calm,Calm
FOMC,2021-06-16,2021-06-16,2,-0.013582150699535113,-0.013490329470738027,Calm,Calm
FOMC,2021-06-16,2021-06-16,3,0.014214351149259967,0.014315855407387668,Calm,Calm
FOMC,2021-06-16,2021-06-16,4,0.005332111524362004,0.005346352531310883,Calm,Calm
FOMC,2021-06-16,2021-06-16,5,-0.0012062807538526722,-0.0012055534896817655,Calm,Calm
CPI,2021-07-13,2021-07-13,-5,-0.0018232740481002663,-0.0018216128937063036,Calm,Calm
CPI,2021-07-13,2021-07-13,-4,0.0035280943792302543,0.003534325429961349,Calm,Calm
CPI,2021-07-13,2021-07-13,-3,-0.008181401905186915,-0.008148025321059849,Calm,Calm
CPI,2021-07-13,2021-07-13,-2,0.010618227847615676,0.010674801288183211,Calm,Calm
CPI,2021-07-13,2021-07-13,-1,0.0035754051550794144,0.003581804540616629,Calm,Calm
CPI,2021-07-13,2021-07-13,0,-0.003414790968478642,-0.0034089672006686333,Calm,Calm
CPI,2021-07-13,2021-07-13,1,0.0014912533226502014,0.0014923657938097357,Calm,Calm
CPI,2021-07-13,2021-07-13,2,-0.003421302116858237,-0.0034154561316317444,Calm,Calm
CPI,2021-07-13,2021-07-13,3,-0.007874763804332423,-0.007843839080053372,Calm,Calm
CPI,2021-07-13,2021-07-13,4,-0.014877906388284535,-0.014767777179530372,Calm,Calm
CPI,2021-07-13,2021-07-13,5,0.01422858330383334,0.014330291410155516,Calm,Calm
FOMC,2021-07-28,2021-07-28,-5,0.008063869841346027,0.008096470409751255,Calm,Calm
FOMC,2021-07-28,2021-07-28,-4,0.002091897711190569,0.0020940872557091428,Calm,Calm
FOMC,2021-07-28,2021-07-28,-3,0.010235494602380527,0.010288056456382089,Calm,Calm
FOMC,2021-07-28,2021-07-28,-2,0.0024517779011955705,0.0024547859665009497,Calm,Calm
FOMC,2021-07-28,2021-07-28,-1,-0.0045678999069930755,-0.004557482919500866,Calm,Calm
FOMC,2021-07-28,2021-07-28,0,-0.00041025492438893197,-0.0004101707813445321,Calm,Calm
FOMC,2021-07-28,2021-07-28,1,0.004138971924159658,0.004147549298208153,Calm,Calm
FOMC,2021-07-28,2021-07-28,2,-0.004868408012597358,-0.004856576522269895,Calm,Calm
FOMC,2021-07-28,2021-07-28,3,-0.002100255618169379,-0.002098051624591868,Calm,Calm
FOMC,2021-07-28,2021-07-28,4,0.008102527482656057,0.008135441794776321,Calm,Calm
FOMC,2021-07-28,2021-07-28,5,-0.004930982080534662,-0.0049188447462495954,Calm,Calm
CPI,2021-08-11,2021-08-11,-5,-0.004930982080534662,-0.0049188447462495954,Calm,Calm
CPI,2021-08-11,2021-08-11,-4,0.006312778387427801,0.006332745967769116,Calm,Calm
CPI,2021-08-11,2021-08-11,-3,0.0016511494448646492,0.001652513342672357,Calm,Calm
CPI,2021-08-11,2021-08-11,-2,-0.0008140004393922617,-0.0008136692309086424,Calm,Calm
CPI,2021-08-11,2021-08-11,-1,0.0012432283100892276,0.0012440014387633536,Calm,Calm
CPI,2021-08-11,2021-08-11,0,0.0024818293560136613,0.0024849116438665497,Calm,Calm
CPI,2021-08-11,2021-08-11,1,0.0029924627523622927,0.0029969446385351706,Calm,Calm
CPI,2021-08-11,2021-08-11,2,0.0018181977369841119,0.001819851660724403,Calm,Calm
CPI,2021-08-11,2021-08-11,3,0.002351978378132777,0.0023547464490005776,Calm,Calm
CPI,2021-08-11,2021-08-11,4,-0.006576734193678635,-0.006555154810556352,Calm,Calm
CPI,2021-08-11,2021-08-11,5,-0.011005538425562037,-0.0109451990461924,Calm,Calm
CPI,2021-09-14,2021-09-14,-5,-0.003581797515840127,-0.0035753905309081624,Calm,Calm
CPI,2021-09-14,2021-09-14,-4,-0.0012191794217629244,-0.001218436524470734,Calm,Calm
CPI,2021-09-14,2021-09-14,-3,-0.004289462052244976,-0.0042802754497842654,Calm,Calm
CPI,2021-09-14,2021-09-14,-2,-0.007915692968124428,-0.00788444637105401,Calm,Calm
CPI,2021-09-14,2021-09-14,-1,0.0025560297015687957,0.0025592991304788093,Calm,Calm
CPI,2021-09-14,2021-09-14,0,-0.005411274155361035,-0.005396659584401831,Calm,Calm
CPI,2021-09-14,2021-09-14,1,0.008318032787152502,0.008352723741999135,Calm,Calm
CPI,2021-09-14,2021-09-14,2,-0.001586397156414526,-0.0015851394935844088,Calm,Calm
CPI,2021-09-14,2021-09-14,3,-0.009789056813366778,-0.009741299955288718,Calm,Calm
CPI,2021-09-14,2021-09-14,4,-0.016814732439274865,-0.016674153859007834,Calm,Calm
CPI,2021-09-14,2021-09-14,5,-0.0009451099163594119,-0.0009446634406496957,Calm,Calm
FOMC,2021-09-22,2021-09-22,-5,0.008318032787152502,0.008352723741999135,Calm,Calm
FOMC,2021-09-22,2021-09-22,-4,-0.001586397156414526,-0.0015851394935844088,Calm,Calm
FOMC,2021-09-22,2021-09-22,-3,-0.009789056813366778,-0.009741299955288718,Calm,Calm
FOMC,2021-09-22,2021-09-22,-2,-0.016814732439274865,-0.016674153859007834,Calm,Calm
FOMC,2021-09-22,2021-09-22,-1,-0.0009451099163594119,-0.0009446634406496957,Calm,Calm
FOMC,2021-09-22,2021-09-22,0,0.009707609037960098,0.009754880715742154,Calm,Calm
FOMC,2021-09-22,2021-09-22,1,0.012076837311343435,0.012150056767339379,Calm,Calm
FOMC,2021-09-22,2021-09-22,2,0.0016459503049414306,0.001647305624638884,Calm,Calm
FOMC,2021-09-22,2021-09-22,3,-0.002864957838213789,-0.0028608577629553045,Calm,Calm
FOMC,2021-09-22,2021-09-22,4,-0.020357857143632016,-0.020152035035180704,Calm,Calm
FOMC,2021-09-22,2021-09-22,5,0.0016819699447269253,0.0016833852495632406,Calm,Calm
CPI,2021-10-13,2021-10-13,-5,0.004147707010607051,0.004156320652166423,Calm,Calm
CPI,2021-10-13,2021-10-13,-4,0.008608414632853932,0.008645573584118438,Calm,Calm
CPI,2021-10-13,2021-10-13,-3,-0.0018255788484924432,-0.0018239134929931566,Calm,Calm
CPI,2021-10-13,2021-10-13,-2,-0.007266069733871095,-0.007239735669499869,Calm,Calm
CPI,2021-10-13,2021-10-13,-1,-0.0024645982758381407,-0.0024615636470664004,Calm,Calm
CPI,2021-10-13,2021-10-13,0,0.003591308664901366,0.0035977651406167155,Calm,Calm
CPI,2021-10-13,2021-10-13,1,0.016680668299492916,0.016820567434825184,Calm,Calm
CPI,2021-10-13,2021-10-13,2,0.007587114966689742,0.007615970052904597,Calm,Calm
CPI,2021-10-13,2021-10-13,3,0.002956036673544649,0.002960410058185703,Calm,Calm
CPI,2021-10-13,2021-10-13,4,0.007685075170883835,0.0077146811538810756,Calm,Calm
CPI,2021-10-13,2021-10-13,5,0.00392014398913726,0.003927837803920475,Calm,Calm
FOMC,2021-11-03,2021-11-03,-5,-0.0044399446375451785,-0.0044301026546936795,Calm,Calm
FOMC,2021-11-03,2021-11-03,-4,0.009602654462033714,0.009648907881711244,Calm,Calm
FOMC,2021-11-03,2021-11-03,-3,0.002027092481858356,0.0020291484227827894,Calm,Calm
FOMC,2021-11-03,2021-11-03,-2,0.001718607582063256,0.001720085234454105,Calm,Calm
FOMC,2021-11-03,2021-11-03,-1,0.004035113222377053,0.004043265252836381,Calm,Calm
FOMC,2021-11-03,2021-11-03,0,0.006086714653238575,0.006105276341664023,Calm,Calm
FOMC,2021-11-03,2021-11-03,1,0.004701298480377547,0.004712366922630995,Calm,Calm
FOMC,2021-11-03,2021-11-03,2,0.0034636654479155483,0.0034696708686707822,Calm,Calm
FOMC,2021-11-03,2021-11-03,3,0.0008534182993916294,0.0008537825644046038,Calm,Calm
FOMC,2021-11-03,2021-11-03,4,-0.003310800228487001,-0.003305325572907414,Calm,Calm
FOMC,2021-11-03,2021-11-03,5,-0.008077434160349076,-0.00804489934724495,Calm,Calm
CPI,2021-11-10,2021-11-10,-5,0.006086714653238575,0.006105276341664023,Calm,Calm
CPI,2021-11-10,2021-11-10,-4,0.004701298480377547,0.004712366922630995,Calm,Calm
CPI,2021-11-10,2021-11-10,-3,0.0034636654479155483,0.0034696708686707822,Calm,Calm
CPI,2021-11-10,2021-11-10,-2,0.0008534182993916294,0.0008537825644046038,Calm,Calm
CPI,2021-11-10,2021-11-10,-1,-0.003310800228487001,-0.003305325572907414,Calm,Calm
CPI,2021-11-10,2021-11-10,0,-0.008077434160349076,-0.00804489934724495,Calm,Calm
CPI,2021-11-10,2021-11-10,1,0.0003233843718153033,0.00032343666617817846,Calm,Calm
CPI,2021-11-10,2021-11-10,2,0.007518414508618571,0.007546748751996901,Calm,Calm
CPI,2021-11-10,2021-11-10,3,0.0003424586914023143,0.00034251733707435505,Calm,Calm
CPI,2021-11-10,2021-11-10,4,0.003950138138305145,0.003957950216837203,Calm,Calm
CPI,2021-11-10,2021-11-10,5,-0.0024322290632403827,-0.002429273590746628,Calm,Calm
CPI,2021-12-10,2021-12-10,-5,-0.00873958027515488,-0.008701501156045732,Calm,Calm
CPI,2021-12-10,2021-12-10,-4,0.011773709263824185,0.011843292193657096,Calm,Calm
CPI,2021-12-10,2021-12-10,-3,0.02047376170673793,0.02068478686508035,Calm,Calm
CPI,2021-12-10,2021-12-10,-2,0.002644417770820527,0.0026479173275772983,Calm,Calm
CPI,2021-12-10,2021-12-10,-1,-0.00677403372193735,-0.0067511416751695474,Calm,Calm
CPI,2021-12-10,2021-12-10,0,0.00936913399024188,0.009413161719247443,Calm,Calm
CPI,2021-12-10,2021-12-10,1,-0.008897685563075134,-0.00885821830138922,Calm,Calm
CPI,2021-12-10,2021-12-10,2,-0.006903882374432058,-0.006880105327955466,Calm,Calm
CPI,2021-12-10,2021-12-10,3,0.015504288934837518,0.015625103998859968,Calm,Calm
CPI,2021-12-10,2021-12-10,4,-0.008857539021329611,-0.008818426587730022,Calm,Calm
CPI,2021-12-10,2021-12-10,5,-0.010700146038461237,-0.010643103113004426,Calm,Calm
FOMC,2021-12-15,2021-12-15,-5,0.002644417770820527,0.0026479173275772983,Calm,Calm
FOMC,2021-12-15,2021-12-15,-4,-0.00677403372193735,-0.0067511416751695474,Calm,Calm
FOMC,2021-12-15,2021-12-15,-3,0.00936913399024188,0.009413161719247443,Calm,Calm
FOMC,2021-12-15,2021-12-15,-2,-0.008897685563075134,-0.00885821830138922,Calm,Calm
FOMC,2021-12-15,2021-12-15,-1,-0.006903882374432058,-0.006880105327955466,Calm,Calm
FOMC,2021-12-15,2021-12-15,0,0.015504288934837518,0.015625103998859968,Calm,Calm
FOMC,2021-12-15,2021-12-15,1,-0.008857539021329611,-0.008818426587730022,Calm,Calm
FOMC,2021-12-15,2021-12-15,2,-0.010700146038461237,-0.010643103113004426,Calm,Calm
FOMC,2021-12-15,2021-12-15,3,-0.010690231712834562,-0.010633294257943682,Calm,Calm
FOMC,2021-12-15,2021-12-15,4,0.017602985848045854,0.01775883151009805,Calm,Calm
FOMC,2021-12-15,2021-12-15,5,0.009949042203385659,0.009998698464558364,Calm,Calm
CPI,2022-01-12,2022-01-12,-5,-0.019388719225054068,-0.019201966918734326,Calm,Calm
CPI,2022-01-12,2022-01-12,-4,-0.000939915612236419,-0.0009394740299182303,Calm,Calm
CPI,2022-01-12,2022-01-12,-3,-0.0039613191592865835,-0.003953483484496534,Calm,Calm
CPI,2022-01-12,2022-01-12,-2,-0.0012451939950105736,-0.001244419062648383,Calm,Calm
CPI,2022-01-12,2022-01-12,-1,0.009067016828771453,0.009108246742420834,Calm,Calm
CPI,2022-01-12,2022-01-12,0,0.0027000164714818683,0.0027036647987306317,Calm,Calm
CPI,2022-01-12,2022-01-12,1,-0.013874384127800135,-0.013778578453727763,Calm,Calm
CPI,2022-01-12,2022-01-12,2,0.0004088498502286238,0.0004089334407202383,Calm,Calm
CPI,2022-01-12,2022-01-12,3,-0.01786832402931926,-0.017709632119395358,Calm,Calm
CPI,2022-01-12,2022-01-12,4,-0.010437839621807705,-0.010383554411433793,Calm,Calm
CPI,2022-01-12,2022-01-12,5,-0.011129896174374888,-0.011068188027216652,Calm,Calm
FOMC,2022-01-26,2022-01-26,-5,-0.010437839621807705,-0.010383554411433793,Choppy,Choppy
FOMC,2022-01-26,2022-01-26,-4,-0.011129896174374888,-0.011068188027216652,Choppy,Choppy
FOMC,2022-01-26,2022-01-26,-3,-0.019825720033496405,-0.019630482814393613,Choppy,Choppy
FOMC,2022-01-26,2022-01-26,-2,0.004237679249376688,0.0042466709088566645,Choppy,Choppy
FOMC,2022-01-26,2022-01-26,-1,-0.012284084538973644,-0.012208943168183772,Choppy,Choppy
FOMC,2022-01-26,2022-01-26,0,-0.002511993560232752,-0.0025088411445778336,Choppy,Choppy
FOMC,2022-01-26,2022-01-26,1,-0.0049500463503603254,-0.004937815061063611,Choppy,Choppy
FOMC,2022-01-26,2022-01-26,2,0.024531766265860195,0.024835145775829348,Choppy,Choppy
FOMC,2022-01-26,2022-01-26,3,0.017851007410869934,0.018011288952217708,Choppy,Choppy
FOMC,2022-01-26,2022-01-26,4,0.006734119528143783,0.006756844693741382,Choppy,Choppy
FOMC,2022-01-26,2022-01-26,5,0.009667327270766522,0.009714206823928206,Choppy,Choppy
CPI,2022-02-10,2022-02-10,-5,-0.023785600451200168,-0.023504952586271277,Choppy,Choppy
CPI,2022-02-10,2022-02-10,-4,0.0046912392326778655,0.004702260322897667,Choppy,Choppy
CPI,2022-02-10,2022-02-10,-3,-0.0032146112664399908,-0.0032094499356813966,Choppy,Choppy
CPI,2022-02-10,2022-02-10,-2,0.008194197555967961,0.00822786188064728,Choppy,Choppy
CPI,2022-02-10,2022-02-10,-1,0.014530042025886378,0.014636116218005535,Choppy,Choppy
CPI,2022-02-10,2022-02-10,0,-0.018128964682387037,-0.017965623560044608,Choppy,Choppy
CPI,2022-02-10,2022-02-10,1,-0.019915722038369343,-0.01971871406590231,Choppy,Choppy
CPI,2022-02-10,2022-02-10,2,-0.0032747747798887966,-0.0032694185533663767,Choppy,Choppy
CPI,2022-02-10,2022-02-10,3,0.015998304985390146,0.016126963054587273,Choppy,Choppy
CPI,2022-02-10,2022-02-10,4,0.0011202889671627044,0.0011209167252492769,Choppy,Choppy
CPI,2022-02-10,2022-02-10,5,-0.021593117881021712,-0.021361655502767363,Choppy,Choppy
CPI,2022-03-10,2022-03-10,-5,-0.004990556478621675,-0.004978124341330936,Choppy,Choppy
CPI,2022-03-10,2022-03-10,-4,-0.008158033591966601,-0.008124847142630953,Choppy,Choppy
CPI,2022-03-10,2022-03-10,-3,-0.029922529339412272,-0.02947928248270515,Choppy,Choppy
CPI,2022-03-10,2022-03-10,-2,-0.007610492455495525,-0.0075816059843294425,Choppy,Choppy
CPI,2022-03-10,2022-03-10,-1,0.0264577010246606,0.026810813297812652,Choppy,Choppy
CPI,2022-03-10,2022-03-10,0,-0.004525862600687049,-0.004515636317947269,Choppy,Choppy
CPI,2022-03-10,2022-03-10,1,-0.01279650046484663,-0.012714973377097927,Choppy,Choppy
CPI,2022-03-10,2022-03-10,2,-0.007335048844345936,-0.007308213027667376,Choppy,Choppy
CPI,2022-03-10,2022-03-10,3,0.02175201631716462,0.021990316121315967,Choppy,Choppy
CPI,2022-03-10,2022-03-10,4,0.02193187457804121,0.022174146053376642,Choppy,Choppy
CPI,2022-03-10,2022-03-10,5,0.012433547537988573,0.012511165445237893,Choppy,Choppy
FOMC,2022-03-16,2022-03-16,-5,0.0264577010246606,0.026810813297812652,Choppy,Choppy
FOMC,2022-03-16,2022-03-16,-4,-0.004525862600687049,-0.004515636317947269,Choppy,Choppy
FOMC,2022-03-16,2022-03-16,-3,-0.01279650046484663,-0.012714973377097927,Choppy,Choppy
FOMC,2022-03-16,2022-03-16,-2,-0.007335048844345936,-0.007308213027667376,Choppy,Choppy
FOMC,2022-03-16,2022-03-16,-1,0.02175201631716462,0.021990316121315967,Choppy,Choppy
FOMC,2022-03-16,2022-03-16,0,0.02193187457804121,0.022174146053376642,Choppy,Choppy
FOMC,2022-03-16,2022-03-16,1,0.012433547537988573,0.012511165445237893,Choppy,Choppy
FOMC,2022-03-16,2022-03-16,2,0.010892902631030986,0.01095244629962644,Choppy,Choppy
FOMC,2022-03-16,2022-03-16,3,-0.0002921320925121646,-0.00029208942608727195,Choppy,Choppy
FOMC,2022-03-16,2022-03-16,4,0.011633213244403692,0.011701142224812777,Choppy,Choppy
FOMC,2022-03-16,2022-03-16,5,-0.01296187235708589,-0.01287822907080649,Choppy,Choppy
CPI,2022-04-12,2022-04-12,-5,-0.012711783444095435,-0.012631329988050832,Calm,Calm
CPI,2022-04-12,2022-04-12,-4,-0.010049604928193068,-0.009999276383680256,Calm,Calm
CPI,2022-04-12,2022-04-12,-3,0.0050260363999534135,0.0050386881080013435,Calm,Calm
CPI,2022-04-12,2022-04-12,-2,-0.002677341549872866,-0.002673760667446845,Calm,Calm
CPI,2022-04-12,2022-04-12,-1,-0.01724003134338413,-0.01709227234478461,Calm,Calm
CPI,2022-04-12,2022-04-12,0,-0.003712084011398576,-0.0037052027447912472,Calm,Calm
CPI,2022-04-12,2022-04-12,1,0.011388606199057382,0.01145370326153028,Calm,Calm
CPI,2022-04-12,2022-04-12,2,-0.012530146689835275,-0.012451971258996108,Calm,Calm
CPI,2022-04-12,2022-04-12,3,0.0004110458028515574,0.00041113029375372534,Calm,Calm
CPI,2022-04-12,2022-04-12,4,0.01601389608375237,0.01614280571351867,Calm,Calm
CPI,2022-04-12,2022-04-12,5,-0.0007419645349336365,-0.0007416893473121133,Calm,Calm
FOMC,2022-05-04,2022-05-04,-5,0.0028078958512062356,0.0028118416830591464,Choppy,Choppy
FOMC,2022-05-04,2022-05-04,-4,0.024945674727488033,0.02525942151404137,Choppy,Choppy
FOMC,2022-05-04,2022-05-04,-3,-0.037655857365872056,-0.03695569152582712,Choppy,Choppy
FOMC,2022-05-04,2022-05-04,-2,0.0060014047489613375,0.006019449257848697,Choppy,Choppy
FOMC,2022-05-04,2022-05-04,-1,0.00457371809847868,0.004584193511540713,Choppy,Choppy
FOMC,2022-05-04,2022-05-04,0,0.029998379126977448,0.030452863718915424,Choppy,Choppy
FOMC,2022-05-04,2022-05-04,1,-0.03618988657586475,-0.035542861369273426,Choppy,Choppy
FOMC,2022-05-04,2022-05-04,2,-0.005986767269574065,-0.005968882287278654,Choppy,Choppy
FOMC,2022-05-04,2022-05-04,3,-0.03254109170877201,-0.03201732704803162,Choppy,Choppy
FOMC,2022-05-04,2022-05-04,4,0.0023079137298671246,0.0023105790127793124,Choppy,Choppy
FOMC,2022-05-04,2022-05-04,5,-0.016013715407764566,-0.015886177559638837,Choppy,Choppy
CPI,2022-05-11,2022-05-11,-5,0.029998379126977448,0.030452863718915424,Choppy,Choppy
CPI,2022-05-11,2022-05-11,-4,-0.03618988657586475,-0.035542861369273426,Choppy,Choppy
CPI,2022-05-11,2022-05-11,-3,-0.005986767269574065,-0.005968882287278654,Choppy,Choppy
CPI,2022-05-11,2022-05-11,-2,-0.03254109170877201,-0.03201732704803162,Choppy,Choppy
CPI,2022-05-11,2022-05-11,-1,0.0023079137298671246,0.0023105790127793124,Choppy,Choppy
CPI,2022-05-11,2022-05-11,0,-0.016013715407764566,-0.015886177559638837,Choppy,Choppy
CPI,2022-05-11,2022-05-11,1,-0.0010444602231382397,-0.0010439149644095869,Choppy,Choppy
CPI,2022-05-11,2022-05-11,2,0.023626490681372132,0.02390780735198139,Choppy,Choppy
CPI,2022-05-11,2022-05-11,3,-0.004065627668497057,-0.004057374193301877,Choppy,Choppy
CPI,2022-05-11,2022-05-11,4,0.020361520519010554,0.02057023042140327,Choppy,Choppy
CPI,2022-05-11,2022-05-11,5,-0.041146594166073275,-0.04031156509029077,Choppy,Choppy
CPI,2022-06-10,2022-06-10,-5,-0.016547486789381973,-0.016411329186388435,Choppy,Choppy
CPI,2022-06-10,2022-06-10,-4,0.0030401933371782762,0.0030448194118077865,Choppy,Choppy
CPI,2022-06-10,2022-06-10,-3,0.009546505290261987,0.009592218523298612,Choppy,Choppy
CPI,2022-06-10,2022-06-10,-2,-0.01093187851373986,-0.010872342673502788,Choppy,Choppy
CPI,2022-06-10,2022-06-10,-1,-0.02407024446244486,-0.0237828664983859,Choppy,Choppy
CPI,2022-06-10,2022-06-10,0,-0.029424192306747105,-0.028995515538717376,Choppy,Choppy
CPI,2022-06-10,2022-06-10,1,-0.0387078487364012,-0.03796827312084505,Choppy,Choppy
CPI,2022-06-10,2022-06-10,2,-0.0030179282401547568,-0.003013378872429251,Choppy,Choppy
CPI,2022-06-10,2022-06-10,3,0.014155801651667155,0.014256469462178734,Choppy,Choppy
CPI,2022-06-10,2022-06-10,4,-0.033656132805412194,-0.03309606597832093,Choppy,Choppy
CPI,2022-06-10,2022-06-10,5,0.0021533854672229503,0.0021557056668373153,Choppy,Choppy
FOMC,2022-06-15,2022-06-15,-5,-0.01093187851373986,-0.010872342673502788,Choppy,Choppy
FOMC,2022-06-15,2022-06-15,-4,-0.02407024446244486,-0.0237828664983859,Choppy,Choppy
FOMC,2022-06-15,2022-06-15,-3,-0.029424192306747105,-0.028995515538717376,Choppy,Choppy
FOMC,2022-06-15,2022-06-15,-2,-0.0387078487364012,-0.03796827312084505,Choppy,Choppy
FOMC,2022-06-15,2022-06-15,-1,-0.0030179282401547568,-0.003013378872429251,Choppy,Choppy
FOMC,2022-06-15,2022-06-15,0,0.014155801651667155,0.014256469462178734,Choppy,Choppy
FOMC,2022-06-15,2022-06-15,1,-0.033656132805412194,-0.03309606597832093,Choppy,Choppy
FOMC,2022-06-15,2022-06-15,2,0.0021533854672229503,0.0021557056668373153,Choppy,Choppy
FOMC,2022-06-15,2022-06-15,3,0.024861958071243462,0.025173593816143036,Choppy,Choppy
FOMC,2022-06-15,2022-06-15,4,-0.0018146249865296643,-0.0018129795500426704,Choppy,Choppy
FOMC,2022-06-15,2022-06-15,5,0.00975478596475835,0.009802518971538277,Choppy,Choppy
CPI,2022-07-13,2022-07-13,-5,0.0033715043778370134,0.0033771942914477826,Choppy,Choppy
CPI,2022-07-13,2022-07-13,-4,0.014866048226994487,0.01497709752763221,Choppy,Choppy
CPI,2022-07-13,2022-07-13,-3,-0.0008229603838464324,-0.0008226218448241784,Choppy,Choppy
CPI,2022-07-13,2022-07-13,-2,-0.011489157722634773,-0.011423409388600647,Choppy,Choppy
CPI,2022-07-13,2022-07-13,-1,-0.008888258680033175,-0.008848874879695545,Choppy,Choppy
CPI,2022-07-13,2022-07-13,0,-0.005265620441747828,-0.005251781363528885,Choppy,Choppy
CPI,2022-07-13,2022-07-13,1,-0.002431303209626531,-0.002428349985856948,Choppy,Choppy
CPI,2022-07-13,2022-07-13,2,0.018924932322185336,0.019105143889327048,Choppy,Choppy
CPI,2022-07-13,2022-07-13,3,-0.008291162597487182,-0.008256885706055095,Choppy,Choppy
CPI,2022-07-13,2022-07-13,4,0.026660361922406686,0.027018928786774588,Choppy,Choppy
CPI,2022-07-13,2022-07-13,5,0.006353052852599105,0.006373276297060526,Choppy,Choppy
FOMC,2022-07-27,2022-07-27,-5,0.006353052852599105,0.006373276297060526,Choppy,Calm
FOMC,2022-07-27,2022-07-27,-4,0.010131678228729468,0.01018317745819064,Choppy,Calm
FOMC,2022-07-27,2022-07-27,-3,-0.009321591808145232,-0.009278280452626242,Choppy,Calm
FOMC,2022-07-27,2022-07-27,-2,0.0012143469869904649,0.0012150846048373243,Choppy,Calm
FOMC,2022-07-27,2022-07-27,-1,-0.01190157664743562,-0.01183103302155597,Choppy,Calm
FOMC,2022-07-27,2022-07-27,0,0.02563485200176089,0.025966250544858793,Choppy,Calm
FOMC,2022-07-27,2022-07-27,1,0.012464588855508075,0.012542595613630914,Choppy,Calm
FOMC,2022-07-27,2022-07-27,2,0.014473413760626327,0.014578660761690676,Choppy,Calm
FOMC,2022-07-27,2022-07-27,3,-0.0029656646757990233,-0.002961271436345836,Choppy,Calm
FOMC,2022-07-27,2022-07-27,4,-0.006619279791232199,-0.006597420616013094,Choppy,Calm
FOMC,2022-07-27,2022-07-27,5,0.015538366654757716,0.015659714776422806,Choppy,Calm
CPI,2022-08-10,2022-08-10,-5,0.015538366654757716,0.015659714776422806,Calm,Calm
CPI,2022-08-10,2022-08-10,-4,-0.0006760081920960539,-0.0006757797500372975,Calm,Calm
CPI,2022-08-10,2022-08-10,-3,-0.0016914788608408404,-0.0016900491167134435,Calm,Calm
CPI,2022-08-10,2022-08-10,-2,-0.0011616669893080764,-0.0011609925154076883,Calm,Calm
CPI,2022-08-10,2022-08-10,-1,-0.003978792942641841,-0.0039708880334757835,Calm,Calm
CPI,2022-08-10,2022-08-10,0,0.020786156183553735,0.021003692964725484,Calm,Calm
CPI,2022-08-10,2022-08-10,1,0.0,0.0,Calm,Calm
CPI,2022-08-10,2022-08-10,2,0.01678760734097946,0.01692931106603668,Calm,Calm
CPI,2022-08-10,2022-08-10,3,0.004112127166253699,0.004120593562157104,Calm,Calm
CPI,2022-08-10,2022-08-10,4,0.0019569292691056107,0.0019588453048327015,Calm,Calm
CPI,2022-08-10,2022-08-10,5,-0.007123330900938135,-0.007098020114071235,Calm,Calm
CPI,2022-09-13,2022-09-13,-5,-0.003780473517404165,-0.0037733365239671635,Choppy,Choppy
CPI,2022-09-13,2022-09-13,-4,0.01780577898055768,0.017965246940790047,Choppy,Choppy
CPI,2022-09-13,2022-09-13,-3,0.00651486658821532,0.0065361344923136055,Choppy,Choppy
CPI,2022-09-13,2022-09-13,-2,0.015415902923199032,0.015535340913556572,Choppy,Choppy
CPI,2022-09-13,2022-09-13,-1,0.010690387565822414,0.010747733928410552,Choppy,Choppy
CPI,2022-09-13,2022-09-13,0,-0.04445646139605314,-0.04348275538747637,Choppy,Choppy
CPI,2022-09-13,2022-09-13,1,0.0038087926031276304,0.0038160552714128215,Choppy,Choppy
CPI,2022-09-13,2022-09-13,2,-0.01141823653542873,-0.011353295876913028,Choppy,Choppy
CPI,2022-09-13,2022-09-13,3,-0.007658170209956764,-0.007628921136893063,Choppy,Choppy
CPI,2022-09-13,2022-09-13,4,0.007725005303278417,0.007754920137884147,Choppy,Choppy
CPI,2022-09-13,2022-09-13,5,-0.011545097202213209,-0.011478708301892238,Choppy,Choppy
FOMC,2022-09-21,2022-09-21,-5,0.0038087926031276304,0.0038160552714128215,Choppy,Choppy
FOMC,2022-09-21,2022-09-21,-4,-0.01141823653542873,-0.011353295876913028,Choppy,Choppy
FOMC,2022-09-21,2022-09-21,-3,-0.007658170209956764,-0.007628921136893063,Choppy,Choppy
FOMC,2022-09-21,2022-09-21,-2,0.007725005303278417,0.007754920137884147,Choppy,Choppy
FOMC,2022-09-21,2022-09-21,-1,-0.011545097202213209,-0.011478708301892238,Choppy,Choppy
FOMC,2022-09-21,2022-09-21,0,-0.017597703527831545,-0.017443768234946644,Choppy,Choppy
FOMC,2022-09-21,2022-09-21,1,-0.008435285856364706,-0.008399808656148422,Choppy,Choppy
FOMC,2022-09-21,2022-09-21,2,-0.01689663476544851,-0.016754687235213006,Choppy,Choppy
FOMC,2022-09-21,2022-09-21,3,-0.009942125291697369,-0.009892865747389679,Choppy,Choppy
FOMC,2022-09-21,2022-09-21,4,-0.002555990338207468,-0.0025527265762098628,Choppy,Choppy
FOMC,2022-09-21,2022-09-21,5,0.019485471986071107,0.01967655287788661,Choppy,Choppy
CPI,2022-10-13,2022-10-13,-5,-0.010369260720899096,-0.01031568527610549,Choppy,Choppy
CPI,2022-10-13,2022-10-13,-4,-0.028290480491926565,-0.02789405202931894,Choppy,Choppy
CPI,2022-10-13,2022-10-13,-3,-0.007664557103054713,-0.0076352592846467005,Choppy,Choppy
CPI,2022-10-13,2022-10-13,-2,-0.006353196132303891,-0.006333057253076091,Choppy,Choppy
CPI,2022-10-13,2022-10-13,-1,-0.0033040404922904045,-0.003298588157068183,Choppy,Choppy
CPI,2022-10-13,2022-10-13,0,0.02604912682731406,0.026391370586512197,Choppy,Choppy
CPI,2022-10-13,2022-10-13,1,-0.02305247377490031,-0.022788795532893813,Choppy,Choppy
CPI,2022-10-13,2022-10-13,2,0.025372291652890663,0.025696907849090067,Choppy,Choppy
CPI,2022-10-13,2022-10-13,3,0.011681144670468048,0.01174963566548115,Choppy,Choppy
CPI,2022-10-13,2022-10-13,4,-0.007111917220609161,-0.007086687383600854,Choppy,Choppy
CPI,2022-10-13,2022-10-13,5,-0.008420673426496102,-0.008385318862029423,Choppy,Choppy
FOMC,2022-11-02,2022-11-02,-5,-0.007562543316680598,-0.007534019236129619,Choppy,Choppy
FOMC,2022-11-02,2022-11-02,-4,-0.005354468826105072,-0.005340159209424433,Choppy,Choppy
FOMC,2022-11-02,2022-11-02,-3,0.023511967720082756,0.023790553112075674,Choppy,Choppy
FOMC,2022-11-02,2022-11-02,-2,-0.007249253187870829,-0.007223040730472308,Choppy,Choppy
FOMC,2022-11-02,2022-11-02,-1,-0.004385607054646046,-0.00437600432309182,Choppy,Choppy
FOMC,2022-11-02,2022-11-02,0,-0.025416474872931378,-0.025096195470693528,Choppy,Choppy
FOMC,2022-11-02,2022-11-02,1,-0.010350046591370423,-0.01029666917080152,Choppy,Choppy
FOMC,2022-11-02,2022-11-02,2,0.014290253058417924,0.014392846839163642,Choppy,Choppy
FOMC,2022-11-02,2022-11-02,3,0.009520297268605218,0.009565759455292477,Choppy,Choppy
FOMC,2022-11-02,2022-11-02,4,0.0053810102644704675,0.005395513903277083,Choppy,Choppy
FOMC,2022-11-02,2022-11-02,5,-0.02081736904967198,-0.020602183409001662,Choppy,Choppy
CPI,2022-11-10,2022-11-10,-5,-0.010350046591370423,-0.01029666917080152,Choppy,Calm
CPI,2022-11-10,2022-11-10,-4,0.014290253058417924,0.014392846839163642,Choppy,Calm
CPI,2022-11-10,2022-11-10,-3,0.009520297268605218,0.009565759455292477,Choppy,Calm
CPI,2022-11-10,2022-11-10,-2,0.0053810102644704675,0.005395513903277083,Choppy,Calm
CPI,2022-11-10,2022-11-10,-1,-0.02081736904967198,-0.020602183409001662,Choppy,Calm
CPI,2022-11-10,2022-11-10,0,0.0534973022447855,0.054954145755704564,Choppy,Calm
CPI,2022-11-10,2022-11-10,1,0.009631866926606359,0.00967840264546882,Choppy,Calm
CPI,2022-11-10,2022-11-10,2,-0.008543064304617438,-0.008506676026955429,Choppy,Calm
CPI,2022-11-10,2022-11-10,3,0.008492987431792194,0.008529155167751545,Choppy,Calm
CPI,2022-11-10,2022-11-10,4,-0.007658218676060017,-0.007628969233251071,Choppy,Calm
CPI,2022-11-10,2022-11-10,5,-0.00306433971246879,-0.003059649415642851,Choppy,Calm
CPI,2022-12-13,2022-12-13,-5,-0.014519715144792993,-0.014414812413840017,Calm,Calm
CPI,2022-12-13,2022-12-13,-4,-0.0017026519477286628,-0.001701203258222428,Calm,Calm
CPI,2022-12-13,2022-12-13,-3,0.007803382932310288,0.007833908674596435,Calm,Calm
CPI,2022-12-13,2022-12-13,-2,-0.007498073936742681,-0.007470033507202323,Calm,Calm
CPI,2022-12-13,2022-12-13,-1,0.014314163894381761,0.014417102110108049,Calm,Calm
CPI,2022-12-13,2022-12-13,0,0.007541245384995547,0.007569752189855006,Calm,Calm
CPI,2022-12-13,2022-12-13,1,-0.006413937297628628,-0.006393411908098612,Calm,Calm
CPI,2022-12-13,2022-12-13,2,-0.024765793758788183,-0.02446163755194175,Calm,Calm
CPI,2022-12-13,2022-12-13,3,-0.011876393715667231,-0.011806147716543758,Calm,Calm
CPI,2022-12-13,2022-12-13,4,-0.008515977767813612,-0.008479819542821954,Calm,Calm
CPI,2022-12-13,2022-12-13,5,0.0013676032893220127,0.0013685388851598645,Calm,Calm
FOMC,2022-12-14,2022-12-14,-5,-0.0017026519477286628,-0.001701203258222428,Calm,Calm
FOMC,2022-12-14,2022-12-14,-4,0.007803382932310288,0.007833908674596435,Calm,Calm
FOMC,2022-12-14,2022-12-14,-3,-0.007498073936742681,-0.007470033507202323,Calm,Calm
FOMC,2022-12-14,2022-12-14,-2,0.014314163894381761,0.014417102110108049,Calm,Calm
FOMC,2022-12-14,2022-12-14,-1,0.007541245384995547,0.007569752189855006,Calm,Calm
FOMC,2022-12-14,2022-12-14,0,-0.006413937297628628,-0.006393411908098612,Calm,Calm
FOMC,2022-12-14,2022-12-14,1,-0.024765793758788183,-0.02446163755194175,Calm,Calm
FOMC,2022-12-14,2022-12-14,2,-0.011876393715667231,-0.011806147716543758,Calm,Calm
FOMC,2022-12-14,2022-12-14,3,-0.008515977767813612,-0.008479819542821954,Calm,Calm
FOMC,2022-12-14,2022-12-14,4,0.0013676032893220127,0.0013685388851598645,Calm,Calm
FOMC,2022-12-14,2022-12-14,5,0.014841691349790765,0.014952376156172065,Calm,Calm
CPI,2023-01-12,2023-01-12,-5,-0.011479037095905587,-0.011413404323305176,Calm,Calm
CPI,2023-01-12,2023-01-12,-4,0.02267310427200325,0.022932092754429645,Calm,Calm
CPI,2023-01-12,2023-01-12,-3,-0.0005671485748935635,-0.0005669877765408504,Calm,Calm
CPI,2023-01-12,2023-01-12,-2,0.0069883457078009385,0.007012821176794581,Calm,Calm
CPI,2023-01-12,2023-01-12,-1,0.012568623645423986,0.012647940749531017,Calm,Calm
CPI,2023-01-12,2023-01-12,0,0.003634032657060314,0.00364064375963169,Calm,Calm
CPI,2023-01-12,2023-01-12,1,0.00387222268978334,0.0038797294301924357,Calm,Calm
CPI,2023-01-12,2023-01-12,2,-0.0018335127858764093,-0.0018318329281454826,Calm,Calm
CPI,2023-01-12,2023-01-12,3,-0.01591410890010835,-0.01578814853656607,Calm,Calm
CPI,2023-01-12,2023-01-12,4,-0.0073063501025979445,-0.007279723613634492,Calm,Calm
CPI,2023-01-12,2023-01-12,5,0.018457604159534104,0.01862899862159706,Calm,Calm
FOMC,2023-02-01,2023-02-01,-5,0.00037450829324604356,0.000374578430232253,Calm,Calm
FOMC,2023-02-01,2023-02-01,-4,0.010930350556981858,0.010990305080837315,Calm,Calm
FOMC,2023-02-01,2023-02-01,-3,0.0022952325493974996,0.0022978686120318503,Calm,Calm
FOMC,2023-02-01,2023-02-01,-2,-0.012626295865832877,-0.012546918623589032,Calm,Calm
FOMC,2023-02-01,2023-02-01,-1,0.014596401563952525,0.014703449236052268,Calm,Calm
FOMC,2023-02-01,2023-02-01,0,0.010571520914063935,0.010627596869792422,Calm,Calm
FOMC,2023-02-01,2023-02-01,1,0.014452070241640325,0.0145570063138738,Calm,Calm
FOMC,2023-02-01,2023-02-01,2,-0.010685741557625255,-0.010628851837902409,Calm,Calm
FOMC,2023-02-01,2023-02-01,3,-0.006130246037383278,-0.006111494416061181,Calm,Calm
FOMC,2023-02-01,2023-02-01,4,0.01299385159618208,0.013078638524091524,Calm,Calm
FOMC,2023-02-01,2023-02-01,5,-0.010994991550788858,-0.010934767554053204,Calm,Calm
CPI,2023-02-14,2023-02-14,-5,0.01299385159618208,0.013078638524091524,Calm,Calm
CPI,2023-02-14,2023-02-14,-4,-0.010994991550788858,-0.010934767554053204,Calm,Calm
CPI,2023-02-14,2023-02-14,-3,-0.008706892059094251,-0.0086690968469183,Calm,Calm
CPI,2023-02-14,2023-02-14,-2,0.002330893598459686,0.0023336122428232464,Calm,Calm
CPI,2023-02-14,2023-02-14,-1,0.011670673075458255,0.011739041088516311,Calm,Calm
CPI,2023-02-14,2023-02-14,0,-0.0004603853674146389,-0.00046027940633297515,Calm,Calm
CPI,2023-02-14,2023-02-14,1,0.0032422476690561956,0.0032475094391470893,Calm,Calm
CPI,2023-02-14,2023-02-14,2,-0.01386461713430269,-0.013768945988476444,Calm,Calm
CPI,2023-02-14,2023-02-14,3,-0.002501473091317037,-0.0024983470146459075,Calm,Calm
CPI,2023-02-14,2023-02-14,4,-0.020264782852815875,-0.020060832136477247,Calm,Calm
CPI,2023-02-14,2023-02-14,5,-0.001378916135151085,-0.001377965867127351,Calm,Calm
CPI,2023-03-14,2023-03-14,-5,-0.015447772304727266,-0.015329067497796278,Choppy,Choppy
CPI,2023-03-14,2023-03-14,-4,0.001630934455638308,0.0016322651525657594,Choppy,Choppy
CPI,2023-03-14,2023-03-14,-3,-0.01862218809618441,-0.018449866477869392,Choppy,Choppy
CPI,2023-03-14,2023-03-14,-2,-0.014534645864861771,-0.014429527800523867,Choppy,Choppy
CPI,2023-03-14,2023-03-14,-1,-0.0014260439436533357,-0.001425027626150599,Choppy,Choppy
CPI,2023-03-14,2023-03-14,0,0.01639465869482332,0.016529788571069348,Choppy,Choppy
CPI,2023-03-14,2023-03-14,1,-0.006273806611752003,-0.006254167379429965,Choppy,Choppy
CPI,2023-03-14,2023-03-14,2,0.017393032807608486,0.017545172378967466,Choppy,Choppy
CPI,2023-03-14,2023-03-14,3,-0.011761671147282101,-0.011692773076556806,Choppy,Choppy
CPI,2023-03-14,2023-03-14,4,0.009569763894455182,0.009615700502183744,Choppy,Choppy
CPI,2023-03-14,2023-03-14,5,0.013044892210087087,0.013130347999366299,Choppy,Choppy
FOMC,2023-03-22,2023-03-22,-5,-0.006273806611752003,-0.006254167379429965,Calm,Choppy
FOMC,2023-03-22,2023-03-22,-4,0.017393032807608486,0.017545172378967466,Calm,Choppy
FOMC,2023-03-22,2023-03-22,-3,-0.011761671147282101,-0.011692773076556806,Calm,Choppy
FOMC,2023-03-22,2023-03-22,-2,0.009569763894455182,0.009615700502183744,Calm,Choppy
FOMC,2023-03-22,2023-03-22,-1,0.013044892210087087,0.013130347999366299,Calm,Choppy
FOMC,2023-03-22,2023-03-22,0,-0.01719322953676599,-0.017046269410889603,Calm,Choppy
FOMC,2023-03-22,2023-03-22,1,0.002699610033168612,0.0027032572616272343,Calm,Choppy
FOMC,2023-03-22,2023-03-22,2,0.0065406321529578905,0.00656206879835719,Calm,Choppy
FOMC,2023-03-22,2023-03-22,3,0.0018680171219789055,0.001869762952874332,Calm,Choppy
FOMC,2023-03-22,2023-03-22,4,-0.0022470418851527497,-0.002244519176433757,Calm,Choppy
FOMC,2023-03-22,2023-03-22,5,0.014430118512087212,0.01453473527729976,Calm,Choppy
CPI,2023-04-12,2023-04-12,-5,-0.005563809644549874,-0.005548360321313783,Calm,Calm
CPI,2023-04-12,2023-04-12,-4,-0.0026214389886700666,-0.002618006017914065,Calm,Calm
CPI,2023-04-12,2023-04-12,-3,0.0038931995610094216,0.0039007879068728712,Calm,Calm
CPI,2023-04-12,2023-04-12,-2,0.0010256753180411414,0.0010262015028530413,Calm,Calm
CPI,2023-04-12,2023-04-12,-1,0.00026877431719758563,0.00026881044025062195,Calm,Calm
CPI,2023-04-12,2023-04-12,0,-0.0040843730200626335,-0.004076043312981614,Calm,Calm
CPI,2023-04-12,2023-04-12,1,0.013195244428203913,0.013282685846309095,Calm,Calm
CPI,2023-04-12,2023-04-12,2,-0.0024457928836644437,-0.002442804369175211,Calm,Calm
CPI,2023-04-12,2023-04-12,3,0.003581834861245096,0.0035882572974776927,Calm,Calm
CPI,2023-04-12,2023-04-12,4,0.0006519894351803641,0.0006522020264920769,Calm,Calm
CPI,2023-04-12,2023-04-12,5,-0.00016898781203175854,-0.00016897353439571106,Calm,Calm
FOMC,2023-05-03,2023-05-03,-5,-0.004244576440118479,-0.0042355809573790815,Calm,Calm
FOMC,2023-05-03,2023-05-03,-4,0.01971247920490707,0.019908053091383326,Calm,Calm
FOMC,2023-05-03,2023-05-03,-3,0.008499007166065206,0.008535226263545415,Calm,Calm
FOMC,2023-05-03,2023-05-03,-2,-0.0010103112249995388,-0.0010098010324460782,Calm,Calm
FOMC,2023-05-03,2023-05-03,-1,-0.011302885717494148,-0.011239248093318,Calm,Calm
FOMC,2023-05-03,2023-05-03,0,-0.006887604160933424,-0.0068639389787009675,Calm,Calm
FOMC,2023-05-03,2023-05-03,1,-0.007108196442641487,-0.007082992966750412,Calm,Calm
FOMC,2023-05-03,2023-05-03,2,0.018343280572803582,0.018512551957353907,Calm,Calm
FOMC,2023-05-03,2023-05-03,3,0.00026657690250188933,0.0002666124372818768,Calm,Calm
FOMC,2023-05-03,2023-05-03,4,-0.004394782533069569,-0.004385139607671729,Calm,Calm
FOMC,2023-05-03,2023-05-03,5,0.004661288391264903,0.0046721690954625306,Calm,Calm
CPI,2023-05-10,2023-05-10,-5,-0.006887604160933424,-0.0068639389787009675,Calm,Calm
CPI,2023-05-10,2023-05-10,-4,-0.007108196442641487,-0.007082992966750412,Calm,Calm
CPI,2023-05-10,2023-05-10,-3,0.018343280572803582,0.018512551957353907,Calm,Calm
CPI,2023-05-10,2023-05-10,-2,0.00026657690250188933,0.0002666124372818768,Calm,Calm
CPI,2023-05-10,2023-05-10,-1,-0.004394782533069569,-0.004385139607671729,Calm,Calm
CPI,2023-05-10,2023-05-10,0,0.004661288391264903,0.0046721690954625306,Calm,Calm
CPI,2023-05-10,2023-05-10,1,-0.0017453706030927543,-0.0017438483295942886,Calm,Calm
CPI,2023-05-10,2023-05-10,2,-0.0013112996857012496,-0.0013104403079433613,Calm,Calm
CPI,2023-05-10,2023-05-10,3,0.003444125604280524,0.003450063419773386,Calm,Calm
CPI,2023-05-10,2023-05-10,4,-0.006705103336747419,-0.006682674289061219,Calm,Calm
CPI,2023-05-10,2023-05-10,5,0.012065964507262291,0.012139051917898325,Calm,Calm
CPI,2023-06-13,2023-06-13,-5,0.0021752166520015268,0.0021775841520403905,Calm,Calm
CPI,2023-06-13,2023-06-13,-4,-0.003464093826408128,-0.003458100775549755,Calm,Calm
CPI,2023-06-13,2023-06-13,-3,0.006030700932255487,0.006048922219752173,Calm,Calm
CPI,2023-06-13,2023-06-13,-2,0.001792624936818694,0.001794232649432459,Calm,Calm
CPI,2023-06-13,2023-06-13,-1,0.00903096861564627,0.009071870848922803,Calm,Calm
CPI,2023-06-13,2023-06-13,0,0.0065712669953434605,0.006592905141016958,Calm,Calm
CPI,2023-06-13,2023-06-13,1,0.0011899986223557557,0.0011907069516587931,Calm,Calm
CPI,2023-06-13,2023-06-13,2,0.012321634366076098,0.012397858449507027,Calm,Calm
CPI,2023-06-13,2023-06-13,3,-0.0034121282109280896,-0.0034063135168381775,Calm,Calm
CPI,2023-06-13,2023-06-13,4,-0.005201839909532865,-0.005188333769385212,Calm,Calm
CPI,2023-06-13,2023-06-13,5,-0.005136778984724004,-0.005123608296842885,Calm,Calm
FOMC,2023-06-14,2023-06-14,-5,-0.003464093826408128,-0.003458100775549755,Calm,Calm
FOMC,2023-06-14,2023-06-14,-4,0.006030700932255487,0.006048922219752173,Calm,Calm
FOMC,2023-06-14,2023-06-14,-3,0.001792624936818694,0.001794232649432459,Calm,Calm
FOMC,2023-06-14,2023-06-14,-2,0.00903096861564627,0.009071870848922803,Calm,Calm
FOMC,2023-06-14,2023-06-14,-1,0.0065712669953434605,0.006592905141016958,Calm,Calm
FOMC,2023-06-14,2023-06-14,0,0.0011899986223557557,0.0011907069516587931,Calm,Calm
FOMC,2023-06-14,2023-06-14,1,0.012321634366076098,0.012397858449507027,Calm,Calm
FOMC,2023-06-14,2023-06-14,2,-0.0034121282109280896,-0.0034063135168381775,Calm,Calm
FOMC,2023-06-14,2023-06-14,3,-0.005201839909532865,-0.005188333769385212,Calm,Calm
FOMC,2023-06-14,2023-06-14,4,-0.005136778984724004,-0.005123608296842885,Calm,Calm
FOMC,2023-06-14,2023-06-14,5,0.0036033056926435656,0.003609805403070654,Calm,Calm
CPI,2023-07-12,2023-07-12,-5,-0.001488440460944207,-0.0014873332828323482,Calm,Calm
CPI,2023-07-12,2023-07-12,-4,-0.007861378464587598,-0.00783055864387816,Calm,Calm
CPI,2023-07-12,2023-07-12,-3,-0.0025280524675247284,-0.0025248596340023965,Calm,Calm
CPI,2023-07-12,2023-07-12,-2,0.0025280524675247856,0.002531250686684805,Calm,Calm
CPI,2023-07-12,2023-07-12,-1,0.006348297088647427,0.0063684902346918815,Calm,Calm
CPI,2023-07-12,2023-07-12,0,0.008013664612766523,0.00804585996648921,Calm,Calm
CPI,2023-07-12,2023-07-12,1,0.007905398717487433,0.007936728886671185,Calm,Calm
CPI,2023-07-12,2023-07-12,2,-0.0006228148909605783,-0.000622620982024924,Calm,Calm
CPI,2023-07-12,2023-07-12,3,0.003466210653215088,0.0034722249082452805,Calm,Calm
CPI,2023-07-12,2023-07-12,4,0.007402935096637092,0.007430404563715687,Calm,Calm
CPI,2023-07-12,2023-07-12,5,0.0022214457254261855,0.0022239149640697065,Calm,Calm
FOMC,2023-07-26,2023-07-26,-5,0.0022214457254261855,0.0022239149640697065,Calm,Calm
FOMC,2023-07-26,2023-07-26,-4,-0.006656557263275407,-0.006634451462681268,Calm,Calm
FOMC,2023-07-26,2023-07-26,-3,0.0,0.0,Calm,Calm
FOMC,2023-07-26,2023-07-26,-2,0.004457093752012675,0.0044670413680312215,Calm,Calm
FOMC,2023-07-26,2023-07-26,-1,0.0027264269967140157,0.00273014707887409,Calm,Calm
FOMC,2023-07-26,2023-07-26,0,0.00015372053318287227,0.0001537323487894593,Calm,Calm
FOMC,2023-07-26,2023-07-26,1,-0.006652082520437671,-0.006630006397362442,Calm,Calm
FOMC,2023-07-26,2023-07-26,2,0.009742839429551332,0.009790455402252318,Calm,Calm
FOMC,2023-07-26,2023-07-26,3,0.0019022097510292574,0.001904020099703363,Calm,Calm
FOMC,2023-07-26,2023-07-26,4,-0.0028656438847648974,-0.0028615418465901543,Calm,Calm
FOMC,2023-07-26,2023-07-26,5,-0.01400843317692995,-0.013910771637134278,Calm,Calm
CPI,2023-08-10,2023-08-10,-5,-0.0028701312392492265,-0.0028660163502824965,Calm,Calm
CPI,2023-08-10,2023-08-10,-4,-0.00453299727420301,-0.004522738748535593,Calm,Calm
CPI,2023-08-10,2023-08-10,-3,0.008690676483776558,0.008728550048778372,Calm,Calm
CPI,2023-08-10,2023-08-10,-2,-0.004358110775238125,-0.004348627991149545,Calm,Calm
CPI,2023-08-10,2023-08-10,-1,-0.006707688508654268,-0.00668524218178701,Calm,Calm
CPI,2023-08-10,2023-08-10,0,0.00035881062777650834,0.00035887500800968475,Calm,Calm
CPI,2023-08-10,2023-08-10,1,-0.0005832478750080906,-0.0005830778190294428,Calm,Calm
CPI,2023-08-10,2023-08-10,2,0.005504922787288692,0.005520102716732644,Calm,Calm
CPI,2023-08-10,2023-08-10,3,-0.011717243993434427,-0.011648864423976502,Calm,Calm
CPI,2023-08-10,2023-08-10,4,-0.007365191617319721,-0.0073381350598662465,Calm,Calm
CPI,2023-08-10,2023-08-10,5,-0.00764930932703249,-0.007620127813987576,Calm,Calm
CPI,2023-09-13,2023-09-13,-5,-0.006745309002027251,-0.006722610470139667,Calm,Calm
CPI,2023-09-13,2023-09-13,-4,-0.00307485354937569,-0.003070131028793721,Calm,Calm
CPI,2023-09-13,2023-09-13,-3,0.001505029278217109,0.0015061624031720289,Calm,Calm
CPI,2023-09-13,2023-09-13,-2,0.006555023151930612,0.006576554336285678,Calm,Calm
CPI,2023-09-13,2023-09-13,-1,-0.005500666789081585,-0.005485565822668237,Calm,Calm
CPI,2023-09-13,2023-09-13,0,0.0011652671870899937,0.001165946374684701,Calm,Calm
CPI,2023-09-13,2023-09-13,1,0.008585438330990841,0.008622398905182127,Calm,Calm
CPI,2023-09-13,2023-09-13,2,-0.012121536778741721,-0.012048366894015339,Calm,Calm
CPI,2023-09-13,2023-09-13,3,0.0005863863690221962,0.0005865583271187358,Calm,Calm
CPI,2023-09-13,2023-09-13,4,-0.0020761180121361316,-0.0020739643697990084,Calm,Calm
CPI,2023-09-13,2023-09-13,5,-0.00923584260036168,-0.009193323207584925,Calm,Calm
FOMC,2023-09-20,2023-09-20,-5,0.0011652671870899937,0.001165946374684701,Calm,Calm
FOMC,2023-09-20,2023-09-20,-4,0.008585438330990841,0.008622398905182127,Calm,Calm
FOMC,2023-09-20,2023-09-20,-3,-0.012121536778741721,-0.012048366894015339,Calm,Calm
FOMC,2023-09-20,2023-09-20,-2,0.0005863863690221962,0.0005865583271187358,Calm,Calm
FOMC,2023-09-20,2023-09-20,-1,-0.0020761180121361316,-0.0020739643697990084,Calm,Calm
FOMC,2023-09-20,2023-09-20,0,-0.00923584260036168,-0.009193323207584925,Calm,Calm
FOMC,2023-09-20,2023-09-20,1,-0.016666426994486765,-0.016528310467607055,Calm,Calm
FOMC,2023-09-20,2023-09-20,2,-0.0022509479691375533,-0.0022484164855265387,Calm,Calm
FOMC,2023-09-20,2023-09-20,3,0.004196339184126944,0.004205156144071909,Calm,Calm
FOMC,2023-09-20,2023-09-20,4,-0.014800365265373573,-0.01469137820465194,Calm,Calm
FOMC,2023-09-20,2023-09-20,5,0.00039913267522416853,0.0003992123392688729,Calm,Calm
CPI,2023-10-12,2023-10-12,-5,-0.00037700182555318936,-0.00037693076929468106,Calm,Choppy
CPI,2023-10-12,2023-10-12,-4,0.011802897995405326,0.01187282704695547,Calm,Choppy
CPI,2023-10-12,2023-10-12,-3,0.006381759064786851,0.006402165876523203,Calm,Choppy
CPI,2023-10-12,2023-10-12,-2,0.005191513015540902,0.005205012269644094,Calm,Choppy
CPI,2023-10-12,2023-10-12,-1,0.004087869862547289,0.004096236599379521,Calm,Choppy
CPI,2023-10-12,2023-10-12,0,-0.006115182257597862,-0.006096522585715913,Calm,Choppy
CPI,2023-10-12,2023-10-12,1,-0.004993300311672397,-0.004980854511493993,Calm,Choppy
CPI,2023-10-12,2023-10-12,2,0.010466563949045765,0.010521530030785486,Calm,Choppy
CPI,2023-10-12,2023-10-12,3,-4.6068254965801097e-05,-4.60671938400381e-05,Calm,Choppy
CPI,2023-10-12,2023-10-12,4,-0.013414509469111536,-0.013324935912743308,Calm,Choppy
CPI,2023-10-12,2023-10-12,5,-0.008825315837848721,-0.008786487047433011,Calm,Choppy
FOMC,2023-11-01,2023-11-01,-5,-0.014456015181151836,-0.01435202867358576,Choppy,Calm
FOMC,2023-11-01,2023-11-01,-4,-0.012046805321883442,-0.01197453307034757,Choppy,Calm
FOMC,2023-11-01,2023-11-01,-3,-0.0045433009885750796,-0.004532995809056417,Choppy,Calm
FOMC,2023-11-01,2023-11-01,-2,0.011884988154068441,0.011955895257369287,Choppy,Calm
FOMC,2023-11-01,2023-11-01,-1,0.006260603846441421,0.006280242388355672,Choppy,Calm
FOMC,2023-11-01,2023-11-01,0,0.010608301333944867,0.010664768860745077,Choppy,Calm
FOMC,2023-11-01,2023-11-01,1,0.01898301144418693,0.019164334340159517,Choppy,Calm
FOMC,2023-11-01,2023-11-01,2,0.009082032438367731,0.009123399231655949,Choppy,Calm
FOMC,2023-11-01,2023-11-01,3,0.002297875820557627,0.0023005179605832815,Choppy,Calm
FOMC,2023-11-01,2023-11-01,4,0.0028420609665793877,0.002846103450603099,Choppy,Calm
FOMC,2023-11-01,2023-11-01,5,0.0007320630569598807,0.0007323310805189553,Choppy,Calm
CPI,2023-11-14,2023-11-14,-5,0.0028420609665793877,0.002846103450603099,Calm,Calm
CPI,2023-11-14,2023-11-14,-4,0.0007320630569598807,0.0007323310805189553,Calm,Calm
CPI,2023-11-14,2023-11-14,-3,-0.007829303679686657,-0.0077987345120880125,Calm,Calm
CPI,2023-11-14,2023-11-14,-2,0.01548424695884534,0.01560474906888576,Calm,Calm
CPI,2023-11-14,2023-11-14,-1,-0.0009536158068763617,-0.0009531612598220329,Calm,Calm
CPI,2023-11-14,2023-11-14,0,0.01921483545225616,0.019400628489297578,Calm,Calm
CPI,2023-11-14,2023-11-14,1,0.002115020992423026,0.0021172592270151114,Calm,Calm
CPI,2023-11-14,2023-11-14,2,0.0012222824109278452,0.0012230297025099812,Calm,Calm
CPI,2023-11-14,2023-11-14,3,0.0012430005950847868,0.0012437734405070788,Calm,Calm
CPI,2023-11-14,2023-11-14,4,0.007668274637292346,0.007697751151746646,Calm,Calm
CPI,2023-11-14,2023-11-14,5,-0.0021819551180472818,-0.002179576384389925,Calm,Calm
CPI,2023-12-12,2023-12-12,-5,-0.0001969830843957697,-0.00019696368450183854,Calm,Calm
CPI,2023-12-12,2023-12-12,-4,-0.004038039130441715,-0.004029897213245759,Calm,Calm
CPI,2023-12-12,2023-12-12,-3,0.007601378981604649,0.007630342804636259,Calm,Calm
CPI,2023-12-12,2023-12-12,-2,0.004289978691554495,0.004299193823001701,Calm,Calm
CPI,2023-12-12,2023-12-12,-1,0.0038821166121429077,0.0038896617874286665,Calm,Calm
CPI,2023-12-12,2023-12-12,0,0.004556799751689075,0.004567197751546015,Calm,Calm
CPI,2023-12-12,2023-12-12,1,0.013695889852565089,0.013790108195302464,Calm,Calm
CPI,2023-12-12,2023-12-12,2,0.003204276870916835,0.003209416053705061,Calm,Calm
CPI,2023-12-12,2023-12-12,3,-0.0016479905739581872,-0.0016466333831405278,Calm,Calm
CPI,2023-12-12,2023-12-12,4,0.00560943662939355,0.005625198977892598,Calm,Calm
CPI,2023-12-12,2023-12-12,5,0.0060623869606101395,0.006080800419471899,Calm,Calm
FOMC,2023-12-13,2023-12-13,-5,-0.004038039130441715,-0.004029897213245759,Calm,Calm
FOMC,2023-12-13,2023-12-13,-4,0.007601378981604649,0.007630342804636259,Calm,Calm
FOMC,2023-12-13,2023-12-13,-3,0.004289978691554495,0.004299193823001701,Calm,Calm
FOMC,2023-12-13,2023-12-13,-2,0.0038821166121429077,0.0038896617874286665,Calm,Calm
FOMC,2023-12-13,2023-12-13,-1,0.004556799751689075,0.004567197751546015,Calm,Calm
FOMC,2023-12-13,2023-12-13,0,0.013695889852565089,0.013790108195302464,Calm,Calm
FOMC,2023-12-13,2023-12-13,1,0.003204276870916835,0.003209416053705061,Calm,Calm
FOMC,2023-12-13,2023-12-13,2,-0.0016479905739581872,-0.0016466333831405278,Calm,Calm
FOMC,2023-12-13,2023-12-13,3,0.00560943662939355,0.005625198977892598,Calm,Calm
FOMC,2023-12-13,2023-12-13,4,0.0060623869606101395,0.006080800419471899,Calm,Calm
FOMC,2023-12-13,2023-12-13,5,-0.013954157397648992,-0.013857249423357532,Calm,Calm
CPI,2024-01-11,2024-01-11,-5,-0.0032264257401968485,-0.0032212264219095843,Calm,Calm
CPI,2024-01-11,2024-01-11,-4,0.001368701705575587,0.0013696388052428787,Calm,Calm
CPI,2024-01-11,2024-01-11,-3,0.014175150038918082,0.014276093878971441,Calm,Calm
CPI,2024-01-11,2024-01-11,-2,-0.0015182135778738339,-0.001517061674658593,Calm,Calm
CPI,2024-01-11,2024-01-11,-1,0.00563949210474844,0.005655423975487794,Calm,Calm
CPI,2024-01-11,2024-01-11,0,-0.0004407563666352606,-0.00044065924781699906,Calm,Calm
CPI,2024-01-11,2024-01-11,1,0.0006924735680981959,0.0006927133832714816,Calm,Calm
CPI,2024-01-11,2024-01-11,2,-0.003677969687080206,-0.003671214241216858,Calm,Calm
CPI,2024-01-11,2024-01-11,3,-0.00557417959777434,-0.005558672684831789,Calm,Calm
CPI,2024-01-11,2024-01-11,4,0.00885342519663735,0.00889273268181845,Calm,Calm
CPI,2024-01-11,2024-01-11,5,0.012389103004520771,0.012466165858858957,Calm,Calm
FOMC,2024-01-31,2024-01-31,-5,0.001092443430432972,0.001093040364109621,Calm,Calm
FOMC,2024-01-31,2024-01-31,-4,0.0054242117987263316,0.005438949470246479,Calm,Calm
FOMC,2024-01-31,2024-01-31,-3,-0.0012713473466193653,-0.0012705395269575481,Calm,Calm
FOMC,2024-01-31,2024-01-31,-2,0.007888287686573956,0.007919482197699113,Calm,Calm
FOMC,2024-01-31,2024-01-31,-1,-0.0007737825156976397,-0.0007734832232075828,Calm,Calm
FOMC,2024-01-31,2024-01-31,0,-0.016451958495431004,-0.01631736415062779,Calm,Calm
FOMC,2024-01-31,2024-01-31,1,0.013003404835991291,0.013088316753500084,Calm,Calm
FOMC,2024-01-31,2024-01-31,2,0.010472268034230372,0.010527294148113153,Calm,Calm
FOMC,2024-01-31,2024-01-31,3,-0.003647872745286307,-0.00364122734048955,Calm,Calm
FOMC,2024-01-31,2024-01-31,4,0.0028990996511060697,0.0029033061044931863,Calm,Calm
FOMC,2024-01-31,2024-01-31,5,0.008305867332646566,0.008340456747429448,Calm,Calm
CPI,2024-02-13,2024-02-13,-5,0.0028990996511060697,0.0029033061044931863,Calm,Calm
CPI,2024-02-13,2024-02-13,-4,0.008305867332646566,0.008340456747429448,Calm,Calm
CPI,2024-02-13,2024-02-13,-3,0.00044152513377603226,0.00044162262034497246,Calm,Calm
CPI,2024-02-13,2024-02-13,-2,0.005762824833734324,0.005779461852153833,Calm,Calm
CPI,2024-02-13,2024-02-13,-1,-0.0004391126465817472,-0.00043901625073361483,Calm,Calm
CPI,2024-02-13,2024-02-13,0,-0.013868690259843301,-0.013772963023190532,Calm,Calm
CPI,2024-02-13,2024-02-13,1,0.009046500390879971,0.00908754364812836,Calm,Calm
CPI,2024-02-13,2024-02-13,2,0.006876105867007036,0.006899800560894898,Calm,Calm
CPI,2024-02-13,2024-02-13,3,-0.004992360910690337,-0.004979919789092513,Calm,Calm
CPI,2024-02-13,2024-02-13,4,-0.0055205695888261,-0.005505359247321762,Calm,Calm
CPI,2024-02-13,2024-02-13,5,0.0009053542675560363,0.0009057642244403308,Calm,Calm
CPI,2024-03-12,2024-03-12,-5,-0.010044433831981486,-0.009994156981452451,Calm,Calm
CPI,2024-03-12,2024-03-12,-4,0.005054421001380554,0.005067216135458574,Calm,Calm
CPI,2024-03-12,2024-03-12,-3,0.009877469141656981,0.009926412352267322,Calm,Calm
CPI,2024-03-12,2024-03-12,-2,-0.006020282024248964,-0.006002196438067098,Calm,Calm
CPI,2024-03-12,2024-03-12,-1,-0.0008601678559511803,-0.0008597980176295872,Calm,Calm
CPI,2024-03-12,2024-03-12,0,0.010699858279855388,0.010757306476487427,Calm,Calm
CPI,2024-03-12,2024-03-12,1,-0.0015686754961823789,-0.001567445767875153,Calm,Calm
CPI,2024-03-12,2024-03-12,2,-0.00197880382382427,-0.0019768472822877525,Calm,Calm
CPI,2024-03-12,2024-03-12,3,-0.006890222494846185,-0.0068665393371252215,Calm,Calm
CPI,2024-03-12,2024-03-12,4,0.005925560342370959,0.005943151203128272,Calm,Calm
CPI,2024-03-12,2024-03-12,5,0.005541688705201126,0.00555707226589397,Calm,Calm
FOMC,2024-03-20,2024-03-20,-5,-0.0015686754961823789,-0.001567445767875153,Calm,Calm
FOMC,2024-03-20,2024-03-20,-4,-0.00197880382382427,-0.0019768472822877525,Calm,Calm
FOMC,2024-03-20,2024-03-20,-3,-0.006890222494846185,-0.0068665393371252215,Calm,Calm
FOMC,2024-03-20,2024-03-20,-2,0.005925560342370959,0.005943151203128272,Calm,Calm
FOMC,2024-03-20,2024-03-20,-1,0.005541688705201126,0.00555707226589397,Calm,Calm
FOMC,2024-03-20,2024-03-20,0,0.009206823584230514,0.009249336754743487,Calm,Calm
FOMC,2024-03-20,2024-03-20,1,0.003299259953870483,0.0033047085024036083,Calm,Calm
FOMC,2024-03-20,2024-03-20,2,-0.0018977099532216843,-0.0018959104401863325,Calm,Calm
FOMC,2024-03-20,2024-03-20,3,-0.0027665149965610406,-0.002762691720477495,Calm,Calm
FOMC,2024-03-20,2024-03-20,4,-0.001848745096202293,-0.0018470372196252027,Calm,Calm
FOMC,2024-03-20,2024-03-20,5,0.008368785427259629,0.008403901603583064,Calm,Calm
CPI,2024-04-10,2024-04-10,-5,0.00109794127340279,0.0010985442315734062,Calm,Calm
CPI,2024-04-10,2024-04-10,-4,-0.012281186609957017,-0.012206080615670079,Calm,Calm
CPI,2024-04-10,2024-04-10,-3,0.010392508732894053,0.010446698411323174,Calm,Calm
CPI,2024-04-10,2024-04-10,-2,0.0005592883114803959,0.0005594447423500348,Calm,Calm
CPI,2024-04-10,2024-04-10,-1,0.0011561042031907065,0.0011567727492665103,Calm,Calm
CPI,2024-04-10,2024-04-10,0,-0.010063728339205541,-0.010013258472064912,Calm,Calm
CPI,2024-04-10,2024-04-10,1,0.0075187135397929835,0.007547050039929504,Calm,Calm
CPI,2024-04-10,2024-04-10,2,-0.013899313984611259,-0.013803164506086318,Calm,Calm
CPI,2024-04-10,2024-04-10,3,-0.012607239535032184,-0.012528101211725318,Calm,Calm
CPI,2024-04-10,2024-04-10,4,-0.0018255381108098227,-0.0018238728296117168,Calm,Calm
CPI,2024-04-10,2024-04-10,5,-0.005935823068772382,-0.005918240876482628,Calm,Calm
FOMC,2024-05-01,2024-05-01,-5,-0.0004747200241270341,-0.0004746073624046776,Choppy,Choppy
FOMC,2024-05-01,2024-05-01,-4,-0.0038061433600497492,-0.0037989091774335293,Choppy,Choppy
FOMC,2024-05-01,2024-05-01,-3,0.009429351780170389,0.009473948179165692,Choppy,Choppy
FOMC,2024-05-01,2024-05-01,-2,0.0035352349373046796,0.00354149125067571,Choppy,Choppy
FOMC,2024-05-01,2024-05-01,-1,-0.01596809082235869,-0.015841276750215183,Choppy,Choppy
FOMC,2024-05-01,2024-05-01,0,-0.003252497065752439,-0.0032472134270631337,Choppy,Choppy
FOMC,2024-05-01,2024-05-01,1,0.009310058772189139,0.00935353217794499,Choppy,Choppy
FOMC,2024-05-01,2024-05-01,2,0.012319103938198604,0.012395296652984111,Choppy,Choppy
FOMC,2024-05-01,2024-05-01,3,0.010273837580908494,0.010326794652302018,Choppy,Choppy
FOMC,2024-05-01,2024-05-01,4,0.0011028239492432879,0.0011034322831826593,Choppy,Choppy
FOMC,2024-05-01,2024-05-01,5,9.653142995600289e-05,9.65360892644096e-05,Choppy,Choppy
CPI,2024-05-15,2024-05-15,-5,9.653142995600289e-05,9.65360892644096e-05,Calm,Calm
CPI,2024-05-15,2024-05-15,-4,0.0057455728259878025,0.005762110286761768,Calm,Calm
CPI,2024-05-15,2024-05-15,-3,0.0012872147581107771,0.0012880435746109864,Calm,Calm
CPI,2024-05-15,2024-05-15,-2,0.00013431344156235694,0.00013432246201650067,Calm,Calm
CPI,2024-05-15,2024-05-15,-1,0.004577640902657333,0.004588134306342306,Calm,Calm
CPI,2024-05-15,2024-05-15,0,0.012306984504407426,0.012383027069566177,Calm,Calm
CPI,2024-05-15,2024-05-15,1,-0.0020597826011809406,-0.002057662704757268,Calm,Calm
CPI,2024-05-15,2024-05-15,2,0.0014366014591867028,0.0014376338653891985,Calm,Calm
CPI,2024-05-15,2024-05-15,3,0.0011515006981775372,0.001152163929652561,Calm,Calm
CPI,2024-05-15,2024-05-15,4,0.0024496490866303985,0.002452651928423144,Calm,Calm
CPI,2024-05-15,2024-05-15,5,-0.0028835632480416033,-0.0028794097727675716,Calm,Calm
CPI,2024-06-12,2024-06-12,-5,0.011815092894935732,0.011885166809659786,Calm,Calm
CPI,2024-06-12,2024-06-12,-4,-1.8709454566146043e-05,-1.8709279545392477e-05,Calm,Calm
CPI,2024-06-12,2024-06-12,-3,-0.0012163976943494067,-0.0012156581825512047,Calm,Calm
CPI,2024-06-12,2024-06-12,-2,0.0030849122809887618,0.0030896755196778702,Calm,Calm
CPI,2024-06-12,2024-06-12,-1,0.002405324556655933,0.0024082196705315084,Calm,Calm
CPI,2024-06-12,2024-06-12,0,0.008179536831590827,0.008213080638207026,Calm,Calm
CPI,2024-06-12,2024-06-12,1,0.002011508440890245,0.0020135328811594633,Calm,Calm
CPI,2024-06-12,2024-06-12,2,0.0006082509034041797,0.000608435925496309,Calm,Calm
CPI,2024-06-12,2024-06-12,3,0.007927374752491275,0.007958879582898204,Calm,Calm
CPI,2024-06-12,2024-06-12,4,0.002537597073665159,0.0025408194982812216,Calm,Calm
CPI,2024-06-12,2024-06-12,5,-0.0027203415916810824,-0.00271664481541789,Calm,Calm
FOMC,2024-06-12,2024-06-12,-5,0.011815092894935732,0.011885166809659786,Calm,Calm
FOMC,2024-06-12,2024-06-12,-4,-1.8709454566146043e-05,-1.8709279545392477e-05,Calm,Calm
FOMC,2024-06-12,2024-06-12,-3,-0.0012163976943494067,-0.0012156581825512047,Calm,Calm
FOMC,2024-06-12,2024-06-12,-2,0.0030849122809887618,0.0030896755196778702,Calm,Calm
FOMC,2024-06-12,2024-06-12,-1,0.002405324556655933,0.0024082196705315084,Calm,Calm
FOMC,2024-06-12,2024-06-12,0,0.008179536831590827,0.008213080638207026,Calm,Calm
FOMC,2024-06-12,2024-06-12,1,0.002011508440890245,0.0020135328811594633,Calm,Calm
FOMC,2024-06-12,2024-06-12,2,0.0006082509034041797,0.000608435925496309,Calm,Calm
FOMC,2024-06-12,2024-06-12,3,0.007927374752491275,0.007958879582898204,Calm,Calm
FOMC,2024-06-12,2024-06-12,4,0.002537597073665159,0.0025408194982812216,Calm,Calm
FOMC,2024-06-12,2024-06-12,5,-0.0027203415916810824,-0.00271664481541789,Calm,Calm
CPI,2024-07-11,2024-07-11,-5,0.004452704163877632,0.004462632181101656,Calm,Calm
CPI,2024-07-11,2024-07-11,-4,0.005750020885147285,0.005766583986078322,Calm,Calm
CPI,2024-07-11,2024-07-11,-3,0.0011531627259042687,0.0011538278736904495,Calm,Calm
CPI,2024-07-11,2024-07-11,-2,0.0009721194549690999,0.000972592116235127,Calm,Calm
CPI,2024-07-11,2024-07-11,-1,0.009846556232544589,0.009895193071413955,Calm,Calm
CPI,2024-07-11,2024-07-11,0,-0.008659891247896309,-0.008622502395324583,Calm,Calm
CPI,2024-07-11,2024-07-11,1,0.006287734733728249,0.00630754403454814,Calm,Calm
CPI,2024-07-11,2024-07-11,2,0.002746234574301277,0.0027500089307683773,Calm,Calm
CPI,2024-07-11,2024-07-11,3,0.00591267816960782,0.005930192553132541,Calm,Calm
CPI,2024-07-11,2024-07-11,4,-0.014120399731959738,-0.01402117447015827,Calm,Calm
CPI,2024-07-11,2024-07-11,5,-0.007714606319595706,-0.007684925119563979,Calm,Calm
FOMC,2024-07-31,2024-07-31,-5,-0.022923452017785628,-0.02266270589224273,Calm,Calm
FOMC,2024-07-31,2024-07-31,-4,-0.0052237832769062255,-0.005210163047739802,Calm,Calm
FOMC,2024-07-31,2024-07-31,-3,0.011137459437553917,0.01119971183544255,Calm,Calm
FOMC,2024-07-31,2024-07-31,-2,0.0005876069125860719,0.000587779587347903,Calm,Calm
FOMC,2024-07-31,2024-07-31,-1,-0.005079341629614852,-0.005066463587138137,Calm,Calm
FOMC,2024-07-31,2024-07-31,0,0.016123667834809063,0.016254355611027282,Calm,Calm
FOMC,2024-07-31,2024-07-31,1,-0.014261910466937,-0.01416069118664165,Calm,Calm
FOMC,2024-07-31,2024-07-31,2,-0.018793890858791885,-0.018618386879309612,Calm,Calm
FOMC,2024-07-31,2024-07-31,3,-0.029556213687220098,-0.029123700429442123,Calm,Calm
FOMC,2024-07-31,2024-07-31,4,0.009177225046938206,0.009219464892696205,Calm,Calm
FOMC,2024-07-31,2024-07-31,5,-0.006706314330524952,-0.006683877189433418,Calm,Calm
CPI,2024-08-14,2024-08-14,-5,-0.006706314330524952,-0.006683877189433418,Choppy,Choppy
CPI,2024-08-14,2024-08-14,-4,0.0228539798269916,0.023117132898536896,Choppy,Choppy
CPI,2024-08-14,2024-08-14,-3,0.004399942320377938,0.004409636278994267,Choppy,Choppy
CPI,2024-08-14,2024-08-14,-2,0.0005254370380520798,0.0005255751042732015,Choppy,Choppy
CPI,2024-08-14,2024-08-14,-1,0.016311777161781584,0.016445540515162227,Choppy,Choppy
CPI,2024-08-14,2024-08-14,0,0.0031497560528184784,0.00315472174662057,Choppy,Choppy
CPI,2024-08-14,2024-08-14,1,0.016995123183211065,0.017140361905951584,Choppy,Choppy
CPI,2024-08-14,2024-08-14,2,0.002239469667383563,0.0022419791525347676,Choppy,Choppy
CPI,2024-08-14,2024-08-14,3,0.009516061662984574,0.009561483341943289,Choppy,Choppy
CPI,2024-08-14,2024-08-14,4,-0.001627548962682649,-0.0016262252231173946,Choppy,Choppy
CPI,2024-08-14,2024-08-14,5,0.0034306615385566665,0.003436552993121733,Choppy,Choppy
CPI,2024-09-11,2024-09-11,-5,-0.0020488615040308513,-0.0020467640200287907,Calm,Calm
CPI,2024-09-11,2024-09-11,-4,-0.002435114582399547,-0.00243215209603731,Calm,Calm
CPI,2024-09-11,2024-09-11,-3,-0.016973509763818825,-0.016830271311729317,Calm,Calm
CPI,2024-09-11,2024-09-11,-2,0.011134101848573833,0.011196316648133253,Calm,Calm
CPI,2024-09-11,2024-09-11,-1,0.004346212941568779,0.0043556714229291416,Calm,Calm
CPI,2024-09-11,2024-09-11,0,0.010206569301276718,0.010258833992783822,Calm,Calm
CPI,2024-09-11,2024-09-11,1,0.008388231315991434,0.008423511104311832,Calm,Calm
CPI,2024-09-11,2024-09-11,2,0.005208925019531913,0.0052225150557083655,Calm,Calm
CPI,2024-09-11,2024-09-11,3,0.0014759232765986666,0.0014770129874017712,Calm,Calm
CPI,2024-09-11,2024-09-11,4,0.00040848561337042405,0.00040856905497976825,Calm,Calm
CPI,2024-09-11,2024-09-11,5,-0.0029701369002973965,-0.002965730407402778,Calm,Calm
FOMC,2024-09-18,2024-09-18,-5,0.010206569301276718,0.010258833992783822,Calm,Calm
FOMC,2024-09-18,2024-09-18,-4,0.008388231315991434,0.008423511104311832,Calm,Calm
FOMC,2024-09-18,2024-09-18,-3,0.005208925019531913,0.0052225150557083655,Calm,Calm
FOMC,2024-09-18,2024-09-18,-2,0.0014759232765986666,0.0014770129874017712,Calm,Calm
FOMC,2024-09-18,2024-09-18,-1,0.00040848561337042405,0.00040856905497976825,Calm,Calm
FOMC,2024-09-18,2024-09-18,0,-0.0029701369002973965,-0.002965730407402778,Calm,Calm
FOMC,2024-09-18,2024-09-18,1,0.016920417068611568,0.017064378139772574,Calm,Calm
FOMC,2024-09-18,2024-09-18,2,-0.0017302409759477465,-0.0017287449719705084,Calm,Calm
FOMC,2024-09-18,2024-09-18,3,0.0024959261853905075,0.002499043602226525,Calm,Calm
FOMC,2024-09-18,2024-09-18,4,0.0028571374885392,0.002861222995878876,Calm,Calm
FOMC,2024-09-18,2024-09-18,5,-0.0022081062835307597,-0.0022056702102172254,Calm,Calm
CPI,2024-10-10,2024-10-10,-5,-0.001829849680570939,-0.0018281765263400418,Calm,Calm
CPI,2024-10-10,2024-10-10,-4,0.009046337139021374,0.00908737891272482,Calm,Calm
CPI,2024-10-10,2024-10-10,-3,-0.009081569912770038,-0.009040457007435831,Calm,Calm
CPI,2024-10-10,2024-10-10,-2,0.009413097770271649,0.009457540312966639,Calm,Calm
CPI,2024-10-10,2024-10-10,-1,0.00690247597092669,0.006926352963365634,Calm,Calm
CPI,2024-10-10,2024-10-10,0,-0.0017514865874064195,-0.001749953629888945,Calm,Calm
CPI,2024-10-10,2024-10-10,1,0.0059704089810214845,0.005988267395711899,Calm,Calm
CPI,2024-10-10,2024-10-10,2,0.008144974640886798,0.008178235187614735,Calm,Calm
CPI,2024-10-10,2024-10-10,3,-0.00779996863683604,-0.007769627818527525,Calm,Calm
CPI,2024-10-10,2024-10-10,4,0.004336865180397527,0.004346282989862171,Calm,Calm
CPI,2024-10-10,2024-10-10,5,8.60997961183024e-05,8.61035028121293e-05,Calm,Calm
FOMC,2024-11-07,2024-11-07,-5,-0.019797854173375373,-0.019603163593925776,Calm,Calm
FOMC,2024-11-07,2024-11-07,-4,0.004211569117516647,0.004220450238173301,Calm,Calm
FOMC,2024-11-07,2024-11-07,-3,-0.002156229673194798,-0.002153906679928652,Calm,Calm
FOMC,2024-11-07,2024-11-07,-2,0.012019187358455816,0.012091708046168215,Calm,Calm
FOMC,2024-11-07,2024-11-07,-1,0.024561573185624373,0.02486569341005418,Calm,Calm
FOMC,2024-11-07,2024-11-07,0,0.007702320909745663,0.007732060087975334,Calm,Calm
FOMC,2024-11-07,2024-11-07,1,0.004322387177034996,0.004331742166261199,Calm,Calm
FOMC,2024-11-07,2024-11-07,2,0.0009522685612223012,0.0009527221128848851,Calm,Calm
FOMC,2024-11-07,2024-11-07,3,-0.0031111788157091925,-0.003106344114070958,Calm,Calm
FOMC,2024-11-07,2024-11-07,4,0.0004857556014381712,0.0004858735997956831,Calm,Calm
FOMC,2024-11-07,2024-11-07,5,-0.006450883465471252,-0.00643012118573405,Calm,Calm
CPI,2024-11-13,2024-11-13,-5,0.024561573185624373,0.02486569341005418,Calm,Calm
CPI,2024-11-13,2024-11-13,-4,0.007702320909745663,0.007732060087975334,Calm,Calm
CPI,2024-11-13,2024-11-13,-3,0.004322387177034996,0.004331742166261199,Calm,Calm
CPI,2024-11-13,2024-11-13,-2,0.0009522685612223012,0.0009527221128848851,Calm,Calm
CPI,2024-11-13,2024-11-13,-1,-0.0031111788157091925,-0.003106344114070958,Calm,Calm
CPI,2024-11-13,2024-11-13,0,0.0004857556014381712,0.0004858735997956831,Calm,Calm
CPI,2024-11-13,2024-11-13,1,-0.006450883465471252,-0.00643012118573405,Calm,Calm
CPI,2024-11-13,2024-11-13,2,-0.012891343001767624,-0.012808605553460195,Calm,Calm
CPI,2024-11-13,2024-11-13,3,0.004089010297291547,0.004097381706267278,Calm,Calm
CPI,2024-11-13,2024-11-13,4,0.0036488176777682395,0.0036554827170298676,Calm,Calm
CPI,2024-11-13,2024-11-13,5,0.0003386364663645973,0.00033869381016549127,Calm,Calm
CPI,2024-12-11,2024-12-11,-5,0.006190198461458886,0.006209397334455913,Calm,Calm
CPI,2024-12-11,2024-12-11,-4,-0.0016468536024237565,-0.0016454982831360931,Calm,Calm
CPI,2024-12-11,2024-12-11,-3,0.0018939443200675732,0.001895738965418614,Calm,Calm
CPI,2024-12-11,2024-12-11,-2,-0.005163033532133834,-0.005149727983354002,Calm,Calm
CPI,2024-12-11,2024-12-11,-1,-0.003113962224766218,-0.0031091188730399955,Calm,Calm
CPI,2024-12-11,2024-12-11,0,0.007700935315359931,0.0077306637810579115,Calm,Calm
CPI,2024-12-11,2024-12-11,1,-0.005165913499901922,-0.005152593115945736,Calm,Calm
CPI,2024-12-11,2024-12-11,2,-0.0001986415474580235,-0.00019862181953211877,Calm,Calm
CPI,2024-12-11,2024-12-11,3,0.004260995434072845,0.004270086382694771,Calm,Calm
CPI,2024-12-11,2024-12-11,4,-0.004128768977875235,-0.004120257329478183,Calm,Calm
CPI,2024-12-11,2024-12-11,5,-0.030256520766793266,-0.029803373957551726,Calm,Calm
FOMC,2024-12-18,2024-12-18,-5,0.007700935315359931,0.0077306637810579115,Calm,Calm
FOMC,2024-12-18,2024-12-18,-4,-0.005165913499901922,-0.005152593115945736,Calm,Calm
FOMC,2024-12-18,2024-12-18,-3,-0.0001986415474580235,-0.00019862181953211877,Calm,Calm
FOMC,2024-12-18,2024-12-18,-2,0.004260995434072845,0.004270086382694771,Calm,Calm
FOMC,2024-12-18,2024-12-18,-1,-0.004128768977875235,-0.004120257329478183,Calm,Calm
FOMC,2024-12-18,2024-12-18,0,-0.030256520766793266,-0.029803373957551726,Calm,Calm
FOMC,2024-12-18,2024-12-18,1,-0.00030704645349531975,-0.000306999319557244,Calm,Calm
FOMC,2024-12-18,2024-12-18,2,0.0119393312611692,0.01201088957923413,Calm,Calm
FOMC,2024-12-18,2024-12-18,3,0.005970465013517244,0.005988323763746806,Calm,Calm
FOMC,2024-12-18,2024-12-18,4,0.011053541106187552,0.011114857203426531,Calm,Calm
FOMC,2024-12-18,2024-12-18,5,6.693333596704088e-05,6.693557605275124e-05,Calm,Calm
