Date,Open,High,Low,Close,Volume,Dividends,Stock Splits,Capital Gains
2005-01-03,82.23613785708021,82.37144226929568,81.11313962303744,81.38374328613281,55748000,0.0,0.0,0.0
2005-01-04,81.49197841588828,81.54610017862355,80.12543745550276,80.38927459716797,69167600,0.0,0.0,0.0
2005-01-05,80.32838054717975,80.67340030813676,79.8277671812171,79.83453369140625,65667300,0.0,0.0,0.0
2005-01-06,80.12540502281429,80.60572385966455,80.0036336866175,80.24040985107422,47814700,0.0,0.0,0.0
2005-01-07,80.48398250972738,80.6598756522856,79.91571434197591,80.12543487548828,55847700,0.0,0.0,0.0
2005-01-10,80.05779087341962,80.81548014533327,80.05779087341962,80.50428771972656,56563300,0.0,0.0,0.0
2005-01-11,80.26071624017383,80.32836584567934,79.82098606238695,79.94952392578125,63099700,0.0,0.0,0.0
2005-01-12,80.0983435612607,80.39600281095238,79.50301473921084,80.21334838867188,72720500,0.0,0.0,0.0
2005-01-13,80.26073600332366,80.3216242762054,79.4895189557239,79.5707015991211,55537500,0.0,0.0,0.0
2005-01-14,79.8074578544933,80.18629977272367,79.6653921351569,79.9901123046875,42032500,0.0,0.0,0.0
2005-01-18,79.86158200630837,80.92369684016492,79.79392723773084,80.82221984863281,57391700,0.0,0.0,0.0
2005-01-19,80.79517290685118,80.85605601546942,79.96983413668116,79.97660064697266,54378900,0.0,0.0,0.0
2005-01-20,79.75333138134508,79.963046693466,79.34742861280981,79.48949432373047,72049300,0.0,0.0,0.0
2005-01-21,79.68572222563866,79.8277880086666,78.91450502558048,79.00244903564453,63160400,0.0,0.0,0.0
2005-01-24,79.21213356771977,79.38126017128361,78.72505328497675,78.8468246459961,58441900,0.0,0.0,0.0
2005-01-25,79.09037551881003,79.46921749820817,78.96183763522787,79.07007598876953,68245000,0.0,0.0,0.0
2005-01-26,79.36772208125078,79.55714302700709,79.17830113549446,79.30683898925781,57195100,0.0,0.0,0.0
2005-01-27,79.27978621137748,79.65862814157032,79.13772048755517,79.44214630126953,55878800,0.0,0.0,0.0
2005-01-28,79.48273503340899,79.52332892688266,78.88741126291536,79.44214630126953,60738900,0.0,0.0,0.0
2005-01-31,79.79395658964971,79.99691064736986,79.63159644027523,79.93602752685547,52532700,0.0,0.0,0.0
2005-02-01,79.99690071495978,80.5584023984449,79.89542369869908,80.44339752197266,49841200,0.0,0.0,0.0
2005-02-02,80.54484681817956,80.90339436872257,80.43660848279583,80.6869125366211,52468900,0.0,0.0,0.0
2005-02-03,80.54487588652029,80.61253067705223,80.2133890905244,80.47722625732422,48837100,0.0,0.0,0.0
2005-02-04,80.504274726221,81.47167924240966,80.49074686700234,81.33638000488281,50024600,0.0,0.0,0.0
2005-02-07,81.34988260759197,81.53253703767842,81.15369516115335,81.22811126708984,45412000,0.0,0.0,0.0
2005-02-08,81.29579220657534,81.62051762688259,81.22814258273418,81.3228530883789,39263500,0.0,0.0,0.0
2005-02-09,81.46491958976358,81.51227484301779,80.67340814479928,80.71399688720703,55279400,0.0,0.0,0.0
2005-02-10,80.950781466417,81.19431909168054,80.68017779671388,81.00489807128906,45858600,0.0,0.0,0.0
2005-02-11,80.97784402283435,81.88436561865123,80.81548387184331,81.70170593261719,53133000,0.0,0.0,0.0
2005-02-14,81.64758224595776,81.76258712788544,81.50551648098786,81.64081573486328,32432100,0.0,0.0,0.0
2005-02-15,81.72199296808866,82.14819023475329,81.64081032434214,81.94523620605469,43852700,0.0,0.0,0.0
2005-02-16,81.80992289722711,82.16847047979952,81.63402978001508,81.99934387207031,55523000,0.0,0.0,0.0
2005-02-17,82.01288651518719,82.08053613395062,81.32961349460595,81.33638000488281,58124000,0.0,0.0,0.0
2005-02-18,81.34315645623353,81.50552176501306,81.11314667746659,81.44463348388672,47723300,0.0,0.0,0.0
2005-02-22,81.11312593259753,81.49873440999058,80.2201376080381,80.2336654663086,80697600,0.0,0.0,0.0
2005-02-23,80.4569042549187,80.88986792669219,80.24718892802863,80.80868530273438,68292600,0.0,0.0,0.0
2005-02-24,80.66663315231632,81.39726140684759,80.49074517948598,81.3431396484375,68563600,0.0,0.0,0.0
2005-02-25,81.36345837033973,82.31056878065525,81.30257524490673,82.14820861816406,60899900,0.0,0.0,0.0
2005-02-28,81.95874266281189,82.06021964427039,81.20782022588617,81.6069564819336,69381300,0.0,0.0,0.0
2005-03-01,81.73551590227986,82.20906839225762,81.70845502266184,82.01288604736328,47294400,0.0,0.0,0.0
2005-03-02,81.69491745886815,82.48642873866413,81.62050133909234,81.97228240966797,64226500,0.0,0.0,0.0
2005-03-03,82.30376031484602,82.46612038439379,81.65430971398781,82.00609588623047,61230800,0.0,0.0,0.0
2005-03-04,82.56757875492744,83.09525273303484,82.3916857084475,83.02760314941406,56168500,0.0,0.0,0.0
2005-03-07,82.98028569269205,83.37942203065165,82.80439256615549,83.06822967529297,43442400,0.0,0.0,0.0
2005-03-08,82.98703636403465,83.21028470806917,82.60819444300694,82.75702667236328,44362000,0.0,0.0,0.0
2005-03-09,82.51348145685145,82.72996328534056,81.83020858889081,81.83697509765625,73263600,0.0,0.0,0.0
2005-03-10,81.99256955810789,82.19552353259851,81.45136756168952,82.0196304321289,65149000,0.0,0.0,0.0
2005-03-11,82.06701835020013,82.34438854836313,81.28903984797638,81.44463348388672,57976500,0.0,0.0,0.0
2005-03-14,81.5934406394281,81.96552123911307,81.37019227961711,81.95198822021484,36336400,0.0,0.0,0.0
2005-03-15,82.14141729396428,82.16847817309475,81.23490106910067,81.2754898071289,62438500,0.0,0.0,0.0
2005-03-16,80.97781903244525,81.28901653769961,80.43661697571562,80.58544921875,74874200,0.0,0.0,0.0
2005-03-17,80.71398297670265,81.00488095694014,80.49073977059892,80.74781036376953,62584200,0.0,0.0,0.0
2005-03-18,80.89521036350628,81.18045795023298,80.24321365886988,80.50808715820312,60232000,0.467,0.0,0.0
2005-03-21,80.6235341071015,80.67107536585537,79.9783305694977,80.20924377441406,61244300,0.0,0.0,0.0
2005-03-22,80.39258967243131,80.77291959471722,79.39421844482422,79.39421844482422,92472400,0.0,0.0,0.0
2005-03-23,79.42820556934934,79.95116460516165,79.29237487988594,79.46216583251953,70817300,0.0,0.0,0.0
2005-03-24,79.77457554560402,80.13453151348794,79.50290900215687,79.55724334716797,51932500,0.0,0.0,0.0
2005-03-28,79.74743794888266,80.10060614082529,79.6727294921875,79.6727294921875,46765500,0.0,0.0,0.0
2005-03-29,79.55724227263147,80.07340818004865,78.95278694196999,79.14295196533203,71160300,0.0,0.0,0.0
2005-03-30,79.31273486148658,80.27714605736442,79.30594177373877,80.26356506347656,62002100,0.0,0.0,0.0
2005-03-31,80.27035329067611,80.45372519590119,80.05302113037615,80.11414337158203,64575400,0.0,0.0,0.0
2005-04-01,80.56917514690433,80.81367445483609,79.40101811986113,79.75418090820312,95255300,0.0,0.0,0.0
2005-04-04,79.70664275118978,80.04622456073588,79.28555944197402,79.8900146484375,71581200,0.0,0.0,0.0
2005-04-05,79.99188803185926,80.39938515580741,79.91717962128126,80.27034759521484,46853900,0.0,0.0,0.0
2005-04-06,80.44695251553999,80.78653442600087,80.26358056379895,80.548828125,53268200,0.0,0.0,0.0
2005-04-07,80.41978039846194,80.99706853724881,80.35865296783777,80.98348236083984,46734600,0.0,0.0,0.0
2005-04-08,80.93597040700595,80.96313758805084,80.14134979248047,80.14134979248047,63772900,0.0,0.0,0.0
2005-04-11,80.33828184494087,80.42657126841985,80.02586713692874,80.20244598388672,44945000,0.0,0.0,0.0
2005-04-12,80.06658606122204,80.86120612713373,79.50967218832584,80.61670684814453,86144800,0.0,0.0,0.0
2005-04-13,80.52165139553584,80.68465442397314,79.5504470395981,79.66590881347656,65949000,0.0,0.0,0.0
2005-04-14,79.73381777334336,79.80173310562235,78.62677764892578,78.62677764892578,96119800,0.0,0.0,0.0
2005-04-15,78.60641053283972,78.91882523429278,77.4925824036216,77.52654266357422,128677300,0.0,0.0,0.0
2005-04-18,77.50613332124514,78.07662812134151,77.3974646841187,77.76421356201172,100035200,0.0,0.0,0.0
2005-04-19,78.17172658088282,78.46376712590033,77.98835469522385,78.38227081298828,64930100,0.0,0.0,0.0
2005-04-20,78.36191609597168,78.5317070431925,77.11905030033778,77.2888412475586,107735900,0.0,0.0,0.0
2005-04-21,77.96119914763162,78.92561032591782,77.68273955273634,78.78977966308594,86952200,0.0,0.0,0.0
2005-04-22,78.6064157684363,79.12258170076811,77.60804416598728,78.49095916748047,88845800,0.0,0.0,0.0
2005-04-25,78.68792563898693,79.12259009709459,78.59284311262643,79.00713348388672,52284100,0.0,0.0,0.0
2005-04-26,78.75578199449903,79.30590265372925,78.2056613352688,78.23961639404297,72626000,0.0,0.0,0.0
2005-04-27,78.00874810600187,78.83053561503496,77.7235005769044,78.5452880859375,84131900,0.0,0.0,0.0
2005-04-28,78.28719843036112,78.56565803812985,77.56049346923828,77.56049346923828,72481500,0.0,0.0,0.0
2005-04-29,78.1513582243932,78.69469119775155,77.40427927223092,78.61318969726562,103993800,0.0,0.0,0.0
2005-05-02,78.83050889095247,79.06142718023051,78.4569668854761,79.05463409423828,56026400,0.0,0.0,0.0
2005-05-03,78.83052717627538,79.3602740112068,78.5724468463776,79.19048309326172,86000300,0.0,0.0,0.0
2005-05-04,79.22444681437696,79.9715258496873,78.97315437944923,79.8017349243164,81055700,0.0,0.0,0.0
2005-05-05,79.91716747483144,80.14129267250105,79.28554521514833,79.77454376220703,96906700,0.0,0.0,0.0
2005-05-06,80.09378518460876,80.13453335349857,79.50291082766448,79.52328491210938,67415400,0.0,0.0,0.0
2005-05-09,79.60479077073205,80.19566515988474,79.4961272538999,80.01908111572266,43750500,0.0,0.0,0.0
2005-05-10,79.70664893466488,79.80173143418551,79.04785934398078,79.19048309326172,74613500,0.0,0.0,0.0
2005-05-11,79.41459827566865,79.73380598997464,78.68110035959623,79.62513732910156,91647400,0.0,0.0,0.0
2005-05-12,79.67948722637574,79.86285915041542,78.74903106689453,78.74903106689453,95086800,0.0,0.0,0.0
2005-05-13,78.98673537849679,79.20406754146356,77.96798989303866,78.59281921386719,85267000,0.0,0.0,0.0
2005-05-16,78.57924022660022,79.3534864518394,78.55207823765144,79.32632446289062,49207000,0.0,0.0,0.0
2005-05-17,79.0614662699997,79.93758307673176,78.8916753074904,79.85608673095703,61071800,0.0,0.0,0.0
2005-05-18,80.20243874693402,80.87481453986257,80.14810958902295,80.6778564453125,77944900,0.0,0.0,0.0
2005-05-19,80.83404846551143,81.09892703355368,80.61671632326693,81.01742553710938,61768100,0.0,0.0,0.0
2005-05-20,81.05138919262542,81.085349448476,80.64389203045624,80.9019775390625,46345500,0.0,0.0,0.0
2005-05-23,80.96311184636265,81.52681901519459,80.94953085096317,81.35023498535156,51047900,0.0,0.0,0.0
2005-05-24,81.11933178322928,81.38420526981237,80.95632872870972,81.16007995605469,50654100,0.0,0.0,0.0
2005-05-25,81.05819226931135,81.41136031989278,80.70502940033809,81.09894561767578,47608800,0.0,0.0,0.0
2005-05-26,81.35700823733289,81.64225570564741,81.24155166895898,81.5335922241211,43256200,0.0,0.0,0.0
2005-05-27,81.5404136867578,81.6694564819336,81.36383480890683,81.6694564819336,24596100,0.0,0.0,0.0
2005-05-31,81.55399691025876,81.61511917000517,81.0921652818307,81.14649963378906,43377200,0.0,0.0,0.0
2005-06-01,81.17362792910168,82.12445796720193,81.126086686277,81.8392105102539,69611000,0.0,0.0,0.0
2005-06-02,81.6558521812389,82.07013726228267,81.56755758590181,82.01580810546875,39704500,0.0,0.0,0.0
2005-06-03,81.87320619478989,82.10411942227144,81.31629203141833,81.6015396118164,60999400,0.0,0.0,0.0
2005-06-06,81.46568988972862,81.63548082754099,81.19402853451541,81.52681732177734,36046400,0.0,0.0,0.0
2005-06-07,81.76453571249381,82.34861703963354,81.5064553141612,81.58795166015625,66501300,0.0,0.0,0.0
2005-06-08,81.79166986053563,81.90033333851991,81.27550409069138,81.43850708007812,46881200,0.0,0.0,0.0
2005-06-09,81.32306057439051,81.8935607809462,81.11931457188393,81.82564544677734,56653300,0.0,0.0,0.0
2005-06-10,81.8799668544469,81.9410942765381,81.22797038124926,81.63546752929688,36465300,0.0,0.0,0.0
2005-06-13,81.45886759653133,82.23311353159261,81.37057302991167,81.8935317993164,49383200,0.0,0.0,0.0
2005-06-14,81.8052729756764,82.31464579664974,81.75773171964988,82.08373260498047,33857100,0.0,0.0,0.0
2005-06-15,82.28746036451979,82.34178951192439,81.65583803918078,82.23991394042969,53195600,0.0,0.0,0.0
2005-06-16,82.21956684621163,82.61348308841414,82.12448433003978,82.45048522949219,46564500,0.0,0.0,0.0
2005-06-17,82.8786939760797,83.12418007277033,82.66048469041245,82.75595092773438,51529400,0.488,0.0,0.0
2005-06-20,82.5650167320648,83.08326052314717,82.46955049673281,82.7832260131836,41019400,0.0,0.0,0.0
2005-06-21,82.85145759935925,82.95374438998637,82.53096141657133,82.83100128173828,39879800,0.0,0.0,0.0
2005-06-22,82.97417986932861,83.15147658172087,82.5582175070935,82.899169921875,46310100,0.0,0.0,0.0
2005-06-23,82.72867344464528,82.91960591773808,81.71263695424734,81.73309326171875,62185600,0.0,0.0,0.0
2005-06-24,81.7467669593298,81.83541793615943,81.03758515730337,81.133056640625,58572500,0.0,0.0,0.0
2005-06-27,81.12619646992627,81.42623617861344,80.9761766155827,81.24893951416016,48183800,0.0,0.0,0.0
2005-06-28,81.41944141061147,81.99223899640707,81.39898509719323,81.93087005615234,41174200,0.0,0.0,0.0
2005-06-29,82.08087566936605,82.10133197922327,81.6649133605347,81.712646484375,42316500,0.0,0.0,0.0
2005-06-30,81.97859075155205,82.04678018677508,81.11256879640614,81.2694091796875,62288800,0.0,0.0,0.0
2005-07-01,81.45353352074797,81.69220438398398,81.2898778109037,81.50808715820312,49737500,0.0,0.0,0.0
2005-07-05,81.31715910950926,82.2718270074837,81.27624648042456,82.1627197265625,51549000,0.0,0.0,0.0
2005-07-06,82.09449902165103,82.27179568438558,81.42623538926001,81.47396850585938,52363600,0.0,0.0,0.0
2005-07-07,80.66253514548511,81.79449462890625,80.64207882989945,81.79449462890625,103268800,0.0,0.0,0.0
2005-07-08,81.80812065074927,82.72869110107422,81.63764444874388,82.72869110107422,64491200,0.0,0.0,0.0
2005-07-11,82.73551924093692,83.26058370245886,82.721878230106,83.15148162841797,49688300,0.0,0.0,0.0
2005-07-12,83.18557271512941,83.62199141090389,82.94690705377168,83.36968994140625,51871100,0.0,0.0,0.0
2005-07-13,83.37648083047429,83.5469569961723,83.18554835729567,83.48558807373047,41182300,0.0,0.0,0.0
2005-07-14,83.86068327850413,84.17435896949758,83.52654606639416,83.81295013427734,63638800,0.0,0.0,0.0
2005-07-15,83.73109037688998,83.90156657558815,83.43787110702833,83.76518249511719,56075900,0.0,0.0,0.0
2005-07-18,83.53333228573358,83.62197803076212,83.22647722773293,83.43104553222656,56598400,0.0,0.0,0.0
2005-07-19,83.67651254570625,83.94927542524525,83.47194428794141,83.88790130615234,59165700,0.0,0.0,0.0
2005-07-20,83.59472356649178,84.37209997947485,83.39697571336684,84.17434692382812,69477000,0.0,0.0,0.0
2005-07-21,84.24932410499076,84.29023672040653,83.51286581238843,83.68334197998047,101110900,0.0,0.0,0.0
2005-07-22,83.79245592040421,84.25615137019979,83.62197972860466,84.24251556396484,52607100,0.0,0.0,0.0
2005-07-25,84.15390330269751,84.52212744528603,83.7720329434031,84.0038833618164,57301600,0.0,0.0,0.0
2005-07-26,84.03112776834317,84.23569607946712,83.8401900610987,84.10613250732422,42758800,0.0,0.0,0.0
2005-07-27,84.2152337602955,84.48117618754745,83.90837871424178,84.4129867553711,43181600,0.0,0.0,0.0
2005-07-28,84.52892288754141,84.99261838434873,84.31071354801568,84.94488525390625,47880700,0.0,0.0,0.0
2005-07-29,84.83577879119976,84.98579347730511,84.21524292506824,84.37889862060547,62358100,0.0,0.0,0.0
2005-08-01,84.44028612149354,84.58348552806639,84.18115892648606,84.31754302978516,40418200,0.0,0.0,0.0
2005-08-02,84.46754772563625,84.96533530606898,84.3788967738316,84.82213592529297,45147400,0.0,0.0,0.0
2005-08-03,84.72666123763558,85.06079309285302,84.63801549717547,85.04715728759766,36837200,0.0,0.0,0.0
2005-08-04,84.71302248468078,84.76757090632422,84.26296288911269,84.36524963378906,50855600,0.0,0.0,0.0
2005-08-05,84.18115076225426,84.54256469905427,83.64926581727615,83.79246520996094,53595500,0.0,0.0,0.0
2005-08-08,83.9765801587552,84.1538768697911,83.45151053059679,83.63562774658203,47616000,0.0,0.0,0.0
2005-08-09,83.91519084214995,84.27659950128492,83.78563248667062,84.14022064208984,47170000,0.0,0.0,0.0
2005-08-10,84.43344369051788,84.89713911628192,83.75153895866019,84.09931182861328,72863700,0.0,0.0,0.0
2005-08-11,84.05840668082082,84.57665581187689,83.88111516962142,84.43345642089844,58570200,0.0,0.0,0.0
2005-08-12,84.26297216897702,84.34480261423408,83.70381046602172,83.91519927978516,54776900,0.0,0.0,0.0
2005-08-15,84.02431456059988,84.46755374364041,83.75837209127975,84.43345642089844,36208500,0.0,0.0,0.0
2005-08-16,84.17433175670338,84.22888018781146,83.25375609740819,83.33558654785156,71942100,0.0,0.0,0.0
2005-08-17,83.32195056684188,83.7856460466784,83.21284329981171,83.32876586914062,62275100,0.0,0.0,0.0
2005-08-18,83.22649418050503,83.57426192973868,83.08328957491298,83.32196044921875,53388600,0.0,0.0,0.0
2005-08-19,83.62198047638543,83.75154404811826,83.32876121576732,83.51287841796875,39842100,0.0,0.0,0.0
2005-08-22,83.58788835923296,84.03112750237949,83.11055189641341,83.51287841796875,69912000,0.0,0.0,0.0
2005-08-23,83.53333001294888,83.60833994997846,82.61275966147349,83.35603332519531,55168600,0.0,0.0,0.0
2005-08-24,83.15147551330185,83.69018094603729,82.57185225360412,82.6127700805664,79104600,0.0,0.0,0.0
2005-08-25,82.74912510861134,82.96733438026102,82.65365887742207,82.91278076171875,35631100,0.0,0.0,0.0
2005-08-26,82.837827631196,82.84464293586883,82.29230151105565,82.34685516357422,61956800,0.0,0.0,0.0
2005-08-29,82.1081729817299,83.04237938190423,82.08771146424412,82.98101043701172,56179200,0.0,0.0,0.0
2005-08-30,82.68095743195028,82.71505475313671,82.09451888468489,82.5445785522461,74160200,0.0,0.0,0.0
2005-08-31,82.64005846638901,83.64245952569507,82.3331981325589,83.58790588378906,102945200,0.0,0.0,0.0
2005-09-01,83.54696082501967,83.97656411187941,82.60593422014773,83.52650451660156,74578700,0.0,0.0,0.0
2005-09-02,83.77200904886647,83.79246536178407,83.21966779000704,83.37650299072266,47653400,0.0,0.0,0.0
2005-09-06,83.6424622362716,84.41983344979862,83.63564173018192,84.35163879394531,57251300,0.0,0.0,0.0
2005-09-07,84.30389716627262,84.64484960111521,84.18797458703123,84.49483489990234,41749700,0.0,0.0,0.0
2005-09-08,84.32435537999693,84.55620052939967,84.0856845229374,84.21524810791016,39068700,0.0,0.0,0.0
2005-09-09,84.44029798429601,85.06082883328851,84.41984166655769,84.96536254882812,43093900,0.0,0.0,0.0
2005-09-12,84.86304264381002,85.01306251871596,84.74029958275246,84.79485321044922,33017600,0.0,0.0,0.0
2005-09-13,84.64483167105806,84.84258466567991,84.22886937246041,84.3243408203125,58427500,0.0,0.0,0.0
2005-09-14,84.37889527004805,84.50163833745722,83.88792300041135,84.01748657226562,57694600,0.0,0.0,0.0
2005-09-15,84.27661999186564,84.31753782158872,83.80610917148104,83.9765853881836,73156900,0.0,0.0,0.0
2005-09-16,84.43677866882419,84.7380904582624,84.14231119358485,84.57373809814453,75424100,0.522,0.0,0.0
2005-09-19,84.55321429933393,84.60800017362428,83.98482260907582,84.29298400878906,53355300,0.0,0.0,0.0
2005-09-20,84.36832008973504,84.64909379963488,83.45752967331728,83.58079528808594,84480300,0.0,0.0,0.0
2005-09-21,83.40271576439517,83.4575016246951,82.71105864594348,82.80008697509766,94469100,0.0,0.0,0.0
2005-09-22,82.82749175204036,83.31370983158187,82.47824357614651,83.09456634521484,84597200,0.0,0.0,0.0
2005-09-23,83.02606026683488,83.47118618907216,82.7932282234697,83.16302490234375,59368100,0.0,0.0,0.0
2005-09-26,83.56018464578386,83.71084308808841,82.9164693350259,83.25887298583984,70415400,0.0,0.0,0.0
2005-09-27,83.2178241843023,83.53968461905662,82.87542035578373,83.23837280273438,66150800,0.0,0.0,0.0
2005-09-28,83.49858517919837,83.62870028621312,82.9986733664578,83.3205337524414,58620500,0.0,0.0,0.0
2005-09-29,83.23832996560532,84.13542586275582,82.91646969649068,83.99846649169922,66607700,0.0,0.0,0.0
2005-09-30,83.97107967484611,84.25869750976562,83.36844585920659,84.25869750976562,47824200,0.0,0.0,0.0
2005-10-03,84.20392092419432,84.46414586658584,83.85466767216056,83.95738983154297,50994800,0.0,0.0,0.0
2005-10-04,84.08753028731675,84.25188265712,82.9712957210403,83.01238250732422,60776300,0.0,0.0,0.0
2005-10-05,83.03290529620807,83.07399207229648,81.88242854373581,81.92351531982422,106052100,0.0,0.0,0.0
2005-10-06,82.02622547596698,82.35493531054965,80.92368519856662,81.62903594970703,140941800,0.0,0.0,0.0
2005-10-07,81.97148126062649,82.21116814021632,81.5811410727061,81.90985107421875,75661400,0.0,0.0,0.0
2005-10-10,81.95778663212518,81.97833002740065,81.01275387677636,81.21819305419922,52677000,0.0,0.0,0.0
2005-10-11,81.48528209410796,81.75920627058902,81.02646210268692,81.10179138183594,75629800,0.0,0.0,0.0
2005-10-12,81.07435247171671,81.58110851483578,80.4032441057661,80.46487426757812,100510400,0.0,0.0,0.0
2005-10-13,80.4374898005635,80.86207233924246,80.0403001893477,80.41694641113281,99052900,0.0,0.0,0.0
2005-10-14,80.8894722516082,81.36198592331644,80.5059764586753,81.26611328125,88651000,0.0,0.0,0.0
2005-10-17,81.35513230840512,81.67698744159358,81.11544550597417,81.56742095947266,68109300,0.0,0.0,0.0
2005-10-18,81.45101499367634,81.46470884638184,80.67033477278278,80.68402862548828,74996900,0.0,0.0,0.0
2005-10-19,80.46487730037904,82.03993656293385,80.20465234403217,82.02623748779297,116563800,0.0,0.0,0.0
2005-10-20,81.82763279842464,82.04677095217654,80.32790818120557,80.58128356933594,131966700,0.0,0.0,0.0
2005-10-21,81.00588060785583,81.34143482328749,80.47173158848844,80.89630889892578,96579500,0.0,0.0,0.0
2005-10-24,81.10861559800638,82.23854398309919,81.08807220550177,82.14952087402344,71308400,0.0,0.0,0.0
2005-10-25,81.98517608642578,82.341273780307,81.45102693326997,81.98517608642578,76594500,0.0,0.0,0.0
2005-10-26,81.84134076579198,82.54669161156215,81.62220258822585,81.74546813964844,80855800,0.0,0.0,0.0
2005-10-27,81.62906552898603,81.74548679415616,80.75936215773953,80.87577819824219,66623100,0.0,0.0,0.0
2005-10-28,81.1017819011915,82.14268738053673,80.87579409016199,82.03997039794922,72322000,0.0,0.0,0.0
2005-10-31,82.37550953260971,83.06716669420068,82.26593780517578,82.26593780517578,77698900,0.0,0.0,0.0
2005-11-01,82.57410183161775,82.79324005508141,82.32757067713773,82.51246643066406,66365100,0.0,0.0,0.0
2005-11-02,82.29332323579091,83.37532043457031,82.26593030642937,83.37532043457031,74012300,0.0,0.0,0.0
2005-11-03,83.64924123471543,83.9984945395934,83.37531717647127,83.73141479492188,84897600,0.0,0.0,0.0
2005-11-04,83.82045152097245,83.8615383051946,83.23836610426677,83.62185668945312,59156000,0.0,0.0,0.0
2005-11-07,83.79988262688626,83.97108447526823,83.44377985643892,83.70401000976562,46765400,0.0,0.0,0.0
2005-11-08,83.49856570184095,83.83411986176318,83.40269308472031,83.70401000976562,42152800,0.0,0.0,0.0
2005-11-09,83.60126429616966,84.19704321685663,83.45060587610398,83.81355285644531,57666800,0.0,0.0,0.0
2005-11-10,83.77935715125557,84.58743030774703,83.37532318534345,84.46416473388672,79048100,0.0,0.0,0.0
2005-11-11,84.47100406613214,84.80655827817014,83.84098242015605,84.75177764892578,34867000,0.0,0.0,0.0
2005-11-14,84.77233713993766,84.92983996901505,84.49156350381287,84.703857421875,45092200,0.0,0.0,0.0
2005-11-15,84.60797718760685,84.97776867693159,84.13545829339496,84.39568328857422,69592500,0.0,0.0,0.0
2005-11-16,84.48470571375965,84.60797127647832,84.21763119864696,84.56687927246094,51133000,0.0,0.0,0.0
2005-11-17,84.69698610599202,85.36125017221106,84.32718945393195,85.35440063476562,55717500,0.0,0.0,0.0
2005-11-18,85.64204322660329,85.79270174588349,85.1421365668111,85.68997955322266,72437200,0.0,0.0,0.0
2005-11-21,85.70364312526561,86.22409818770097,85.58722712665914,86.12137603759766,50021200,0.0,0.0,0.0
2005-11-22,85.9844039910387,86.64181838029754,85.88853138581335,86.49116516113281,66438800,0.0,0.0,0.0
2005-11-23,86.45698539153815,87.25136495327376,86.42959245237462,86.99113464355469,50854700,0.0,0.0,0.0
2005-11-25,86.95686861425081,87.12122097017921,86.84044735516214,87.05958557128906,15270000,0.0,0.0,0.0
2005-11-28,87.14176929299032,87.1554631464813,86.31315270309761,86.44326782226562,54498500,0.0,0.0,0.0
2005-11-29,86.73084671998772,86.95683438585183,86.34735107421875,86.34735107421875,51738900,0.0,0.0,0.0
2005-11-30,86.39533485888145,86.64186080398152,85.79955032783141,85.88172912597656,56007200,0.0,0.0,0.0
2005-12-01,86.29943764494371,86.9910946731831,86.27204994303311,86.75826263427734,65468200,0.0,0.0,0.0
2005-12-02,86.81302726729173,87.02532110298223,86.62813157779671,86.86781311035156,46699400,0.0,0.0,0.0
2005-12-05,86.7651035445178,86.78565215714463,86.40900596231431,86.68292999267578,59273400,0.0,0.0,0.0
2005-12-06,87.00478278207177,87.47729633813505,86.71715970159941,86.84727478027344,57935200,0.0,0.0,0.0
2005-12-07,86.81302100178262,86.88150591299747,86.06658353646033,86.34050750732422,66816500,0.0,0.0,0.0
2005-12-08,86.43638691164753,86.84727028792675,85.92963092172536,86.28572845458984,62608600,0.0,0.0,0.0
2005-12-09,86.39531798598676,86.81989529848141,86.1624807157155,86.51173400878906,50744500,0.0,0.0,0.0
2005-12-12,86.77197692844061,86.87469912113922,86.25837118961535,86.59392547607422,48389900,0.0,0.0,0.0
2005-12-13,86.57339050611762,87.44994354972178,86.48436738360628,87.18286895751953,88630900,0.0,0.0,0.0
2005-12-14,87.10066076420235,87.71698328612109,87.0664183020219,87.52523803710938,64375000,0.0,0.0,0.0
2005-12-15,87.54579230694955,87.6553640198144,87.09382205304914,87.2718734741211,55900300,0.0,0.0,0.0
2005-12-16,87.62439722901517,87.67947353550964,86.99103546142578,86.99103546142578,46238300,0.672,0.0,0.0
2005-12-19,87.24571220432703,87.34209306232835,86.52973636462964,86.54350280761719,48733000,0.0,0.0,0.0
2005-12-20,86.64676618147014,87.1493227428146,86.38516175586362,86.62611389160156,46603200,0.0,0.0,0.0
2005-12-21,86.89462933977205,87.26638642220021,86.60548669311599,86.76382446289062,51806900,0.0,0.0,0.0
2005-12-22,86.95653767015392,87.21814727783203,86.79819998879621,87.21814727783203,32247900,0.0,0.0,0.0
2005-12-23,87.28013149434483,87.33520777137174,87.03229350008654,87.26636505126953,27977300,0.0,0.0,0.0
2005-12-27,87.40402820076473,87.46599030970849,86.31629564252108,86.37825775146484,44499500,0.0,0.0,0.0
2005-12-28,86.5641285587328,86.73623793130595,86.39890503172371,86.57101440429688,30764300,0.0,0.0,0.0
2005-12-29,86.55039515556211,86.71561874563574,86.09602371740564,86.1855239868164,32788900,0.0,0.0,0.0
2005-12-30,85.91702426577271,86.09601428024833,85.61411000687143,85.71737670898438,44645600,0.0,0.0,0.0
2006-01-03,86.18549968874308,87.43156998973073,85.63474754061897,87.22503662109375,73256700,0.0,0.0,0.0
2006-01-04,87.33523869762178,87.76895271497465,87.22508610456183,87.63815307617188,51899600,0.0,0.0,0.0
2006-01-05,87.53486141571928,87.837770455679,87.34898028093447,87.69319915771484,47307500,0.0,0.0,0.0
2006-01-06,88.13379292673903,88.51931633887344,87.67942154612699,88.42293548583984,62885900,0.0,0.0,0.0
2006-01-09,88.40918903063886,88.84978884239469,88.38165613822267,88.650146484375,43527400,0.0,0.0,0.0
2006-01-10,88.38852454373556,88.79470030540134,88.2990242724535,88.7396240234375,44960800,0.0,0.0,0.0
2006-01-11,88.82224639636377,89.11138900691044,88.62259355509038,89.02188873291016,49598900,0.0,0.0,0.0
2006-01-12,88.86355337152237,89.00123883195118,88.42295359531379,88.67079162597656,40509200,0.0,0.0,0.0
2006-01-13,88.51244721468024,88.73962242970188,88.25771810208151,88.58816528320312,44856700,0.0,0.0,0.0
2006-01-17,88.25771348012954,88.40917061869666,87.98922318989253,88.34721374511719,52066600,0.0,0.0,0.0
2006-01-18,87.8308701967964,88.73960236559728,87.54172766559955,87.99609375,75067600,0.0,0.0,0.0
2006-01-19,88.20953655862559,88.65013631986281,87.98923142564351,88.33345031738281,81530400,0.0,0.0,0.0
2006-01-20,88.31279317384501,88.33344546583693,86.72250366210938,86.72250366210938,114957800,0.0,0.0,0.0
2006-01-23,86.88771631953739,87.30766371175231,86.83264004624569,87.03228759765625,67017400,0.0,0.0,0.0
2006-01-24,87.17686668015624,87.53485723623844,87.03229538909484,87.12179565429688,53008800,0.0,0.0,0.0
2006-01-25,87.45912946982774,87.55551033142032,86.6330010459961,87.19752502441406,87747700,0.0,0.0,0.0
2006-01-26,87.60369190868448,87.89283446424045,87.26635892720252,87.6794204711914,71294000,0.0,0.0,0.0
2006-01-27,87.8859423380638,88.5743799051712,87.74136582689286,88.49176025390625,65771200,0.0,0.0,0.0
2006-01-30,88.42293548583984,88.67765406070184,88.36097861704505,88.42293548583984,33709600,0.0,0.0,0.0
2006-01-31,88.34033422042415,88.49178085610107,87.76892439376371,87.77581024169922,72937000,0.0,0.0,0.0
2006-02-01,87.99610999309017,88.41605217409052,87.92726727091124,88.38851928710938,63561000,0.0,0.0,0.0
2006-02-02,88.18883709512383,88.21636996965637,87.29386635435752,87.36270904541016,83626900,0.0,0.0,0.0
2006-02-03,87.14242005119738,88.38849024602276,86.83950587030053,86.92900085449219,86040400,0.0,0.0,0.0
2006-02-06,87.04606455215048,87.29390254457695,86.86018343164922,87.15621185302734,45511900,0.0,0.0,0.0
2006-02-07,87.00475206331045,87.19751902559707,86.33008607857658,86.38516235351562,71208100,0.0,0.0,0.0
2006-02-08,86.6398753602078,88.18886529214129,86.46776595136656,87.16997528076172,59422200,0.0,0.0,0.0
2006-02-09,87.37648998334379,87.84462771349702,86.99785249353668,87.025390625,62023300,0.0,0.0,0.0
2006-02-10,87.03917505709394,87.52107932641623,86.36450382768011,87.18374633789062,64508700,0.0,0.0,0.0
2006-02-13,87.15619018399882,87.28699499535917,86.7087047393527,87.025390625,52308700,0.0,0.0,0.0
2006-02-14,87.059821328613,88.14066818854434,86.88771192255793,87.94790649414062,90964400,0.0,0.0,0.0
2006-02-15,87.89974321256489,88.34034826029087,87.59682888361698,88.25772857666016,85471300,0.0,0.0,0.0
2006-02-16,88.35409328340776,88.95304123502049,88.24394072854498,88.91861724853516,61017900,0.0,0.0,0.0
2006-02-17,88.84284869200677,88.91857722629881,88.51928227318817,88.67761993408203,40342600,0.0,0.0,0.0
2006-02-21,88.8841796383343,89.08382192178786,88.31965575973427,88.45735168457031,46456300,0.0,0.0,0.0
2006-02-22,88.65010496049449,89.25592285243741,88.56748531248888,88.99432373046875,42326700,0.0,0.0,0.0
2006-02-23,88.99434549474937,89.24906408531237,88.31278838181971,88.86354064941406,43423200,0.0,0.0,0.0
2006-02-24,88.88418772904146,89.13890630467041,88.64323034336937,89.0907211303711,36777400,0.0,0.0,0.0
2006-02-27,89.08382224866462,89.52442189747376,89.00121309723923,89.12513732910156,35858600,0.0,0.0,0.0
2006-02-28,88.94615920622466,89.43495465282533,88.20953624299632,88.27837371826172,74394800,0.0,0.0,0.0
2006-03-01,88.53310473557694,89.14581395360699,88.46425675411092,89.06319427490234,48641600,0.0,0.0,0.0
2006-03-02,88.73960375009086,89.09759424870637,88.53996146521784,89.05628967285156,60642300,0.0,0.0,0.0
2006-03-03,88.58128500527778,89.54510416870421,88.56751330880306,88.64324188232422,73402500,0.0,0.0,0.0
2006-03-06,88.90486134413267,88.9323942353758,88.0167759091721,88.23707580566406,57478400,0.0,0.0,0.0
2006-03-07,88.02364429696354,88.161329735322,87.70696358684886,88.09937286376953,61780800,0.0,0.0,0.0
2006-03-08,87.9134931872614,88.42294087274712,87.55550789023633,88.2852554321289,66692400,0.0,0.0,0.0
2006-03-09,88.31279418639214,88.58816508592585,87.69319915771484,87.69319915771484,56313600,0.0,0.0,0.0
2006-03-10,87.92038364641135,88.69831640619616,87.73450776659132,88.52620697021484,60490800,0.0,0.0,0.0
2006-03-13,88.69830210341733,88.91860718821741,88.48488811797014,88.69142150878906,45479100,0.0,0.0,0.0
2006-03-14,88.60883283129012,89.65525071173715,88.5399848501986,89.6208267211914,69877300,0.0,0.0,0.0
2006-03-15,89.60011809831487,90.08891324542562,89.39359529433047,90.02006530761719,53398900,0.0,0.0,0.0
2006-03-16,90.19224484130348,90.50893089508075,90.07521165972213,90.20601654052734,65526400,0.0,0.0,0.0
2006-03-17,90.32279513000968,90.47485455991202,90.11545094968787,90.28132629394531,47286800,0.519,0.0,0.0
2006-03-20,90.29518264967167,90.47488451427932,89.99798219514713,90.13621520996094,45538500,0.0,0.0,0.0
2006-03-21,90.10852816768397,90.53706406183447,89.4726481030563,89.56941223144531,87102700,0.0,0.0,0.0
2006-03-22,89.51410309834209,90.2052783504082,89.4726342706577,90.11543273925781,51605700,0.0,0.0,0.0
2006-03-23,90.03248982432228,90.12234598724662,89.61779097662891,89.92881774902344,46704200,0.0,0.0,0.0
2006-03-24,89.84589588742362,90.24677889323436,89.67310203387588,89.99795532226562,43209200,0.0,0.0,0.0
2006-03-27,89.87353088163925,90.04632472099432,89.67309466844692,89.86662292480469,32523000,0.0,0.0,0.0
2006-03-28,89.80441883633003,90.21912831421731,89.19619162766217,89.31369018554688,82079900,0.0,0.0,0.0
2006-03-29,89.44503256819797,90.1984114043226,89.3620843286185,89.8735580444336,61505700,0.0,0.0,0.0
2006-03-30,89.92879354042823,90.53011250828405,89.54173716817644,89.71453094482422,70571700,0.0,0.0,0.0
2006-03-31,89.8666155218753,90.01867493170151,89.4173452486622,89.73529052734375,62925600,0.0,0.0,0.0
2006-04-03,89.90121407586335,90.45414611079812,89.50033096798387,89.66620635986328,61624700,0.0,0.0,0.0
2006-04-04,89.66619883617075,90.35737436834674,89.41046726414616,90.23987579345703,54809300,0.0,0.0,0.0
2006-04-05,90.27439929356434,90.73748544276181,90.1154319400183,90.55086517333984,50607200,0.0,0.0,0.0
2006-04-06,90.44030090744113,90.68912446119243,89.98412263448053,90.45411682128906,57906200,0.0,0.0,0.0
2006-04-07,90.58541741276316,90.82041444282845,89.4035137608784,89.53482818603516,80180900,0.0,0.0,0.0
2006-04-10,89.67309570312501,89.90809279619963,89.34132393425591,89.673095703125,41496500,0.0,0.0,0.0
2006-04-11,89.74910742668092,89.89424831828372,88.6432228451023,88.91278076171875,72799400,0.0,0.0,0.0
2006-04-12,89.00266748166474,89.25149107064686,88.8920768762281,89.07869720458984,43033700,0.0,0.0,0.0
2006-04-13,88.87824105142957,89.33441934092609,88.68471278555216,88.96118927001953,51051800,0.0,0.0,0.0
2006-04-17,89.04411138443602,89.37587256133247,88.48426110264276,88.9266128540039,64167700,0.0,0.0,0.0
2006-04-18,89.11321061022142,90.50247946733808,89.11321061022142,90.33659362792969,92531800,0.0,0.0,0.0
2006-04-19,90.371166469489,90.59234761800471,90.01867087885194,90.5093994140625,87269000,0.0,0.0,0.0
2006-04-20,90.54399390439734,91.13840527860688,90.26752791260286,90.63385009765625,86005500,0.0,0.0,0.0
2006-04-21,91.02089996419164,91.09001118377142,90.2813371438325,90.64765930175781,72342600,0.0,0.0,0.0
2006-04-24,90.46796217201978,90.5923792481242,90.11546645830965,90.4817886352539,52546400,0.0,0.0,0.0
2006-04-25,90.57160669334421,90.6269019829373,89.79749373203725,90.1085205078125,84359800,0.0,0.0,0.0
2006-04-26,90.19836368202085,90.64071538856325,90.06013075119448,90.12924194335938,67262400,0.0,0.0,0.0
2006-04-27,89.78365825064895,90.97939899325539,89.56939561656834,90.56468963623047,124478600,0.0,0.0,0.0
2006-04-28,90.39880030864906,91.06233314507932,90.34351557323514,90.86880493164062,55854400,0.0,0.0,0.0
2006-05-01,90.86880447035024,91.09689355213725,90.07395720822609,90.12924194335938,64990300,0.0,0.0,0.0
2006-05-02,90.55090612611748,90.86194356465708,90.36429631879618,90.80664825439453,49063500,0.0,0.0,0.0
2006-05-03,90.64766601237494,90.76517513271122,90.16384525349619,90.46796417236328,60821300,0.0,0.0,0.0
2006-05-04,90.59928024830577,90.97251035495168,90.52325052610932,90.79280853271484,42921400,0.0,0.0,0.0
2006-05-05,91.26973587268628,91.78811754873732,91.13150286837312,91.59458923339844,62588200,0.0,0.0,0.0
2006-05-08,91.58761217484219,91.76732445740896,91.48394012451172,91.48394012451172,30016700,0.0,0.0,0.0
2006-05-09,91.52543281948653,91.76734839535642,91.44940311391298,91.66366577148438,29864000,0.0,0.0,0.0
2006-05-10,91.5185389036572,91.7535360127559,91.15912473612401,91.61530303955078,64378200,0.0,0.0,0.0
2006-05-11,91.58763114683245,91.61528406364575,90.21219911055437,90.5093994140625,80626900,0.0,0.0,0.0
2006-05-12,90.10163543574984,90.3504590288664,89.29296139474624,89.32752227783203,91726500,0.0,0.0,0.0
2006-05-15,89.01647062816578,89.67309566219086,88.892064124771,89.50720977783203,84029300,0.0,0.0,0.0
2006-05-16,89.68692712747195,89.85281304059492,89.16854551377621,89.37590026855469,62137600,0.0,0.0,0.0
2006-05-17,88.93356811286243,89.23077912150772,87.620333345466,87.67562866210938,144789500,0.0,0.0,0.0
2006-05-18,88.02116228203802,88.29763342176564,87.16410649480596,87.23322296142578,87906300,0.0,0.0,0.0
2006-05-19,87.68942128943371,88.11794664492726,86.94986385278398,87.848388671875,124309400,0.0,0.0,0.0
2006-05-22,87.28162535876564,87.89677101958077,86.74250941092761,87.17794799804688,110852800,0.0,0.0,0.0
2006-05-23,87.90367577008469,88.21470254898774,86.51441192626953,86.51441192626953,92006500,0.0,0.0,0.0
2006-05-24,86.8668920631573,87.70321335224212,86.2310121980553,87.20556640625,168405000,0.0,0.0,0.0
2006-05-25,87.72395796061474,88.2838134765625,87.38528357815144,88.2838134765625,78977900,0.0,0.0,0.0
2006-05-26,88.47732078543388,88.73306274414062,88.13173850855965,88.73306274414062,62989700,0.0,0.0,0.0
2006-05-30,88.44969563223822,88.47043004556038,87.12264044713447,87.15719604492188,72419900,0.0,0.0,0.0
2006-05-31,87.51662165482146,88.13176727294922,87.2263240103039,88.13176727294922,86926200,0.0,0.0,0.0
2006-06-01,88.04192037011056,89.1201575776729,87.96589065440907,88.97500610351562,73721700,0.0,0.0,0.0
2006-06-02,89.3344378656195,89.45884439955256,88.6916496806287,89.1616439819336,91702600,0.0,0.0,0.0
2006-06-05,89.05794108740142,89.06484904362051,87.62028993322836,87.8622055053711,86105100,0.0,0.0,0.0
2006-06-06,87.92440512153414,88.04190365139688,86.92220309323622,87.64793395996094,130498600,0.0,0.0,0.0
2006-06-07,87.71708464601919,88.22855303606799,86.94296619285709,86.99134826660156,108599400,0.0,0.0,0.0
2006-06-08,86.79780753950864,87.43368763857285,85.61589824453608,86.9153060913086,204957200,0.0,0.0,0.0
2006-06-09,87.33690531492816,87.7516094117175,86.59734800579177,86.6388168334961,94972200,0.0,0.0,0.0
2006-06-12,87.00516612398728,87.03972700673133,85.5813463455388,85.69884490966797,95815900,0.0,0.0,0.0
2006-06-13,85.52603202658564,86.286323818658,84.70353698730469,84.70353698730469,185688800,0.0,0.0,0.0
2006-06-14,84.90398253820769,85.450011730138,84.55839484254925,85.36016082763672,163566400,0.0,0.0,0.0
2006-06-15,85.67119626759644,87.33693165949333,85.60899300727678,87.17105102539062,134057000,0.0,0.0,0.0
2006-06-16,86.98011936891764,87.16755922901434,86.40390691928863,86.53581237792969,94253500,0.555,0.0,0.0
2006-06-19,87.0564973589904,87.11203706480524,85.77217211723016,85.85547637939453,95804400,0.0,0.0,0.0
2006-06-20,86.09149166940473,86.64687267136851,85.89016426860512,86.14702606201172,65494700,0.0,0.0,0.0
2006-06-21,86.08454682367639,87.26473607279786,86.05677697943685,86.78572082519531,75008200,0.0,0.0,0.0
2006-06-22,86.74406384174179,86.82042958964108,86.1123170959596,86.40389251708984,74566100,0.0,0.0,0.0
2006-06-23,86.31367176459536,86.98707613797254,86.1054005142419,86.3900375366211,54107000,0.0,0.0,0.0
2006-06-26,86.45944904481932,86.82044649892381,86.2581216062882,86.7718505859375,37899600,0.0,0.0,0.0
2006-06-27,86.78573174247843,86.98011538005169,85.92488235242993,86.02207946777344,69780200,0.0,0.0,0.0
2006-06-28,86.21644976498833,86.61909925342046,85.84156482343614,86.60521697998047,62368100,0.0,0.0,0.0
2006-06-29,86.91762649500659,88.41022261437624,86.89680043464088,88.35468292236328,110634800,0.0,0.0,0.0
2006-06-30,88.54214995497158,88.6254595135932,88.13949503313717,88.36164855957031,54227800,0.0,0.0,0.0
2006-07-03,88.46574342531298,88.86839286507879,88.38243390507414,88.72261047363281,23914000,0.0,0.0,0.0
2006-07-05,88.36853649971499,88.47961054445598,87.8339764387008,88.21580505371094,69653400,0.0,0.0,0.0
2006-07-06,88.3061058030638,88.75735662769843,88.22280154387799,88.47272491455078,50100300,0.0,0.0,0.0
2006-07-07,88.29916981189935,88.55603168040322,87.67436136753156,87.89651489257812,81626500,0.0,0.0,0.0
2006-07-10,88.12558619644292,88.46575752265372,87.75764502572729,88.06310272216797,60964100,0.0,0.0,0.0
2006-07-11,87.89651023600833,88.45189666748047,87.431377145171,88.45189666748047,73640800,0.0,0.0,0.0
2006-07-12,88.27138851839082,88.44494610285618,87.27863892338671,87.50773620605469,82561300,0.0,0.0,0.0
2006-07-13,87.09119610732135,87.2508714198071,86.08456420898438,86.08456420898438,102405700,0.0,0.0,0.0
2006-07-14,86.17480843712244,86.26506176927539,85.27231219149228,85.75132751464844,103242500,0.0,0.0,0.0
2006-07-17,85.75133497239312,86.15398986756037,85.49447311929757,85.62637329101562,81159000,0.0,0.0,0.0
2006-07-18,85.88324220415531,86.11928329451847,84.96685828742284,86.0637435913086,122771000,0.0,0.0,0.0
2006-07-19,86.20953828660112,87.65353890707009,85.89019291224784,87.25782775878906,133565300,0.0,0.0,0.0
2006-07-20,87.55635512590347,87.68131683141824,86.54277920186514,86.66079711914062,112259800,0.0,0.0,0.0
2006-07-21,86.88296088160817,86.91073074126952,85.95963290996531,86.04988098144531,101560000,0.0,0.0,0.0
2006-07-24,86.39002716187912,87.69517832388999,86.39002716187912,87.61881256103516,92884000,0.0,0.0,0.0
2006-07-25,87.45916691120648,88.3755510242096,87.2786654853935,87.93124389648438,95480700,0.0,0.0,0.0
2006-07-26,87.88262100806448,88.47965955686495,87.59798930729632,88.04924011230469,84525800,0.0,0.0,0.0
2006-07-27,88.43105251820111,88.646267509966,87.61186056335363,87.9659194946289,87257100,0.0,0.0,0.0
2006-07-28,88.194994324555,88.9586463906994,88.07003269216371,88.84757232666016,82137000,0.0,0.0,0.0
2006-07-31,88.62546979935543,88.8337357752438,88.47967673070755,88.75736999511719,49593100,0.0,0.0,0.0
2006-08-01,88.40328105019682,88.43105089690113,87.88955212755904,88.31997680664062,65225600,0.0,0.0,0.0
2006-08-02,88.5699303359144,89.1808565786431,88.54910426792291,88.91704559326172,64770900,0.0,0.0,0.0
2006-08-03,88.40330598901677,89.24332952326387,88.27140580065782,89.153076171875,63693800,0.0,0.0,0.0
2006-08-04,89.6112772023381,89.85425152957838,88.5005094245731,89.00035095214844,96294200,0.0,0.0,0.0
2006-08-07,88.79207611083984,88.91703780440095,88.44496088389876,88.79207611083984,45377300,0.0,0.0,0.0
2006-08-08,88.92396824870697,89.18084069671795,88.13254602662158,88.45189666748047,90901300,0.0,0.0,0.0
2006-08-09,88.98644273768006,89.27802881173048,87.89650657749984,88.15337371826172,78910600,0.0,0.0,0.0
2006-08-10,87.87567545188831,88.5143660771142,87.66740423661348,88.42411804199219,69322300,0.0,0.0,0.0
2006-08-11,88.2852684328141,88.30609449494365,87.74376963121777,88.1741943359375,47482200,0.0,0.0,0.0
2006-08-14,88.60462694489499,88.97257351804473,88.11172398035126,88.2436294555664,57839000,0.0,0.0,0.0
2006-08-15,89.03503249031779,89.4654518696755,88.79205295413898,89.29884338378906,68143000,0.0,0.0,0.0
2006-08-16,89.77787143064062,90.17357721063131,89.58347719242326,90.04167175292969,71737600,0.0,0.0,0.0
2006-08-17,89.95841130604317,90.50684887325053,89.89593308821942,90.27081298828125,70992800,0.0,0.0,0.0
2006-08-18,90.38184298551451,90.72895812988281,89.96530057502714,90.72895812988281,58288400,0.0,0.0,0.0
2006-08-21,90.37488247891864,90.44430973626154,90.11108220586242,90.34017944335938,42133600,0.0,0.0,0.0
2006-08-22,90.24300920874413,90.61095045575966,90.02778889678424,90.333251953125,60839900,0.0,0.0,0.0
2006-08-23,90.37491138295584,90.55541807253285,89.68763004376832,90.08333587646484,66592100,0.0,0.0,0.0
2006-08-24,90.24303496828736,90.31940075417087,89.83343088412059,90.00698852539062,57983000,0.0,0.0,0.0
2006-08-25,90.00002410130284,90.42350504770766,89.9375459107959,90.1180419921875,41756000,0.0,0.0,0.0
2006-08-28,90.00699340894715,90.81925253610568,90.00005491644228,90.54849243164062,52681500,0.0,0.0,0.0
2006-08-29,90.59010208593988,90.82613781022353,90.11802004426043,90.65258026123047,61817800,0.0,0.0,0.0
2006-08-30,90.85393523275914,90.97195313760596,90.63178699808157,90.7081527709961,50052200,0.0,0.0,0.0
2006-08-31,90.84003740619012,90.93722922276862,90.65259226239105,90.69424438476562,37510300,0.0,0.0,0.0
2006-09-01,91.04138748634949,91.34685060171815,90.8331162174057,91.23577117919922,48794500,0.0,0.0,0.0
2006-09-05,91.29822236816032,91.53426871944963,91.08301267140523,91.4093017578125,52348300,0.0,0.0,0.0
2006-09-06,91.02055403976317,91.05526768062572,90.4790551402785,90.60401153564453,53795600,0.0,0.0,0.0
2006-09-07,90.2916074383868,90.64567173495739,89.7987097684661,90.1874771118164,86269400,0.0,0.0,0.0
2006-09-08,90.30548435802163,90.56929527836098,90.13192677213823,90.44432830810547,45096300,0.0,0.0,0.0
2006-09-11,90.15273243605694,90.72894476198346,89.8889215754103,90.53456115722656,68496600,0.0,0.0,0.0
2006-09-12,90.6387036497681,91.52731756060007,90.50679820168762,91.42318725585938,69875600,0.0,0.0,0.0
2006-09-13,91.38849801312078,91.95082299502138,91.30519374709588,91.79115295410156,62898400,0.0,0.0,0.0
2006-09-14,91.6106534820584,91.80503715772147,91.46486042875317,91.79808807373047,57805400,0.0,0.0,0.0
2006-09-15,92.25757738496728,92.31336134124918,91.81828537906091,92.01353454589844,76703100,0.579,0.0,0.0
2006-09-18,91.89500744103422,92.31338188641054,91.79738815574031,92.1390609741211,64154100,0.0,0.0,0.0
2006-09-19,92.12510702211496,92.13208666761564,91.39296774438215,91.90895080566406,92089100,0.0,0.0,0.0
2006-09-20,92.21578188198649,92.57837243447767,92.0832962585932,92.3970718383789,75204100,0.0,0.0,0.0
2006-09-21,92.46674576926772,92.56436501299663,91.63697687772206,91.95075225830078,88932500,0.0,0.0,0.0
2006-09-22,91.81133723192941,91.8183062381597,91.34415846160024,91.67188262939453,65966800,0.0,0.0,0.0
2006-09-25,91.85318920446137,92.6341542717367,91.37904134192466,92.37615203857422,92299100,0.0,0.0,0.0
2006-09-26,92.39009028592696,93.15710661210717,92.32035766001788,93.14315795898438,73962700,0.0,0.0,0.0
2006-09-27,93.08037883093446,93.41507193392376,92.92697560879313,93.25469970703125,82432200,0.0,0.0,0.0
2006-09-28,93.25470730942011,93.42902819972804,92.9339521897843,93.21984100341797,58597500,0.0,0.0,0.0
2006-09-29,93.29656122422043,93.39418051667019,93.0734253330753,93.14315795898438,47966600,0.0,0.0,0.0
2006-10-02,93.11525441008186,93.31747262783807,92.70385960803189,92.79450988769531,51687400,0.0,0.0,0.0
2006-10-03,92.66202193375518,93.34535691770647,92.4946700308736,92.98974609375,73108100,0.0,0.0,0.0
2006-10-04,92.89908090260536,94.13327571892567,92.79449262990967,94.0774917602539,80890500,0.0,0.0,0.0
2006-10-05,94.07749916232939,94.41917194618871,93.95896223071362,94.2587890625,60505900,0.0,0.0,0.0
2006-10-06,94.09841584772965,94.20301476727836,93.71490775545696,94.14025115966797,64983600,0.0,0.0,0.0
2006-10-09,94.02872650423461,94.3425020923612,93.882292221932,94.1960678100586,41176800,0.0,0.0,0.0
2006-10-10,94.20301915539412,94.44706203296975,94.02171860894563,94.3215560913086,56403700,0.0,0.0,0.0
2006-10-11,94.02172189630032,94.43311668351154,93.64519341844851,94.20999145507812,104071800,0.0,0.0,0.0
2006-10-12,94.44704839838036,95.10249659386474,94.41218209527338,95.02579498291016,59158600,0.0,0.0,0.0
2006-10-13,94.94214278205229,95.32565091120993,94.85846151042446,95.26986694335938,53944000,0.0,0.0,0.0
2006-10-16,95.19318027523421,95.56273981057214,95.12344764453793,95.41630554199219,42273000,0.0,0.0,0.0
2006-10-17,95.1582903902984,95.31866263353079,94.6004614020127,95.116455078125,90500600,0.0,0.0,0.0
2006-10-18,95.55574174580201,95.78584661510146,94.90030408623507,95.2419662475586,86848600,0.0,0.0,0.0
2006-10-19,95.10249742740734,95.44417017732736,94.99092951236791,95.39535522460938,64063200,0.0,0.0,0.0
2006-10-20,95.41630554199219,95.49300717987585,95.06069466073465,95.41630554199219,48094500,0.0,0.0,0.0
2006-10-23,95.22106768046032,96.08570336513844,95.10253071912396,95.85559844970703,66219900,0.0,0.0,0.0
2006-10-24,95.72308222976223,96.17631226877211,95.68124692027853,96.1414566040039,53234900,0.0,0.0,0.0
2006-10-25,96.04384147788744,96.51102018677643,95.88345859834583,96.46918487548828,78105400,0.0,0.0,0.0
2006-10-26,96.68537231913699,96.92244625284467,96.21121381201542,96.76904296875,66843700,0.0,0.0,0.0
2006-10-27,96.65045742193792,96.74807667732159,95.96712263425218,96.16236114501953,80238000,0.0,0.0,0.0
2006-10-30,95.98806308290173,96.36459154603389,95.80676253720189,96.0926513671875,49717800,0.0,0.0,0.0
2006-10-31,96.27396168002632,96.40643664032694,95.70218396204737,96.0787124633789,71274100,0.0,0.0,0.0
2006-11-01,96.37851985113339,96.44127280845736,95.33259467026278,95.43021392822266,83005600,0.0,0.0,0.0
2006-11-02,95.18615828803993,95.53480000702878,95.08157002822365,95.37442779541016,60693100,0.0,0.0,0.0
2006-11-03,95.71610927266886,95.79977988818153,94.56558511086011,95.20708465576172,71346400,0.0,0.0,0.0
2006-11-06,95.49997526675077,96.42038417023602,95.49299562070263,96.28092956542969,63303300,0.0,0.0,0.0
2006-11-07,96.36457052193823,96.9084507609713,96.22511596008123,96.65045928955078,63318900,0.0,0.0,0.0
2006-11-08,96.22512672450895,96.95727655578806,95.43022392932936,96.85965728759766,87517800,0.0,0.0,0.0
2006-11-09,96.92939366283917,97.0200439395256,96.15540840725767,96.35064697265625,95916300,0.0,0.0,0.0
2006-11-10,96.32274633404415,96.46220091199574,96.02988852843514,96.3924789428711,48991500,0.0,0.0,0.0
2006-11-13,96.35061973252978,96.95028391091883,96.27392876895873,96.6295394897461,59398200,0.0,0.0,0.0
2006-11-14,96.90146066445081,97.43837178241816,96.3087656059428,97.35469055175781,96704000,0.0,0.0,0.0
2006-11-15,97.31990666378907,97.93350918281826,97.29200935309748,97.63368225097656,76509600,0.0,0.0,0.0
2006-11-16,97.92653228340863,98.09387357524628,97.26411484390458,97.88469696044922,76728800,0.0,0.0,0.0
2006-11-17,97.57088672310073,97.91952851481858,97.43143213435421,97.91255950927734,56353800,0.0,0.0,0.0
2006-11-20,97.82888343172094,98.13568989368606,97.57786093008608,97.96833801269531,69174200,0.0,0.0,0.0
2006-11-21,97.96140594745134,98.0869119257441,97.821940674184,98.06599426269531,51367900,0.0,0.0,0.0
2006-11-22,98.14269350114392,98.42858240874426,97.96837255353977,98.26123046875,45505300,0.0,0.0,0.0
2006-11-24,97.78705265341486,98.20541641572734,97.75915535210555,97.86375427246094,30998000,0.0,0.0,0.0
2006-11-27,97.81495343694358,97.86376840143096,96.49011870546136,96.51800537109375,84545100,0.0,0.0,0.0
2006-11-28,96.3924753095182,97.03397485567706,96.30182504940055,96.93635559082031,106652900,0.0,0.0,0.0
2006-11-29,97.25015740882749,97.98927642025626,96.97821719443947,97.94744110107422,90034900,0.0,0.0,0.0
2006-11-30,97.92654296818657,98.35188653085942,97.45238443026436,97.98929595947266,83994300,0.0,0.0,0.0
2006-12-01,97.98928094705369,98.07993123593904,96.90152003925041,97.77312469482422,126080000,0.0,0.0,0.0
2006-12-04,97.79402529120918,98.70049610277604,97.78007664003644,98.51919555664062,87813200,0.0,0.0,0.0
2006-12-05,98.70744521931869,98.98636498805517,98.49825805269165,98.94451904296875,73374400,0.0,0.0,0.0
2006-12-06,98.92361569908823,99.06308092348006,98.66562418542841,98.8608627319336,53253200,0.0,0.0,0.0
2006-12-07,99.03519169428498,99.22346125079603,98.39369204066975,98.42855834960938,62857400,0.0,0.0,0.0
2006-12-08,98.40763284087527,98.94453352483576,98.163579337473,98.6098403930664,79625500,0.0,0.0,0.0
2006-12-11,98.60986307246249,99.07704189125707,98.55407909772065,98.895751953125,39779400,0.0,0.0,0.0
2006-12-12,98.79814361641155,98.92364959372348,98.24031444682126,98.81906127929688,77451600,0.0,0.0,0.0
2006-12-13,99.17461406097345,99.251315659833,98.70743546417452,98.92359161376953,55520200,0.0,0.0,0.0
2006-12-14,98.91661571964592,99.87887014018085,98.90266707363396,99.7951889038086,64755200,0.0,0.0,0.0
2006-12-15,100.01468926889521,100.18998141993428,99.73422610682623,99.80433654785156,70857400,0.793,0.0,0.0
2006-12-18,99.94458603064597,100.18299152998927,99.39066744169922,99.53089904785156,48954600,0.0,0.0,0.0
2006-12-19,99.25043309168503,99.95860963751693,98.99801192799491,99.72021484375,65023600,0.0,0.0,0.0
2006-12-20,99.76224854552234,100.02869598643397,99.57293006387557,99.6640853881836,41469600,0.0,0.0,0.0
2006-12-21,99.7552655477455,99.86744439907393,99.08915747861266,99.29949951171875,48698400,0.0,0.0,0.0
2006-12-22,99.3135386440807,99.32054647975674,98.63340411900143,98.68949890136719,62069100,0.0,0.0,0.0
2006-12-26,98.73156620362184,99.29250332198845,98.71053199784434,99.27146911621094,32696900,0.0,0.0,0.0
2006-12-27,99.4747983052117,99.98665915052713,99.44675626525577,99.92354583740234,39727100,0.0,0.0,0.0
2006-12-28,99.85343502741924,100.05676923857447,99.55894546351247,99.71320343017578,37288800,0.0,0.0,0.0
2006-12-29,99.60801542558684,99.94457337754096,99.1662757580953,99.29949951171875,45461200,0.0,0.0,0.0
2007-01-03,99.74123068878588,100.16894395133333,98.5632726077274,99.12419891357422,94807600,0.0,0.0,0.0
2007-01-04,99.02603307090553,99.60099642757889,98.59131198589712,99.33454895019531,69620600,0.0,0.0,0.0
2007-01-05,99.09612718583074,99.14520340834513,98.43001937298506,98.54219818115234,76645300,0.0,0.0,0.0
2007-01-08,98.73856451845135,99.15225141267469,98.33889329255244,98.99799346923828,71655000,0.0,0.0,0.0
2007-01-09,99.0821683297102,99.2855132873314,98.44410210943171,98.91389465332031,75680100,0.0,0.0,0.0
2007-01-10,98.57026954275983,99.26443021311798,98.37394321762501,99.2433853149414,72428000,0.0,0.0,0.0
2007-01-11,99.27145203016978,100.00066266924881,99.21535725808927,99.67813110351562,54476800,0.0,0.0,0.0
2007-01-12,99.67110480923961,100.43538665771484,99.64306277487476,100.43538665771484,55370600,0.0,0.0,0.0
2007-01-16,100.31618841580332,100.57561735260765,100.07778298035254,100.23905944824219,44871300,0.0,0.0,0.0
2007-01-17,100.16193056135754,100.58964380018054,100.07778306096124,100.2811279296875,50241400,0.0,0.0,0.0
2007-01-18,100.38625847030983,100.4493610459361,99.78325333893096,99.94451904296875,68177300,0.0,0.0,0.0
2007-01-19,99.94463114672902,100.33729479978821,99.8885470381397,100.1409683227539,56973000,0.0,0.0,0.0
2007-01-22,100.31619021653627,100.33722441725025,99.5168477934725,99.83238220214844,60253600,0.0,0.0,0.0
2007-01-23,99.7482702030491,100.32323375782921,99.60803858204979,100.12690734863281,54064400,0.0,0.0,0.0
2007-01-24,100.24609281813557,100.95426937415156,100.20402440674647,100.93323516845703,55834700,0.0,0.0,0.0
2007-01-25,100.87011932445691,100.91218773032965,99.57295308213196,99.74824523925781,73583800,0.0,0.0,0.0
2007-01-26,99.96556684154399,100.02165088885741,99.27140639252804,99.65705108642578,67255600,0.0,0.0,0.0
2007-01-29,99.69918400779721,100.1268973635331,99.38366021726748,99.60102081298828,66114600,0.0,0.0,0.0
2007-01-30,99.81136020296746,100.1689523578025,99.60801530589674,100.11986541748047,70407600,0.0,0.0,0.0
2007-01-31,100.00769375782946,101.05944679366506,99.84641725573202,100.79299926757812,91868600,0.0,0.0,0.0
2007-02-01,101.0734386058871,101.4310414010098,100.90516500722478,101.39598083496094,69312400,0.0,0.0,0.0
2007-02-02,101.48014484310168,101.63440281589014,101.23474221292769,101.53623962402344,49607000,0.0,0.0,0.0
2007-02-05,101.45913404528407,101.62741842687427,101.20671282239277,101.56431579589844,45705300,0.0,0.0,0.0
2007-02-06,101.64841044440739,101.69047884759597,101.19966297875679,101.59231567382812,57081300,0.0,0.0,0.0
2007-02-07,101.75359811168184,101.92188245097148,101.3679638866608,101.81671142578125,55669700,0.0,0.0,0.0
2007-02-08,101.51518736684699,101.75358211913334,101.15759523841747,101.6834716796875,70641000,0.0,0.0,0.0
2007-02-09,101.71149851523198,101.9008170015116,100.54054843154326,100.92619323730469,79084400,0.0,0.0,0.0
2007-02-12,100.92620278385631,100.99631321945611,100.40032637143437,100.58262634277344,65657000,0.0,0.0,0.0
2007-02-13,100.80696803519858,101.59928092748426,100.79994950495296,101.4310073852539,64081800,0.0,0.0,0.0
2007-02-14,101.52925341959823,102.30053274887808,101.51522704663306,102.09719848632812,66039400,0.0,0.0,0.0
2007-02-15,102.13923710685756,102.3355634751401,101.97095277733625,102.23039245605469,38715200,0.0,0.0,0.0
2007-02-16,101.97794788693619,102.20231624244256,101.8306977950553,102.18128204345703,39841800,0.0,0.0,0.0
2007-02-20,102.06213883808229,102.51088648618727,101.6694859833639,102.39869689941406,56911800,0.0,0.0,0.0
2007-02-21,102.09710803963664,102.4196501381724,101.91480814853799,102.35653686523438,63971600,0.0,0.0,0.0
2007-02-22,102.40571119389688,102.66514024095022,101.78867919118902,102.27949523925781,79067400,0.0,0.0,0.0
2007-02-23,102.1883147824822,102.22336465300941,101.69048037298823,101.87979888916016,71966200,0.0,0.0,0.0
2007-02-26,102.25143971250368,102.33557653851227,101.49417618146829,101.78866577148438,69192800,0.0,0.0,0.0
2007-02-27,100.88412492432529,101.10849327578521,97.46241929796008,97.81300354003906,274466500,0.0,0.0,0.0
2007-02-28,98.43705513718433,99.55191059598705,98.02336824854432,98.81568145751953,177536300,0.0,0.0,0.0
2007-03-01,97.70082092797844,99.04005539523806,96.7963182269655,98.52118682861328,212828600,0.0,0.0,0.0
2007-03-02,98.19864926607244,98.62636247337502,97.2240254919216,97.23103332519531,162574000,0.0,0.0,0.0
2007-03-05,96.7121798474404,97.86911445665065,96.2914851068961,96.30551147460938,143750400,0.0,0.0,0.0
2007-03-06,97.30815811161303,98.24772128111418,96.56492125517235,97.95323181152344,143333300,0.0,0.0,0.0
2007-03-07,97.87612148217764,98.48614543435052,97.74289773746192,97.85508728027344,115144900,0.0,0.0,0.0
2007-03-08,98.54225280602249,98.97698471245889,98.21271333194605,98.6824951171875,117891600,0.0,0.0,0.0
2007-03-09,99.0821287394296,99.15925770995237,98.21969439557193,98.71051025390625,107765100,0.0,0.0,0.0
2007-03-12,98.45802557154725,99.103098954434,98.27572571300632,98.85769653320312,80366900,0.0,0.0,0.0
2007-03-13,98.289804147836,98.70350173174675,96.78930384911274,96.93655395507812,190605200,0.0,0.0,0.0
2007-03-14,97.06277007430131,97.71486247548994,95.88481189006748,97.65876770019531,231853800,0.0,0.0,0.0
2007-03-15,97.4414306696473,98.1566258536777,97.32223325547339,97.7920150756836,132435900,0.0,0.0,0.0
2007-03-16,98.06724557674583,98.2925146701382,97.22954359050303,97.5181655883789,121531600,0.551,0.0,0.0
2007-03-19,98.03207191071681,98.78530355720848,97.95463698202536,98.69378662109375,96161200,0.0,0.0,0.0
2007-03-20,98.60930956370049,99.29214186951987,98.52483900757396,99.23582458496094,82147400,0.0,0.0,0.0
2007-03-21,99.32733157615228,101.12239516276566,99.13022647063062,100.86897277832031,152368700,0.0,0.0,0.0
2007-03-22,101.00270623647081,101.14349403695176,100.51697919460398,100.79151916503906,118942200,0.0,0.0,0.0
2007-03-23,100.86193428801243,101.23502685156355,100.77041736967722,100.93936920166016,74416800,0.0,0.0,0.0
2007-03-26,101.01677481191571,101.12236296288661,100.02420322711237,100.80558776855469,113787500,0.0,0.0,0.0
2007-03-27,100.74927671554288,100.77744071848335,100.23539644678814,100.56625366210938,99864600,0.0,0.0,0.0
2007-03-28,100.0594105415217,100.2917152329157,99.43993136447105,99.83415222167969,152907900,0.0,0.0,0.0
2007-03-29,100.3409811385716,100.39026277130533,99.39065552984204,99.93973541259766,139432700,0.0,0.0,0.0
2007-03-30,100.12979008053006,100.5521533750506,98.94714922475313,99.9608383178711,128194100,0.0,0.0,0.0
2007-04-02,100.0734634399414,100.2846504381024,99.59477219468204,100.0734634399414,79416400,0.0,0.0,0.0
2007-04-03,100.64365297698129,101.35463804928143,100.60141772892213,101.15049743652344,82417800,0.0,0.0,0.0
2007-04-04,101.15052618445279,101.33354922519807,100.77743373200568,101.2631607055664,63995200,0.0,0.0,0.0
2007-04-05,101.13644799920147,101.67849225376693,101.09421273754538,101.53770446777344,46822800,0.0,0.0,0.0
2007-04-09,101.82632837809322,101.93192728683238,101.47435349847117,101.67850494384766,50967400,0.0,0.0,0.0
2007-04-10,101.60105931520839,101.96711615897057,101.55882405273962,101.79816436767578,56620000,0.0,0.0,0.0
2007-04-11,101.94599727750673,101.97415053833407,101.04493180973793,101.3828353881836,106365700,0.0,0.0,0.0
2007-04-12,101.18569605328341,102.01635123398313,100.90410983332217,101.83332824707031,115534400,0.0,0.0,0.0
2007-04-13,102.00232052661976,102.29798889160156,101.62219236530534,102.29798889160156,84287000,0.0,0.0,0.0
2007-04-16,102.65699160353972,103.38205897452167,102.64995597306962,103.26942443847656,83064600,0.0,0.0,0.0
2007-04-17,103.45947479675338,103.76216797245782,103.2342057662043,103.5439453125,108424100,0.0,0.0,0.0
2007-04-18,103.19898659846433,103.97332449558019,103.17786897572397,103.6706314086914,88345300,0.0,0.0,0.0
2007-04-19,103.16380604646217,103.76215670371649,103.03005391677668,103.64248657226562,102947700,0.0,0.0,0.0
2007-04-20,104.33946465485312,104.62104034423828,103.50879811074606,104.62104034423828,124114100,0.0,0.0,0.0
2007-04-23,104.4450293620311,104.69845172204951,104.16345373597579,104.226806640625,77270800,0.0,0.0,0.0
2007-04-24,104.34643970261212,104.46610983818988,103.70585376998027,104.26900482177734,114471000,0.0,0.0,0.0
2007-04-25,104.69845516920107,105.353134096396,104.19865680528403,105.2264175415039,108418800,0.0,0.0,0.0
2007-04-26,105.233422682604,105.45164532569275,104.95888278623141,105.3460464477539,88741600,0.0,0.0,0.0
2007-04-27,104.95186470324752,105.4094384814742,104.77587726733434,105.26160430908203,108191100,0.0,0.0,0.0
2007-04-30,105.33903114088108,105.40943040642156,104.332388240455,104.3886947631836,100874100,0.0,0.0,0.0
2007-05-01,104.48022440912138,105.21937382181065,103.95226207740349,104.65621185302734,134342700,0.0,0.0,0.0
2007-05-02,104.81809601676106,105.55724527941017,104.71250786841931,105.26862335205078,87129800,0.0,0.0,0.0
2007-05-03,105.57128669869067,105.87397976852958,105.40233498486894,105.83879089355469,86569700,0.0,0.0,0.0
2007-05-04,106.12041925424234,106.38087721084572,105.74732676559742,106.2400894165039,96409000,0.0,0.0,0.0
2007-05-07,106.2119519376531,106.43721029379012,106.16267029452894,106.26122283935547,63461400,0.0,0.0,0.0
2007-05-08,106.00074457672268,106.24008489105074,105.68396936759204,106.12041473388672,80584000,0.0,0.0,0.0
2007-05-09,106.04298549603865,107.57760147269522,105.85291606385296,106.40904235839844,102070100,0.0,0.0,0.0
2007-05-10,106.10636732661467,106.3105188164811,105.07860646933804,105.29682922363281,153617800,0.0,0.0,0.0
2007-05-11,105.4164609117182,106.2471163493316,105.39534328136662,106.19784545898438,113408900,0.0,0.0,0.0
2007-05-14,106.19782740190057,106.50756691628361,105.44459624270385,105.96552276611328,108027500,0.0,0.0,0.0
2007-05-15,106.0852195373758,106.76101598767656,105.72620905087177,105.99371337890625,180673300,0.0,0.0,0.0
2007-05-16,106.15561860031778,106.73989814960112,105.85996101057565,106.71878051757812,114166500,0.0,0.0,0.0
2007-05-17,106.56393141254495,106.97222361329834,106.37386194601339,106.50761413574219,101132800,0.0,0.0,0.0
2007-05-18,107.00741115246797,107.43682098388672,106.86662333296161,107.43682098388672,99182000,0.0,0.0,0.0
2007-05-21,107.40862664446925,107.86618956825252,107.3523093899175,107.38046264648438,174664600,0.0,0.0,0.0
2007-05-22,107.49310264992576,107.81692419479548,107.267844361623,107.2959976196289,82148800,0.0,0.0,0.0
2007-05-23,107.66909957510642,108.05627404080035,107.25377184891633,107.31008911132812,133786600,0.0,0.0,0.0
2007-05-24,107.3734606151221,107.85215205788678,106.11339521718018,106.33865356445312,187593000,0.0,0.0,0.0
2007-05-25,106.64838284400727,107.01443970691112,106.42311377716788,106.78213500976562,83309200,0.0,0.0,0.0
2007-05-29,106.95808638285264,107.35229637550653,106.61314726857215,107.16927337646484,82020000,0.0,0.0,0.0
2007-05-30,106.62021244678591,108.0844181802531,106.53573118958768,108.04218292236328,129013600,0.0,0.0,0.0
2007-05-31,108.17591077494738,108.33078051337867,107.78873642886917,107.92953491210938,114866700,0.0,0.0,0.0
2007-06-01,108.32383463908272,108.68988092283497,108.06336582240603,108.4646224975586,107771700,0.0,0.0,0.0
2007-06-04,108.08443970138613,108.68280128441704,108.04220443508667,108.4786605834961,78008800,0.0,0.0,0.0
2007-06-05,108.2252351739013,108.33785896703111,107.60575597529545,108.04924774169922,126917900,0.0,0.0,0.0
2007-06-06,107.605742210421,107.66909509996877,106.82435768174129,106.88771057128906,164096800,0.0,0.0,0.0
2007-06-07,106.69063389638764,107.35234845137113,104.93075933161106,104.95892333984375,232414600,0.0,0.0,0.0
2007-06-08,105.29678637491763,106.43014570274511,104.95184719117228,106.32454681396484,175886000,0.0,0.0,0.0
2007-06-11,106.2471453878516,106.96517724030909,106.08523993043255,106.50761413574219,102015600,0.0,0.0,0.0
2007-06-12,106.0640780003506,106.67651067500844,105.27565793721243,105.3460464477539,233898000,0.0,0.0,0.0
2007-06-13,105.9444154479342,107.04962148257428,105.39533561588962,106.92290496826172,193208200,0.0,0.0,0.0
2007-06-14,107.04262707943661,107.78881230363368,107.02150944036867,107.60578918457031,146396500,0.0,0.0,0.0
2007-06-15,108.26746267107255,108.63509714529124,108.11899137588573,108.21797943115234,154030800,0.656,0.0,0.0
2007-06-18,108.43718524384002,108.44425119868868,107.92815601408594,108.09075927734375,88537500,0.0,0.0,0.0
2007-06-19,107.85039152694551,108.43718943357655,107.71606286560954,108.35942077636719,110851700,0.0,0.0,0.0
2007-06-20,108.57858858345207,108.57858858345207,106.7262942187685,106.85354614257812,177119700,0.0,0.0,0.0
2007-06-21,106.81109904886935,107.53929139929518,106.22430128137488,107.44738006591797,205262000,0.0,0.0,0.0
2007-06-22,107.12219179676131,107.29893775237147,105.94153010781154,106.43641662597656,204964700,0.0,0.0,0.0
2007-06-25,106.21727996927966,106.93132992520107,105.35475862686542,105.92741394042969,232014400,0.0,0.0,0.0
2007-06-26,106.19604143725,106.37278738740422,104.83155709244684,104.838623046875,198445700,0.0,0.0,0.0
2007-06-27,104.72548487855013,106.45052660107805,104.67599084808913,106.33032989501953,213638000,0.0,0.0,0.0
2007-06-28,106.31622314453125,107.04441556707876,105.81425991953705,106.31622314453125,157705000,0.0,0.0,0.0
2007-06-29,106.68383807905175,107.2140758643109,105.44661658011378,106.35155487060547,199701800,0.0,0.0,0.0
2007-07-02,106.6626256175994,107.4049606479677,106.59193372138789,107.31304931640625,103357000,0.0,0.0,0.0
2007-07-03,107.58878430529097,107.81502428845904,107.4544664514656,107.701904296875,54048400,0.0,0.0,0.0
2007-07-05,107.74434347542626,107.85746348998052,107.1999736323558,107.58880615234375,89279000,0.0,0.0,0.0
2007-07-06,107.73016658486608,108.28867889349519,107.41201532830206,108.15435028076172,81109000,0.0,0.0,0.0
2007-07-09,108.28160643621929,108.42300099302396,107.89982926636218,108.23918914794922,72348100,0.0,0.0,0.0
2007-07-10,107.66653934338987,107.89277929796415,106.59193192230646,106.6979751586914,180362600,0.0,0.0,0.0
2007-07-11,106.57780400945023,107.49688507387432,106.41520076187034,107.4544677734375,175607600,0.0,0.0,0.0
2007-07-12,107.72314213213673,109.40576740274338,107.70193347643321,109.15125274658203,133882500,0.0,0.0,0.0
2007-07-13,109.27849345391522,109.90770861770622,109.15123075761261,109.47644805908203,111794300,0.0,0.0,0.0
2007-07-16,109.57540788423223,109.95717433681398,109.28554197728738,109.46228790283203,98378700,0.0,0.0,0.0
2007-07-17,109.53298309328628,109.92182629871722,109.35623716242816,109.40573120117188,126201300,0.0,0.0,0.0
2007-07-18,109.03814465511789,109.44113073301702,108.38065468092911,109.20782470703125,237887400,0.0,0.0,0.0
2007-07-19,109.72386618096812,109.95717209245079,109.40572567902444,109.63196563720703,145212700,0.0,0.0,0.0
2007-07-20,109.50472552958627,109.57542822801686,108.04834055874029,108.52201843261719,245502500,0.0,0.0,0.0
2007-07-23,109.00273909680361,109.3845163268489,108.38060079123869,108.85427856445312,121183900,0.0,0.0,0.0
2007-07-24,108.25337999624874,109.07348397506131,106.58489742695241,106.9666748046875,256732400,0.0,0.0,0.0
2007-07-25,107.47566454960139,107.7372450652062,106.22430038638623,107.18579864501953,265214500,0.0,0.0,0.0
2007-07-26,106.18187352540748,106.61313397287994,103.4953335634994,104.64772033691406,467592500,0.0,0.0,0.0
2007-07-27,104.78206217835903,105.24866323618919,102.54799102791216,102.59040832519531,422987600,0.0,0.0,0.0
2007-07-30,103.17014678236737,104.49927985607528,102.71767755544599,104.19528198242188,283017500,0.0,0.0,0.0
2007-07-31,104.8668798700844,105.6657747991998,102.54089775862433,103.02165222167969,316976700,0.0,0.0,0.0
2007-08-01,102.63992877966818,103.9337107543345,101.77034150702075,103.5236587524414,467670000,0.0,0.0,0.0
2007-08-02,103.75694021942743,104.46392403043184,102.69646450292083,104.35081481933594,294758400,0.0,0.0,0.0
2007-08-03,104.12454555569317,104.33664279692424,101.24005112300662,101.66424560546875,359398200,0.0,0.0,0.0
2007-08-06,101.95420319527602,103.80649847377475,100.76646404850025,103.36817169189453,324980000,0.0,0.0,0.0
2007-08-07,103.17719639924356,105.34056465881991,102.67523325729509,104.47097778320312,232568700,0.0,0.0,0.0
2007-08-08,104.92349795565829,106.46471789647474,104.16701989808199,105.92741394042969,274930600,0.0,0.0,0.0
2007-08-09,104.23058713662712,105.30520523090591,102.71764266171552,102.78834533691406,357622100,0.0,0.0,0.0
2007-08-10,102.08136199766611,103.57309783138781,101.1834898013666,102.30760192871094,411018400,0.0,0.0,0.0
2007-08-13,103.573127273308,103.84885052532555,102.52679426407691,102.67525482177734,181917200,0.0,0.0,0.0
2007-08-14,103.00750812568224,103.26202265260575,100.9007000230848,101.10572052001953,264134500,0.0,0.0,0.0
2007-08-15,100.90071275306995,102.1308682530199,99.41604269408606,99.71297454833984,323834000,0.0,0.0,0.0
2007-08-16,98.82926820864611,101.05627382147986,96.85678800249038,100.46240997314453,546743700,0.0,0.0,0.0
2007-08-17,102.86611422844318,103.08527741932183,99.96041118883223,102.30760192871094,388218100,0.0,0.0,0.0
2007-08-20,102.63285644490483,102.84495378273257,101.30372319638839,102.2581558227539,187320400,0.0,0.0,0.0
2007-08-21,102.22989293950383,103.19845758850848,101.90467554583076,102.46318817138672,157066400,0.0,0.0,0.0
2007-08-22,103.22669191005315,103.78521510532073,102.74594814534684,103.67916107177734,173156700,0.0,0.0,0.0
2007-08-23,104.16699376860467,104.38615702744082,102.94391477682156,103.58727264404297,203915300,0.0,0.0,0.0
2007-08-24,103.55898844066908,104.86691284179688,103.41759383215404,104.86691284179688,128901900,0.0,0.0,0.0
2007-08-27,104.52754240105543,104.86689155013518,103.73571333624939,103.89125061035156,113024300,0.0,0.0,0.0
2007-08-28,103.33271518171375,103.39634111026906,101.42386181106667,101.60767364501953,219790700,0.0,0.0,0.0
2007-08-29,102.06724120035193,103.74280003441424,101.77738605962774,103.60139465332031,207654200,0.0,0.0,0.0
2007-08-30,102.83075910049992,104.06091440785802,102.73178183124443,103.32564544677734,191817300,0.0,0.0,0.0
2007-08-31,104.38614440998442,104.98708490127329,103.80642335549528,104.3437271118164,185477500,0.0,0.0,0.0
2007-09-04,104.24472333522837,106.03339087164647,104.20937199983133,105.39710998535156,120062000,0.0,0.0,0.0
2007-09-05,104.7749503516814,104.88807029836704,103.92657232696286,104.4850845336914,166261800,0.0,0.0,0.0
2007-09-06,104.59823933480413,105.06485117958378,104.01144155201435,104.72550201416016,127878400,0.0,0.0,0.0
2007-09-07,103.55894379190292,103.84880962640115,102.69642302779906,103.26908874511719,235447600,0.0,0.0,0.0
2007-09-10,103.58724228066504,103.72863684610904,102.03894643792573,103.07113647460938,192305900,0.0,0.0,0.0
2007-09-11,103.38931861820465,104.42150896324662,103.31154996582063,104.2730484008789,162081900,0.0,0.0,0.0
2007-09-12,104.13164272851701,104.94468059904511,103.91247946903144,104.54169464111328,149554600,0.0,0.0,0.0
2007-09-13,105.0224476758493,105.65872879305118,104.77499902598365,105.27696228027344,154079000,0.0,0.0,0.0
2007-09-14,104.60532650005463,105.40421084852072,104.44978920296215,105.26988220214844,121911000,0.0,0.0,0.0
2007-09-17,104.85277575673283,105.09314768284571,104.37203190450707,104.70431518554688,109870800,0.0,0.0,0.0
2007-09-18,105.22033666309763,107.81496434661891,104.72545045970435,107.78668975830078,263759500,0.0,0.0,0.0
2007-09-19,108.45842417448841,109.15126551318444,107.96353750399125,108.4230728149414,193779900,0.0,0.0,0.0
2007-09-20,108.40887823166841,108.47250417577096,107.53929129912127,107.65947723388672,175186800,0.0,0.0,0.0
2007-09-21,108.47566596355335,108.76689615890548,107.78663758443486,107.95001220703125,141457500,0.719,0.0,0.0
2007-09-24,108.26971864135912,108.55386034989935,107.51676208179884,107.75117492675781,139450200,0.0,0.0,0.0
2007-09-25,107.12602773210247,107.72981911789766,106.8845155133417,107.53802490234375,142289900,0.0,0.0,0.0
2007-09-26,108.14885782416228,108.5182362683681,107.53796729058196,108.10623931884766,135547000,0.0,0.0,0.0
2007-09-27,108.61769653118772,108.75266237401415,108.10625272620797,108.74555206298828,102713300,0.0,0.0,0.0
2007-09-28,108.5750720190545,108.81658412503171,107.95707113284578,108.3832778930664,133372100,0.0,0.0,0.0
2007-10-01,108.39754578176047,109.92476761992069,108.32650767068112,109.60511779785156,148162300,0.0,0.0,0.0
2007-10-02,109.82527297708258,109.85368170581583,109.25700085241435,109.45589447021484,112978800,0.0,0.0,0.0
2007-10-03,109.25702703481632,109.68323394017621,108.68875477396708,109.2357177734375,119055900,0.0,0.0,0.0
2007-10-04,109.47015491021509,109.57670124087954,109.10077623242115,109.4062271118164,76864400,0.0,0.0,0.0
2007-10-05,110.12367165304889,110.8837383250894,109.8395408598701,110.7061538696289,134579700,0.0,0.0,0.0
2007-10-08,110.37938339073055,110.4504215018363,109.93897745077804,110.11656188964844,71280400,0.0,0.0,0.0
2007-10-09,110.52855093878478,111.16785053602251,110.12365324534586,111.15364074707031,94054300,0.0,0.0,0.0
2007-10-10,110.84110481305811,111.12524643452399,110.39359937245305,110.9689712524414,101711100,0.0,0.0,0.0
2007-10-11,111.47328227332757,111.89238972461696,109.77557572244669,110.43619537353516,233529100,0.0,0.0,0.0
2007-10-12,110.42909832209143,111.06129841125637,110.29413243133276,111.04708862304688,124546700,0.0,0.0,0.0
2007-10-15,111.00445303481564,111.06838081359311,109.34936522682275,110.10942077636719,161151900,0.0,0.0,0.0
2007-10-16,109.68323394017621,109.76137151152913,109.01551484659524,109.2357177734375,166525700,0.0,0.0,0.0
2007-10-17,110.08809285421026,110.16623040576687,108.30514979091393,109.56954956054688,216687300,0.0,0.0,0.0
2007-10-18,109.00129852755947,109.52695223415171,108.73847709370897,109.17178344726562,148367500,0.0,0.0,0.0
2007-10-19,108.7455919485651,111.15363623069402,106.30913892857927,106.31623840332031,297169900,0.0,0.0,0.0
2007-10-22,105.74080456488241,107.09044101832102,105.59873928118672,106.93416595458984,261989800,0.0,0.0,0.0
2007-10-23,107.58772680958683,107.93578526157735,106.7282136311988,107.80081939697266,180085100,0.0,0.0,0.0
2007-10-24,107.41016060861652,107.78663869524455,105.72665301107082,107.60194396972656,326694200,0.0,0.0,0.0
2007-10-25,107.72272298764408,108.1773387458908,106.46543288619444,107.8576889038086,237374500,0.0,0.0,0.0
2007-10-26,108.72426014343704,109.1220474243164,107.90026601082091,109.1220474243164,176484000,0.0,0.0,0.0
2007-10-29,109.34222256561651,109.70450154929102,109.07230174433701,109.48429870605469,106841000,0.0,0.0,0.0
2007-10-30,109.00133551343534,109.21443902565463,108.58933828018337,108.72430419921875,132981600,0.0,0.0,0.0
2007-10-31,109.3777814648243,110.29412304573906,108.56799702807425,109.85370635986328,220954400,0.0,0.0,0.0
2007-11-01,108.8876621697999,108.97291006495645,106.96975253162208,107.28230285644531,333040800,0.0,0.0,0.0
2007-11-02,107.6374507228152,107.97131024661009,105.98947320264294,107.40303802490234,331228200,0.0,0.0,0.0
2007-11-05,106.29494056155727,107.37465697731211,105.81901556934345,106.586181640625,226841000,0.0,0.0,0.0
2007-11-06,107.161528622228,108.04945060443562,106.47959977078035,108.02104187011719,177800500,0.0,0.0,0.0
2007-11-07,106.86318559174256,107.35332024847038,104.81031045132697,105.06603240966797,306639700,0.0,0.0,0.0
2007-11-08,105.12289159250611,105.41412184371667,103.04870658290739,104.53330993652344,374509900,0.0,0.0,0.0
2007-11-09,103.48909179776949,104.8032099194432,102.92081952187907,103.09840393066406,277745100,0.0,0.0,0.0
2007-11-12,103.1481093816513,104.14257750982077,102.07549285888672,102.07549285888672,243087800,0.0,0.0,0.0
2007-11-13,103.26179331886178,105.35018799904806,103.15524699391091,105.18681335449219,191117400,0.0,0.0,0.0
2007-11-14,105.99657905236423,106.12443461952158,104.2633535493973,104.89555358886719,230558800,0.0,0.0,0.0
2007-11-15,104.11417255019911,104.7676817493599,102.65797850780528,103.38251495361328,263111100,0.0,0.0,0.0
2007-11-16,103.92949823610535,104.04315485968849,102.69351768103837,103.56011962890625,308770600,0.0,0.0,0.0
2007-11-19,103.19784977485423,103.25467808578668,101.71324673300477,102.11813354492188,267746000,0.0,0.0,0.0
2007-11-20,102.30282687193717,103.37543277408788,100.94607941899389,102.74323272705078,414767500,0.0,0.0,0.0
2007-11-21,101.63510413379605,102.22468563680785,100.63352552606908,100.640625,259012400,0.0,0.0,0.0
2007-11-23,101.62802517873428,102.53014630021907,101.36519284574275,102.3809814453125,77688400,0.0,0.0,0.0
2007-11-26,102.5941043655052,102.91376511240807,99.91613811237586,100.12213134765625,214232000,0.0,0.0,0.0
2007-11-27,100.68329120603123,101.74168767031637,100.12211823226937,101.27287292480469,293897900,0.0,0.0,0.0
2007-11-28,102.42357632245412,104.75348269335794,102.3880572760476,104.51197052001953,258596900,0.0,0.0,0.0
2007-11-29,104.14968281921327,104.93105842005667,103.78031511598755,104.54747009277344,199409900,0.0,0.0,0.0
2007-11-30,105.8687216034238,106.45830317038993,104.65405025709366,105.59880065917969,222908000,0.0,0.0,0.0
2007-12-03,105.26492802955624,105.44961189890827,104.62561770230755,104.90264892578125,146430400,0.0,0.0,0.0
2007-12-04,104.17812268954657,104.8032124531351,103.92950017568009,103.96501922607422,136533900,0.0,0.0,0.0
2007-12-05,105.08025213059402,105.9823840562652,105.00922486300233,105.70535278320312,171130000,0.0,0.0,0.0
2007-12-06,105.57744518803906,107.41011687581829,105.53482668070038,107.21832275390625,154457400,0.0,0.0,0.0
2007-12-07,107.5593126281572,107.61614093393776,106.9413224159916,107.1970443725586,148980100,0.0,0.0,0.0
2007-12-10,107.45991052796687,108.14893911885711,107.1615699276168,108.02818298339844,123914300,0.0,0.0,0.0
2007-12-11,108.07075729100625,108.60351046764238,105.00920410349318,105.06603240966797,250346400,0.0,0.0,0.0
2007-12-12,107.30356797158973,107.80791230439154,104.5616651213492,106.10309600830078,322435600,0.0,0.0,0.0
2007-12-13,105.3572840239273,106.11733966291065,104.63273659584921,105.88292694091797,237551300,0.0,0.0,0.0
2007-12-14,105.08018137302167,105.91128547146275,104.4906110095458,104.54032897949219,159152900,0.0,0.0,0.0
2007-12-17,104.14259832614525,104.3272822043234,102.89950749801599,103.0486831665039,177269400,0.0,0.0,0.0
2007-12-18,103.78033673719912,104.05025767826912,102.26021457431736,103.62406158447266,245569300,0.0,0.0,0.0
2007-12-19,103.66668010996304,104.34149872097687,102.95634244807637,103.62406158447266,198917200,0.0,0.0,0.0
2007-12-20,104.30597373818853,104.32018352550806,103.12681068518185,104.2775650024414,214813800,0.0,0.0,0.0
2007-12-21,105.23804056214661,105.98785577156829,105.03809129248988,105.78076934814453,146084400,0.775,0.0,0.0
2007-12-24,106.2734854919623,106.74478817005128,106.03068065586177,106.5662612915039,45601400,0.0,0.0,0.0
2007-12-26,106.15212672437504,106.88765693248263,106.04501490627042,106.79483032226562,67093100,0.0,0.0,0.0
2007-12-27,106.41632014944827,106.42345730290886,105.2023393796822,105.4522705078125,122981700,0.0,0.0,0.0
2007-12-28,106.07352805335684,106.12352081089757,104.90239213624217,105.18804168701172,116398100,0.0,0.0,0.0
2007-12-31,105.0452385936485,105.40942956869397,104.30256054328954,104.40968322753906,108126800,0.0,0.0,0.0
2008-01-02,104.63822051381771,104.96671491335682,102.74583910379492,103.49564361572266,204935600,0.0,0.0,0.0
2008-01-03,103.48135575983002,103.89553955876686,102.881507870233,103.44564819335938,125133300,0.0,0.0,0.0
2008-01-04,102.36018293610046,102.4315980561794,100.62490666164025,100.9105453491211,232330900,0.0,0.0,0.0
2008-01-07,101.26762585858584,101.5675498284489,100.04650761674482,100.82488250732422,234991000,0.0,0.0,0.0
2008-01-08,101.46041329815935,102.04597588816154,98.86106196286076,99.19669342041016,326365700,0.0,0.0,0.0
2008-01-09,99.32529187938852,100.53927345623774,98.33268206758285,100.23934936523438,301824900,0.0,0.0,0.0
2008-01-10,99.74656447735447,101.9745880487741,99.5251928200845,100.89627838134766,335701200,0.0,0.0,0.0
2008-01-11,100.53207514895968,101.33187223848857,99.26096439035065,100.08218383789062,267076600,0.0,0.0,0.0
2008-01-14,100.80340971440789,101.30328274743356,100.26068108162441,100.88909912109375,170365500,0.0,0.0,0.0
2008-01-15,99.8250710489496,101.03906237523583,98.47540846639303,98.66822052001953,239940100,0.0,0.0,0.0
2008-01-16,98.08984589076378,99.34667167102748,97.31860817454967,97.8184814453125,378802600,0.0,0.0,0.0
2008-01-17,98.4111814777821,98.46117424761387,94.92633237653504,95.28338623046875,397892600,0.0,0.0,0.0
2008-01-18,96.21884451007236,96.41879373012448,93.61949375297958,94.3050308227539,348561500,0.0,0.0,0.0
2008-01-22,90.84164765202466,94.56928558913839,89.977577914724,93.3481674194336,435923700,0.0,0.0,0.0
2008-01-23,90.75592034553036,95.82608799798886,90.57739346898485,95.5904312133789,511913000,0.0,0.0,0.0
2008-01-24,96.03318280972772,96.73301607263373,95.19767826172777,96.39738464355469,259949300,0.0,0.0,0.0
2008-01-25,97.48283738231953,97.66136430581419,94.69068458014105,95.0048828125,269603900,0.0,0.0,0.0
2008-01-28,95.16200170083596,96.7758923058613,94.30507451835912,96.57594299316406,217934600,0.0,0.0,0.0
2008-01-29,97.19004925360339,97.43998037712893,96.31883710509393,97.05436706542969,168968300,0.0,0.0,0.0
2008-01-30,96.81872950772546,98.93248233383544,96.11890696766116,96.34027862548828,334939200,0.0,0.0,0.0
2008-01-31,95.26197602949412,98.93248968055364,95.11915664897597,98.09698486328125,343680800,0.0,0.0,0.0
2008-02-01,98.50400434959904,99.69656273720301,98.20408046437085,99.67514038085938,206843600,0.0,0.0,0.0
2008-02-04,99.4109288811219,99.4751959532728,98.28977466142885,98.41831970214844,124694300,0.0,0.0,0.0
2008-02-05,97.07579728453429,97.2971689162563,95.45476984131774,95.78326416015625,286882500,0.0,0.0,0.0
2008-02-06,96.1046000289512,96.58305080299303,94.55498787816639,95.01201629638672,250792900,0.0,0.0,0.0
2008-02-07,94.1194223817262,96.25459800593211,94.06942959898421,95.64046478271484,297368100,0.0,0.0,0.0
2008-02-08,95.04058808985297,95.84753325148816,94.33362846353113,95.02631378173828,221643500,0.0,0.0,0.0
2008-02-11,95.04773622371047,95.85467048963515,94.2907729326495,95.51190185546875,188576300,0.0,0.0,0.0
2008-02-12,96.3402547304756,97.3400009683174,95.6761290252961,96.39738464355469,256654400,0.0,0.0,0.0
2008-02-13,97.12577908246426,97.8755943060493,96.50450890403977,97.38285827636719,181967800,0.0,0.0,0.0
2008-02-14,97.79706628071825,97.83277385191919,96.25459073477326,96.52595520019531,215207200,0.0,0.0,0.0
2008-02-15,96.04747291124576,96.56163125876657,95.62615203926596,96.50450134277344,154110300,0.0,0.0,0.0
2008-02-19,97.63278287922357,97.75417985238268,96.1260155472592,96.7758560180664,145190000,0.0,0.0,0.0
2008-02-20,95.68327063505252,97.51138414488067,95.51901805984838,97.06149291992188,220085700,0.0,0.0,0.0
2008-02-21,97.58993558129167,97.83986667360567,95.7403997332211,96.25454711914062,201051200,0.0,0.0,0.0
2008-02-22,96.38309398655858,97.01151209844741,94.87632666567323,96.84725952148438,205491000,0.0,0.0,0.0
2008-02-25,96.79011623256194,98.29688334517031,96.24739850866867,98.06837463378906,190107000,0.0,0.0,0.0
2008-02-26,97.65421846900175,99.22525307678808,97.47569156138017,98.8039321899414,212420700,0.0,0.0,0.0
2008-02-27,98.2326505502598,99.36094199031056,98.1255387570094,98.70396423339844,168395800,0.0,0.0,0.0
2008-02-28,98.00414883962873,98.5183072772136,97.51141276224163,97.73992156982422,170831100,0.0,0.0,0.0
2008-02-29,96.8329926454913,96.8901116633033,94.81920403048306,95.56188201904297,252715200,0.0,0.0,0.0
2008-03-03,95.07624156442331,95.55469212811859,94.43354937949825,95.33332061767578,189483500,0.0,0.0,0.0
2008-03-04,94.42644089002286,95.2619454389982,93.54095447730545,94.96916961669922,282513100,0.0,0.0,0.0
2008-03-05,95.27625160796661,96.24030139777379,94.5050139554047,95.56903839111328,270681400,0.0,0.0,0.0
2008-03-06,94.96201995640757,95.1334096929375,93.22674382176054,93.59093475341797,247911700,0.0,0.0,0.0
2008-03-07,92.66977496264008,94.07656824142728,91.81998491240185,92.6269302368164,326434600,0.0,0.0,0.0
2008-03-10,92.71973240645093,92.783999478248,91.11299023301763,91.40577697753906,235683600,0.0,0.0,0.0
2008-03-11,93.34818563515765,94.77640143631193,92.084211600138,94.69071197509766,341440600,0.0,0.0,0.0
2008-03-12,94.79065547625298,95.52618550027667,93.66236405677533,93.80518341064453,229161100,0.0,0.0,0.0
2008-03-13,92.55549325014317,94.71923856489133,91.83424844403314,94.01226806640625,351504200,0.0,0.0,0.0
2008-03-14,94.81207126912095,94.84063077934984,91.2486703409995,92.55548858642578,484687800,0.0,0.0,0.0
2008-03-17,90.38461684177796,92.3055629662646,90.02756297016657,91.62002563476562,405311100,0.0,0.0,0.0
2008-03-18,93.27674495929134,95.46906084437002,92.81971646385477,95.42621612548828,334416600,0.0,0.0,0.0
2008-03-19,95.79037728823283,96.15456818168018,92.8625322507583,93.06249237060547,345971600,0.0,0.0,0.0
2008-03-20,93.32948606223319,95.38194573803615,92.76254188882177,94.78630065917969,245320700,0.642,0.0,0.0
2008-03-24,95.66899075389662,97.46309833220948,95.61876143589296,96.68087005615234,208977300,0.0,0.0,0.0
2008-03-25,96.78132715034249,97.27650253009958,95.99909897525251,96.77415466308594,192947200,0.0,0.0,0.0
2008-03-26,96.49430237600986,96.94641011242868,95.52547974729092,95.5900650024414,196934300,0.0,0.0,0.0
2008-03-27,96.30768698478292,96.47992524436489,94.98722651241002,95.28863525390625,225153200,0.0,0.0,0.0
2008-03-28,95.43934731641527,95.70487172453669,94.05429062055431,94.37722778320312,180896100,0.0,0.0,0.0
2008-03-31,94.21933354909834,95.2527410993804,94.07580715608401,94.70733642578125,166692100,0.0,0.0,0.0
2008-04-01,95.8842422942319,98.20222516627669,95.81247364355761,98.03717041015625,254547300,0.0,0.0,0.0
2008-04-02,98.3529784493163,98.79791361926587,97.58509515886679,98.10179901123047,210910800,0.0,0.0,0.0
2008-04-03,97.57074985217766,98.6328584560549,97.39133909711364,98.34579467773438,175884800,0.0,0.0,0.0
2008-04-04,98.4031910926522,99.0060194518384,97.68554819156724,98.2381362915039,204446800,0.0,0.0,0.0
2008-04-07,98.94145328792128,99.4438122313889,98.1305240099002,98.28840637207031,154245500,0.0,0.0,0.0
2008-04-08,97.73578583819669,98.25966207588347,97.56354760441029,98.18790435791016,148937300,0.0,0.0,0.0
2008-04-09,98.03719281300117,98.17354671022584,96.80284620177737,97.47743225097656,195610600,0.0,0.0,0.0
2008-04-10,97.18322507726623,98.08027893186036,96.81004760765303,97.61381530761719,192967800,0.0,0.0,0.0
2008-04-11,96.5158071586713,96.96791478437363,95.45368767681566,95.71922302246094,222973300,0.0,0.0,0.0
2008-04-14,95.58286492457307,95.83403338333974,95.12357388101681,95.39627075195312,160522000,0.0,0.0,0.0
2008-04-15,95.86275515201712,95.94169632159459,94.96570138425648,95.61875915527344,172389200,0.0,0.0,0.0
2008-04-16,96.55170772745095,98.25252949459386,96.53736274824686,98.20947265625,189268900,0.0,0.0,0.0
2008-04-17,97.61379496249886,98.4964927053415,97.35544306820806,98.35296630859375,179665700,0.0,0.0,0.0
2008-04-18,99.70933206331097,100.15426727225736,99.22132907092329,99.37921142578125,218530600,0.0,0.0,0.0
2008-04-21,99.19976949975316,99.73800164490538,98.92707265912154,99.4294204711914,118587400,0.0,0.0,0.0
2008-04-22,99.1710947222632,99.25720838405185,98.24532905657969,98.99168395996094,162166000,0.0,0.0,0.0
2008-04-23,99.09933334259061,99.5945088351064,98.40321865751257,98.83380889892578,193309000,0.0,0.0,0.0
2008-04-24,99.09214315282019,100.28343311761328,98.34578832774096,99.2643814086914,229381300,0.0,0.0,0.0
2008-04-25,100.03943839644668,100.39108743872504,98.97015724300738,100.18297576904297,190788100,0.0,0.0,0.0
2008-04-28,100.38392433195338,100.64944878541661,100.02510276765601,100.20451354980469,105610200,0.0,0.0,0.0
2008-04-29,100.03222091492061,100.27621681800593,99.47246045473234,99.80975341796875,125514100,0.0,0.0,0.0
2008-04-30,99.9604541175871,100.89339188534917,99.22128295898438,99.22128295898438,208395900,0.0,0.0,0.0
2008-05-01,99.30744593008225,101.2737808227539,99.22850475881972,101.2737808227539,187279500,0.0,0.0,0.0
2008-05-02,102.14931788725862,102.17084630457957,100.87191402451222,101.55367279052734,181585500,0.0,0.0,0.0
2008-05-05,101.22354853662583,101.62542686931829,100.76425744921113,101.06566619873047,118504500,0.0,0.0,0.0
2008-05-06,100.48435561920633,102.04881178687087,100.24753216302243,101.94116973876953,179339800,0.0,0.0,0.0
2008-05-07,101.8263441175061,101.93398616546327,99.84565378256761,100.12553405761719,199267300,0.0,0.0,0.0
2008-05-08,100.28342169149171,100.69965588298342,99.7380060852246,99.8671875,178321200,0.0,0.0,0.0
2008-05-09,99.46531889906471,100.03225202080378,99.35766588456262,99.68060302734375,152588200,0.0,0.0,0.0
2008-05-12,99.93177240723084,100.87188284083528,99.55859503842399,100.80012512207031,147865900,0.0,0.0,0.0
2008-05-13,101.04417288822277,101.10875815333661,100.27628934620125,100.81452178955078,159132200,0.0,0.0,0.0
2008-05-14,101.23789333555548,102.04882239976295,100.80013071048194,101.02259826660156,181910800,0.0,0.0,0.0
2008-05-15,101.216360187751,102.35742083815627,101.06566129548419,102.28565216064453,166927000,0.0,0.0,0.0
2008-05-16,102.52249371509883,102.52966620396832,101.62543984000185,102.37896728515625,204236800,0.0,0.0,0.0
2008-05-19,102.48661333072891,103.55590553329976,102.12061927767638,102.65885162353516,165664400,0.0,0.0,0.0
2008-05-20,102.09903984871904,102.14926914838023,101.18763046565816,101.82633209228516,178552100,0.0,0.0,0.0
2008-05-21,101.76899165468753,101.99145931914444,99.75241579252335,100.10406494140625,252724800,0.0,0.0,0.0
2008-05-22,100.06094205260413,100.59200172885527,99.75236086868024,100.11835479736328,170820400,0.0,0.0,0.0
2008-05-23,99.78828483076158,100.22604760182779,98.69029165831725,98.77640533447266,181376400,0.0,0.0,0.0
2008-05-27,98.89120368157347,99.75237305746465,98.69743701313007,99.50837707519531,168322900,0.0,0.0,0.0
2008-05-28,99.87436191468561,100.47000684071324,99.03472102870306,99.96765899658203,181288100,0.0,0.0,0.0
2008-05-29,99.84566301350216,101.13741150985672,99.80977867741187,100.47000885009766,173927200,0.0,0.0,0.0
2008-05-30,100.8073050552736,101.00107171593898,100.42695517160301,100.72119140625,117362000,0.0,0.0,0.0
2008-06-02,100.34801667609646,100.36954508892437,99.0347287417815,99.68060302734375,181069900,0.0,0.0,0.0
2008-06-03,99.96767230806113,100.19731237437303,98.48214603864749,99.09931945800781,271965700,0.0,0.0,0.0
2008-06-04,98.81942890210286,99.8671923941516,98.6472016077774,99.04907989501953,246637700,0.0,0.0,0.0
2008-06-05,99.45096516595243,101.10871869241876,99.26438193387683,101.02977752685547,237867100,0.0,0.0,0.0
2008-06-06,100.1470714449824,100.3264821745684,97.75731921285333,97.80754852294922,384276300,0.0,0.0,0.0
2008-06-09,98.21662608770258,98.67591719152496,97.17604587830105,98.04438781738281,228263900,0.0,0.0,0.0
2008-06-10,97.362645026204,98.38888042678865,97.13300491197009,97.55641174316406,260234900,0.0,0.0,0.0
2008-06-11,97.57790024583203,97.78601185642397,96.11390268379682,96.12108612060547,283890100,0.0,0.0,0.0
2008-06-12,96.5947211619182,97.506119594991,95.81966565675827,96.48706817626953,252791800,0.0,0.0,0.0
2008-06-13,97.00378247187594,97.97260469703758,96.4655503357552,97.70706939697266,244726900,0.0,0.0,0.0
2008-06-16,97.27648871797115,98.26682838650642,97.21190349074594,97.76448059082031,185832500,0.0,0.0,0.0
2008-06-17,98.3673120682312,98.40318545093942,97.14731044604336,97.29084777832031,191707700,0.0,0.0,0.0
2008-06-18,96.65932389299837,97.25496881367167,95.95603691753662,96.34355926513672,265893000,0.0,0.0,0.0
2008-06-19,96.27180948487448,97.05404872114926,95.80534588878248,96.465576171875,304204900,0.0,0.0,0.0
2008-06-20,95.80852932481689,95.98883746236216,94.64013611516691,94.8997802734375,289275700,0.669,0.0,0.0
2008-06-23,95.26758806614782,95.368560165113,94.71224702440604,94.80599975585938,165096400,0.0,0.0,0.0
2008-06-24,94.51754288182599,95.52005584525507,93.89728235016314,94.61851501464844,267300600,0.0,0.0,0.0
2008-06-25,95.00075028249223,96.2124156574484,94.65456174752406,95.06565856933594,287853900,0.0,0.0,0.0
2008-06-26,94.17132726327246,94.78436824909987,92.37545448215326,92.48363494873047,297775000,0.0,0.0,0.0
2008-06-27,92.51970704532953,92.9380232287219,91.62538025873381,91.9787826538086,303423400,0.0,0.0,0.0
2008-06-30,92.23844618339406,92.97410659187973,91.81292154721731,92.30335998535156,258842600,0.0,0.0,0.0
2008-07-01,91.25033658355706,92.65674330794879,90.82481203531138,92.59183502197266,388622000,0.0,0.0,0.0
2008-07-02,92.88754670739637,93.15441026724132,90.83924865446795,91.00513458251953,288064600,0.0,0.0,0.0
2008-07-03,91.675857486816,91.675857486816,90.1468427064362,91.09886932373047,239352500,0.0,0.0,0.0
2008-07-07,91.44506445778038,91.84173901008204,89.37512531226326,90.1684799194336,372427300,0.0,0.0,0.0
2008-07-08,90.14685715376591,91.87781641786667,89.57708276461032,91.7696304321289,375973700,0.0,0.0,0.0
2008-07-09,91.95714877441503,92.13024304315383,89.7141151366533,90.00260925292969,336729400,0.0,0.0,0.0
2008-07-10,89.7429633441284,90.72384001875214,89.12991679813042,90.37043762207031,436475700,0.0,0.0,0.0
2008-07-11,89.41122288347711,90.80320227971859,88.34379601639579,89.31745910644531,481124600,0.0,0.0,0.0
2008-07-14,90.34155898908882,90.51465319950891,88.27883418114973,88.50962829589844,322720800,0.0,0.0,0.0
2008-07-15,87.8461191708273,89.06499833284977,86.56232072103337,87.26191711425781,502502500,0.0,0.0,0.0
2008-07-16,87.5936739226796,89.84392102098491,87.34124367989693,89.40396881103516,371642900,0.0,0.0,0.0
2008-07-17,90.2550218843055,91.06280415133662,89.49772566505342,90.29829406738281,375490600,0.0,0.0,0.0
2008-07-18,90.99791607274943,91.17822422324751,90.26226123984726,90.86088562011719,267030100,0.0,0.0,0.0
2008-07-21,91.24313565173206,91.45229376119201,90.29110886190246,90.91136932373047,222863000,0.0,0.0,0.0
2008-07-22,90.2622455153545,92.17351267818776,90.04587357142351,91.94271850585938,296904200,0.0,0.0,0.0
2008-07-23,92.2384244317759,93.14717342433119,91.9932080218199,92.44036865234375,311698400,0.0,0.0,0.0
2008-07-24,92.5629724384096,92.61346399370845,90.26945846925125,90.52188873291016,248634500,0.0,0.0,0.0
2008-07-25,90.79592360086876,91.22866183171361,90.27663552282887,90.5002212524414,219131000,0.0,0.0,0.0
2008-07-28,90.52191726725619,90.91859194874093,89.01453807042155,89.17321014404297,205201300,0.0,0.0,0.0
2008-07-29,89.41840852773863,91.14936214033118,89.17318661432871,91.07723999023438,261505600,0.0,0.0,0.0
2008-07-30,91.67585583406208,92.75049613087083,91.07723158860219,92.70000457763672,354710000,0.0,0.0,0.0
2008-07-31,91.88504804086975,92.7288944906417,91.32969577462683,91.47394561767578,277402100,0.0,0.0,0.0
2008-08-01,91.68306697034953,91.79846129591155,90.4858185150643,90.99068450927734,248690900,0.0,0.0,0.0
2008-08-04,90.90413154138616,90.9762536802263,89.98095495807274,90.14683532714844,188239600,0.0,0.0,0.0
2008-08-05,90.88970587756684,92.72163685908328,90.132415148686,92.577392578125,251577600,0.0,0.0,0.0
2008-08-06,92.3321968558801,93.25537366669941,91.94273060708424,92.98851013183594,209555400,0.0,0.0,0.0
2008-08-07,92.28890551784352,92.63509952201078,91.26475673863955,91.6037368774414,246312500,0.0,0.0,0.0
2008-08-08,91.29364314798198,93.70976626619513,91.1493932959153,93.30587768554688,260811700,0.0,0.0,0.0
2008-08-11,93.3779836122161,94.84929324259772,93.20488383005643,94.2723159790039,249425800,0.0,0.0,0.0
2008-08-12,93.9621762343086,94.26509258630658,92.84426357482423,93.29143524169922,213200800,0.0,0.0,0.0
2008-08-13,92.88751231542236,93.50777259533265,92.0797355807048,92.72885131835938,256393200,0.0,0.0,0.0
2008-08-14,92.2023585110243,93.96216754039638,92.13745022841657,93.42845153808594,239555300,0.0,0.0,0.0
2008-08-15,93.70973562230868,94.12084343933601,93.25536662023116,93.8828353881836,181000800,0.0,0.0,0.0
2008-08-18,94.07034657946082,94.10641040429428,92.07254054427122,92.59903717041016,172275100,0.0,0.0,0.0
2008-08-19,91.89943987413785,92.09417572219434,91.25754341696972,91.58930969238281,194673700,0.0,0.0,0.0
2008-08-20,91.8778032432409,92.28169166267482,91.1205069542353,92.01483917236328,225498200,0.0,0.0,0.0
2008-08-21,91.41621143021773,92.63509601010868,91.30802546410648,92.17350769042969,180609800,0.0,0.0,0.0
2008-08-22,92.80097726858908,93.50778198242188,92.1735085638185,93.50778198242188,167715300,0.0,0.0,0.0
2008-08-25,92.89473734804807,93.50777829834517,91.41620869475904,91.6109390258789,171936900,0.0,0.0,0.0
2008-08-26,91.61092678989974,92.2239786634481,91.29358831110564,91.8777847290039,159117200,0.0,0.0,0.0
2008-08-27,91.99323077407274,92.91640772646065,91.8129226036042,92.77216339111328,171032800,0.0,0.0,0.0
2008-08-28,93.24093834556463,94.00544304807485,93.11833013904268,93.89726257324219,167537100,0.0,0.0,0.0
2008-08-29,93.56548008158572,93.86118801917819,92.6855756363952,92.88751983642578,189195800,0.0,0.0,0.0
2008-09-02,93.78186184711421,94.27230567371961,91.97156671686919,92.310546875,252364900,0.0,0.0,0.0
2008-09-03,92.2312240600586,92.67839025857313,91.54605528252053,92.2312240600586,251947000,0.0,0.0,0.0
2008-09-04,91.57488531381297,91.76240729205777,89.403974092504,89.45446014404297,340042500,0.0,0.0,0.0
2008-09-05,88.92078776953792,90.11803129153648,87.99039684748165,89.73577880859375,289503400,0.0,0.0,0.0
2008-09-08,92.34660048324952,92.4908557811486,89.7357424672609,91.58930969238281,364075300,0.0,0.0,0.0
2008-09-09,91.66863416291692,91.85615612195566,88.56733823839262,88.87025451660156,377326800,0.0,0.0,0.0
2008-09-10,89.35350421451452,90.08195066363024,88.387055195102,89.23089599609375,298916600,0.0,0.0,0.0
2008-09-11,88.0769111029894,90.68776911935727,87.7018671376387,90.52188873291016,375369400,0.0,0.0,0.0
2008-09-12,89.64200068354307,91.02676595754103,89.31023434722489,90.94021606445312,297851200,0.0,0.0,0.0
2008-09-15,87.72349148266252,90.62284870143105,86.46854869528244,86.61279296875,483607000,0.0,0.0,0.0
2008-09-16,84.52843716412522,88.22114912414118,84.3841928815936,88.0624771118164,581744300,0.0,0.0,0.0
2008-09-17,86.28825408178601,87.88217721363442,83.6629682760866,84.10292053222656,624095600,0.0,0.0,0.0
2008-09-18,85.14150890001937,87.83891722845945,82.07627041233859,86.59839630126953,776114700,0.0,0.0,0.0
2008-09-19,91.90907505671724,92.85210647688989,89.46445673290714,90.03752899169922,501087800,0.691,0.0,0.0
2008-09-22,90.27690801534531,90.49453235099818,87.30999574348394,87.99913024902344,249966500,0.0,0.0,0.0
2008-09-23,87.66545775147075,88.514182834996,85.80116149567766,85.99702453613281,327470400,0.0,0.0,0.0
2008-09-24,86.57734424231317,87.04886000757102,85.44571083322835,86.27267456054688,311818400,0.0,0.0,0.0
2008-09-25,86.61364008171398,88.43441410896288,85.91724967870995,87.62195587158203,328253000,0.0,0.0,0.0
2008-09-26,86.2001160703147,88.13695145299721,85.9679860491814,87.66543579101562,285917400,0.0,0.0,0.0
2008-09-29,86.42500597181538,86.57008518563714,80.49843098307848,80.79584503173828,459562300,0.0,0.0,0.0
2008-09-30,82.34095487798719,84.7275447100343,80.17923945792202,84.13996124267578,328154400,0.0,0.0,0.0
2008-10-01,83.61767024515515,84.6477524872798,82.6601331373222,84.19074249267578,332783000,0.0,0.0,0.0
2008-10-02,83.38554843924038,83.50161623803541,80.56371511043919,81.13678741455078,365337800,0.0,0.0,0.0
2008-10-03,81.86944124420901,83.74824287331519,79.56264657175464,80.04141235351562,461798000,0.0,0.0,0.0
2008-10-06,77.72736174220957,78.06830392028363,73.00496058701096,75.9646224975586,610637500,0.0,0.0,0.0
2008-10-07,77.5025062343974,77.85795976388586,72.28683198464458,72.56248474121094,540012100,0.0,0.0,0.0
2008-10-08,70.7417090106925,74.1221092814214,70.22667055334455,70.73445892333984,725414800,0.0,0.0,0.0
2008-10-09,72.29409563251482,72.9904859904291,65.4680101453286,65.79444122314453,534485200,0.0,0.0,0.0
2008-10-10,62.93633270570495,68.14475682865576,60.6295374972801,64.19853973388672,871026300,0.0,0.0,0.0
2008-10-13,68.09396964044468,73.52001190185547,65.25036946986474,73.52001190185547,455584000,0.0,0.0,0.0
2008-10-14,75.95016345909072,76.55225301570371,70.44432315995812,72.43193817138672,546268300,0.0,0.0,0.0
2008-10-15,70.69817828357112,70.94481958587005,65.07627302146683,65.3011474609375,484627500,0.0,0.0,0.0
2008-10-16,66.22240935039571,68.74682275050033,62.77672591015295,68.02141571044922,708811200,0.0,0.0,0.0
2008-10-17,66.73022878424943,71.51791677622032,66.48359291143586,67.61522674560547,476649000,0.0,0.0,0.0
2008-10-20,69.16758175632681,71.8878590057976,68.25356705086753,71.677490234375,321294200,0.0,0.0,0.0
2008-10-21,70.34274679658607,71.55417565984365,69.07328402104324,69.53754425048828,356502000,0.0,0.0,0.0
2008-10-22,67.60793286163431,69.5375182145122,63.49487633713113,65.75089263916016,516168000,0.0,0.0,0.0
2008-10-23,65.49701730551249,67.06389399285376,62.247190586911,66.51258850097656,634666400,0.0,0.0,0.0
2008-10-24,60.97771184742958,65.22859739372886,60.93418919758738,63.139427185058594,545812600,0.0,0.0,0.0
2008-10-27,62.36325183197884,64.93119373550068,60.71657454812348,60.897926330566406,397288600,0.0,0.0,0.0
2008-10-28,63.35706444838056,68.36237541356296,61.318671914782755,68.0141830444336,639939500,0.0,0.0,0.0
2008-10-29,68.0214394392476,70.48782534268595,66.81001058802381,67.52091217041016,531270100,0.0,0.0,0.0
2008-10-30,69.47952028008055,70.03083145684101,67.39034894863674,69.85673522949219,414582100,0.0,0.0,0.0
2008-10-31,68.97172531295527,71.5033951632612,68.53648205308656,70.2411880493164,411394000,0.0,0.0,0.0
2008-11-03,70.20488165827237,70.86500461976024,69.60279257932717,70.44426727294922,205419400,0.0,0.0,0.0
2008-11-04,71.85883821002105,73.1645734337404,70.1541323316893,72.83814239501953,346793400,0.0,0.0,0.0
2008-11-05,71.96036446671197,73.05573046884352,68.9136576073128,69.77689361572266,387844100,0.0,0.0,0.0
2008-11-06,68.52195649135358,69.23285791032492,65.33016402850859,65.91049194335938,477721900,0.0,0.0,0.0
2008-11-07,66.48356655718763,68.18827225672221,65.64934722588681,68.08671569824219,380391000,0.0,0.0,0.0
2008-11-10,69.06602534697464,69.29815545144135,65.95402750200589,67.19447326660156,301773000,0.0,0.0,0.0
2008-11-11,65.837961522383,66.83902150401622,64.3073518294919,65.11980438232422,418498200,0.0,0.0,0.0
2008-11-12,64.00268200884014,64.52497056284261,61.746665092390735,62.25444793701172,454330600,0.0,0.0,0.0
2008-11-13,62.47933007280786,66.54161546591934,59.548683854940236,66.13538360595703,753141900,0.0,0.0,0.0
2008-11-14,64.85865684352261,66.78098139032663,62.762225059090035,62.83477020263672,540352300,0.0,0.0,0.0
2008-11-17,62.660666937773556,64.24205472881634,61.7756748733847,62.00054931640625,415254900,0.0,0.0,0.0
2008-11-18,61.768402335664234,63.26999448708357,60.14349233213013,63.16843795776367,523811800,0.0,0.0,0.0
2008-11-19,62.31972587753253,63.01611602113352,58.69994050673383,59.12067794799805,558327600,0.0,0.0,0.0
2008-11-20,58.126873651102926,59.85334623133691,54.44180948999515,54.73196792602539,814180400,0.0,0.0,0.0
2008-11-21,56.19006477385701,58.68546836654296,53.92679136181022,57.68440246582031,718536500,0.0,0.0,0.0
2008-11-24,59.42535675171998,63.1031710501858,58.29372328585904,61.681373596191406,523305300,0.0,0.0,0.0
2008-11-25,63.32804929548367,63.48038413979755,60.803629863268064,62.13838195800781,454112400,0.0,0.0,0.0
2008-11-26,61.151846139871054,64.69908788927226,61.10831793239044,64.53949737548828,370134200,0.0,0.0,0.0
2008-11-28,64.29280489322205,65.38091513048278,64.18399829702788,65.35189819335938,118308100,0.0,0.0,0.0
2008-12-01,63.48035823985612,63.509375179470005,59.381808220851674,59.56315994262695,369927100,0.0,0.0,0.0
2008-12-02,60.54971672164102,62.0150362703126,59.512384600831396,61.855445861816406,469508400,0.0,0.0,0.0
2008-12-03,60.49897569947964,63.71253056648229,60.31036823384621,63.34257125854492,519863500,0.0,0.0,0.0
2008-12-04,62.428560134677916,63.87212487000978,60.74561515943366,61.877254486083984,444173800,0.0,0.0,0.0
2008-12-05,60.680347713322035,64.14053957958401,59.657520326195396,63.785091400146484,471905300,0.0,0.0,0.0
2008-12-08,65.53326789220631,67.01309888530906,63.89385200273195,66.01203918457031,412859300,0.0,0.0,0.0
2008-12-09,65.55504880447978,66.83176145563228,64.54673326771783,64.92394256591797,370790000,0.0,0.0,0.0
2008-12-10,65.51878995359556,66.27321424241548,64.56125249748156,65.366455078125,396187400,0.0,0.0,0.0
2008-12-11,64.95295529760334,66.01204904675082,63.378823148594805,63.79230499267578,365061000,0.0,0.0,0.0
2008-12-12,62.05859590944736,64.6120271365919,61.804698930264614,64.55399322509766,415060400,0.0,0.0,0.0
2008-12-15,64.575760142619,64.67006664055711,62.595401167783336,63.65449523925781,256694200,0.0,0.0,0.0
2008-12-16,66.65042114257812,66.75197772245085,63.96641632979585,66.65042114257812,377699500,0.0,0.0,0.0
2008-12-17,65.8959790865957,67.04937926712967,65.33016242741253,66.00479125976562,281819800,0.0,0.0,0.0
2008-12-18,66.30223943570044,66.49809700437189,63.98818798997152,64.7716293334961,374673300,0.0,0.0,0.0
2008-12-19,65.15848038464459,66.27005356385726,64.41986977287071,64.49300384521484,301451300,0.719,0.0,0.0
2008-12-22,64.77820286741076,64.84401683120274,62.51849526167297,63.666629791259766,243759500,0.0,0.0,0.0
2008-12-23,64.01034836903492,64.30286793234731,62.74520920827773,63.00847625732422,221625200,0.0,0.0,0.0
2008-12-24,63.220518890838,63.52766736331398,62.89143801667444,63.37409591674805,62061600,0.0,0.0,0.0
2008-12-26,63.798230246020424,63.84211177849375,63.25707303315513,63.73973083496094,74767700,0.0,0.0,0.0
2008-12-29,63.79824629486398,63.86406582045979,62.59892158663093,63.556922912597656,127795900,0.0,0.0,0.0
2008-12-30,63.995731384925755,65.12192819119717,63.535011212745935,65.06342315673828,168256300,0.0,0.0,0.0
2008-12-31,65.14386395853474,66.52601326915644,64.99029243283755,65.9921646118164,193987200,0.0,0.0,0.0
2009-01-02,66.13839167946247,68.33227900456438,65.70692427093356,67.98125457763672,227566300,0.0,0.0,0.0
2009-01-05,67.73994711565744,68.4931866894713,67.19878963272771,67.90083312988281,240349700,0.0,0.0,0.0
2009-01-06,68.4785364729998,69.07088427010301,67.77649319289942,68.35421752929688,328260900,0.0,0.0,0.0
2009-01-07,67.2792351723257,67.46937370350784,65.96290007852008,66.30661010742188,280899200,0.0,0.0,0.0
2009-01-08,65.93363302034788,66.61373276863951,65.57529405570772,66.5771713256836,263834400,0.0,0.0,0.0
2009-01-09,66.66493373178632,66.78193816892761,62.4234154830293,65.1511459350586,330953600,0.0,0.0,0.0
2009-01-12,64.96833835717757,65.01953443681298,63.19129431312816,63.58618927001953,277858500,0.0,0.0,0.0
2009-01-13,63.42528420868586,64.2662698756943,63.03769276624889,63.70317459106445,356432300,0.0,0.0,0.0
2009-01-14,62.55505490676511,62.70862638348896,60.81457259121622,61.699440002441406,435491600,0.0,0.0,0.0
2009-01-15,61.51660495020167,62.34296719893745,59.76149390732462,61.72136688232422,532647300,0.0,0.0,0.0
2009-01-16,62.78907190075101,62.884138367484496,60.734132027780575,62.20403289794922,399237200,0.0,0.0,0.0
2009-01-20,61.597058948414876,62.20403033306334,58.5402417224767,58.92051315307617,419855200,0.0,0.0,0.0
2009-01-21,59.92237016994255,61.60434689659178,58.84736462109321,61.46540451049805,364360700,0.0,0.0,0.0
2009-01-22,60.273414786666585,61.45811631141218,59.35929478961324,60.51474380493164,427940300,0.0,0.0,0.0
2009-01-23,59.161836683369756,61.421538231533724,58.92050770851399,60.77799987792969,386800600,0.0,0.0,0.0
2009-01-26,61.12902756825116,62.42342456199934,60.55861760328233,61.194847106933594,317978800,0.0,0.0,0.0
2009-01-27,61.523905924328,62.2698306711489,60.916934726803056,61.81642532348633,273789700,0.0,0.0,0.0
2009-01-28,63.18396239811006,64.31746761517317,62.94263342916992,63.90794372558594,330007000,0.0,0.0,0.0
2009-01-29,62.9718975234279,63.9810839710982,61.772572558018354,61.831077575683594,294392500,0.0,0.0,0.0
2009-01-30,62.14554126718793,62.45268427153337,60.11984806850129,60.5732536315918,383383600,0.0,0.0,0.0
2009-02-02,59.651812325710935,60.82919928920587,59.46167381041451,60.39042282104492,288233300,0.0,0.0,0.0
2009-02-03,60.77067206114192,61.69210621304562,60.1271338483365,61.23870086669922,278385800,0.0,0.0,0.0
2009-02-04,61.648215591096616,62.43070158731219,60.72678165838505,60.93885803222656,322989300,0.0,0.0,0.0
2009-02-05,60.47816266115707,62.37222175434599,56.84362708761667,61.84568786621094,417679400,0.0,0.0,0.0
2009-02-06,62.057748314603636,63.87135837321749,61.92611487653143,63.608097076416016,366101700,0.0,0.0,0.0
2009-02-09,63.59349608702229,64.16390604379924,63.12546711841836,63.69587707519531,240075200,0.0,0.0,0.0
2009-02-10,63.08889191354688,63.644678333999494,60.29534192821816,60.77799987792969,536212800,0.0,0.0,0.0
2009-02-11,61.026630353772084,61.46541228341032,60.25877313559316,61.13632583618164,324442500,0.0,0.0,0.0
2009-02-12,60.09056784650376,61.297206897825205,59.271520212612685,61.18020248413086,469302200,0.0,0.0,0.0
2009-02-13,61.09977721945646,61.604367617500856,60.507423721850614,60.52205276489258,293998400,0.0,0.0,0.0
2009-02-17,58.620662500318446,60.66828699081457,57.89667578329108,57.93324279785156,478910100,0.0,0.0,0.0
2009-02-18,58.35009409364538,58.45978958241334,57.24583584424477,57.794307708740234,362964800,0.0,0.0,0.0
2009-02-19,58.38665474639005,58.61336024126582,57.0556965964107,57.172706604003906,316867500,0.0,0.0,0.0
2009-02-20,56.11233393516204,57.28971513975395,55.410284997956495,56.61692428588867,477176600,0.0,0.0,0.0
2009-02-23,57.23853950956734,57.23853950956734,54.54736981623526,54.591251373291016,379641400,0.0,0.0,0.0
2009-02-24,55.059250228797616,57.00449375903977,54.6277828934846,56.660789489746094,426260900,0.0,0.0,0.0
2009-02-25,56.41215764696888,57.34821537962311,55.307899425160755,56.2147102355957,461985800,0.0,0.0,0.0
2009-02-26,56.909466526358116,58.26236329646451,55.23479766284487,55.30061721801758,363353900,0.0,0.0,0.0
2009-02-27,54.12324045534945,55.351818456397474,53.97697784846995,54.064735412597656,470510900,0.0,0.0,0.0
2009-03-02,53.033564945225535,54.05738010356797,51.46128355775881,51.629478454589844,426452600,0.0,0.0,0.0
2009-03-03,52.368105504319395,52.43391946434577,50.92745153294509,51.24190902709961,443761000,0.0,0.0,0.0
2009-03-04,52.09021216858892,53.28953706171105,51.24190620160997,52.45586013793945,462753100,0.0,0.0,0.0
2009-03-05,51.26383348751469,52.455849189586125,49.85243239722923,50.31315231323242,485549400,0.0,0.0,0.0
2009-03-06,50.751945415974056,51.519802897114495,49.069962321263915,50.40092086791992,490470000,0.0,0.0,0.0
2009-03-09,49.69153798965521,51.190696328145286,49.530657630700695,49.80854797363281,379905300,0.0,0.0,0.0
2009-03-10,50.83238910925178,52.92389622204342,50.73000811038891,52.77763366699219,406227900,0.0,0.0,0.0
2009-03-11,53.38459721438872,53.933069103577644,52.5289824062967,53.12133026123047,356648300,0.0,0.0,0.0
2009-03-12,53.106707159041996,55.39566118354039,52.63136373598758,55.21283721923828,409702700,0.0,0.0,0.0
2009-03-13,55.58577626164234,56.29513383712152,54.64971885128137,55.6442756652832,337474700,0.0,0.0,0.0
2009-03-16,56.28052133151623,57.019131615419745,55.4395300869937,55.476097106933594,360644900,0.0,0.0,0.0
2009-03-17,55.62967199977005,57.30434007287413,55.176266589362754,57.172706604003906,356814300,0.0,0.0,0.0
2009-03-18,56.90213103126699,59.16183821736721,56.36097363853782,58.45248031616211,473273200,0.0,0.0,0.0
2009-03-19,59.18378156177589,59.234972055192976,57.545680193083534,57.7285041809082,428520400,0.0,0.0,0.0
2009-03-20,58.00909504795278,58.11957565404769,56.36663093951026,56.49920654296875,371078200,0.561,0.0,0.0
2009-03-23,57.99438295847326,60.60906726216845,57.677674766357605,60.55751037597656,419933300,0.0,0.0,0.0
2009-03-24,59.835720683694504,60.66063665208032,59.29805670533542,59.364341735839844,330271000,0.0,0.0,0.0
2009-03-25,59.828332200782086,60.91102654128803,58.23005788814637,59.99036407470703,441775100,0.0,0.0,0.0
2009-03-26,60.579592629716686,61.352951379083834,59.894619503478864,61.213008880615234,422025200,0.0,0.0,0.0
2009-03-27,60.43230184452514,60.785833174346365,59.88726548052541,60.10822677612305,322332300,0.0,0.0,0.0
2009-03-30,58.77510115919364,58.82665803873082,57.41988292392165,58.03120422363281,324108500,0.0,0.0,0.0
2009-03-31,58.59833242247788,59.71786131104597,58.22270612079027,58.568870544433594,364238300,0.0,0.0,0.0
2009-04-01,57.83971592998974,59.968287766656786,57.69241213713341,59.7031364440918,377018300,0.0,0.0,0.0
2009-04-02,61.19093076214218,62.31782107637809,59.754693491244254,61.44871520996094,476230700,0.0,0.0,0.0
2009-04-03,61.49288919017268,62.07474857454977,60.88893480449791,62.060020446777344,284646300,0.0,0.0,0.0
2009-04-06,61.38244079982236,62.07478117355327,60.60908725188135,61.57394027709961,264866600,0.0,0.0,0.0
2009-04-07,60.57960080513705,60.87421396938252,60.0345701038141,60.1376838684082,258947800,0.0,0.0,0.0
2009-04-08,60.43966897306772,61.08781917285164,60.05667572533335,60.78583908081055,230402800,0.0,0.0,0.0
2009-04-09,62.36203868893515,63.20904992313993,62.111621005739686,63.201683044433594,269653500,0.0,0.0,0.0
2009-04-13,62.54613219733042,63.73931293370038,62.29571467077786,63.21637725830078,224847500,0.0,0.0,0.0
2009-04-14,62.627152944154005,63.164822384830956,61.92745160311942,62.126312255859375,276598800,0.0,0.0,0.0
2009-04-15,61.750670787213295,62.91438950351002,61.58127203871512,62.789180755615234,250726100,0.0,0.0,0.0
2009-04-16,63.29003976973116,64.1886075051344,62.435662047780724,63.709861755371094,335202900,0.0,0.0,0.0
2009-04-17,63.95292188394639,64.5568764540498,63.444714221797014,64.13705444335938,262649000,0.0,0.0,0.0
2009-04-20,63.00279439159907,64.11495657422228,61.38242456950496,61.44871520996094,293690100,0.0,0.0,0.0
2009-04-21,60.99942042557691,62.700803096162964,60.947863545234256,62.64924621582031,114090900,0.0,0.0,0.0
2009-04-22,62.08212570613646,63.59200911016804,61.92008817747535,62.266258239746094,340395200,0.0,0.0,0.0
2009-04-23,62.391477511669,62.914413320793585,61.59602348400911,62.87759017944336,324903700,0.0,0.0,0.0
2009-04-24,63.36369536721332,64.30645317114914,63.11327778397776,63.82771301269531,287703000,0.0,0.0,0.0
2009-04-27,63.105909155536025,64.08549569181389,63.00279537479937,63.223751068115234,289581600,0.0,0.0,0.0
2009-04-28,62.58295873832087,63.776133813273375,62.42828810339289,63.02487564086914,247926300,0.0,0.0,0.0
2009-04-29,63.72458087387341,65.07979916063819,63.5625489743703,64.36536407470703,311505700,0.0,0.0,0.0
2009-04-30,65.2197491232119,65.5659135846264,64.01920134384588,64.38746643066406,301419800,0.0,0.0,0.0
2009-05-01,64.40219862630647,64.96932437383354,63.87189601500476,64.73363494873047,236110300,0.0,0.0,0.0
2009-05-04,65.21974865848358,66.98005531138895,65.09453425920537,66.93585968017578,287120000,0.0,0.0,0.0
2009-05-05,66.70756530761719,66.9727167297959,66.16989558506545,66.70756530761719,243036300,0.0,0.0,0.0
2009-05-06,67.52504283892256,67.90803580884266,66.73695628798303,67.86384582519531,291941000,0.0,0.0,0.0
2009-05-07,68.5046447753518,68.6077585075995,66.49391575796794,66.92110443115234,317728000,0.0,0.0,0.0
2009-05-08,67.78287501412659,68.65934777107822,67.34832488307705,68.48258209228516,299081700,0.0,0.0,0.0
2009-05-11,67.53979186064701,67.84177182708693,67.05368503227304,67.20098876953125,247923600,0.0,0.0,0.0
2009-05-12,67.48825848687106,67.63556789469276,66.17723566329434,67.00215148925781,282431300,0.0,0.0,0.0
2009-05-13,66.09620312459879,66.29506937891027,65.18290746348012,65.31548309326172,269619100,0.0,0.0,0.0
2009-05-14,65.3449567843981,66.3761001336759,65.18291924988996,65.87525939941406,260098700,0.0,0.0,0.0
2009-05-15,65.82369033340206,66.28770222604423,64.92512280414228,65.33757781982422,271502700,0.0,0.0,0.0
2009-05-18,65.95628588137758,67.27467007883746,65.23448376667231,67.19365692138672,241447400,0.0,0.0,0.0
2009-05-19,67.15683039899217,67.7386899879541,66.88431217551987,67.11264038085938,206102200,0.0,0.0,0.0
2009-05-20,67.72396043155986,68.35001569672185,66.58970868782535,66.66336059570312,285722200,0.0,0.0,0.0
2009-05-21,65.88997356568271,66.14039668937951,65.00613980749189,65.70584106445312,258988400,0.0,0.0,0.0
2009-05-22,65.88998539788432,66.28771234627546,65.3154927899679,65.56591033935547,166811900,0.0,0.0,0.0
2009-05-26,65.07980817877892,67.43670254416762,65.05034629680164,67.24520874023438,236318500,0.0,0.0,0.0
2009-05-27,67.34830075200499,67.5766232394408,65.94152584344567,66.04463958740234,246015800,0.0,0.0,0.0
2009-05-28,66.62653636592759,67.27468106634947,65.6248546166424,66.96533966064453,289095000,0.0,0.0,0.0
2009-05-29,67.33358179866451,69.01286956262764,66.78855108668743,68.15113067626953,258641500,0.0,0.0,0.0
2009-06-01,68.9907747211085,70.09556989677417,68.81400906640006,69.80095672607422,276246800,0.0,0.0,0.0
2009-06-02,69.52846502386913,70.24290035074017,69.4032562150494,69.85990142822266,230874500,0.0,0.0,0.0
2009-06-03,69.26331296876705,69.32959800127105,68.3205550446182,68.97606658935547,235310500,0.0,0.0,0.0
2009-06-04,69.23380846014555,69.72728212926692,68.71823979379145,69.6241683959961,210102300,0.0,0.0,0.0
2009-06-05,70.33128894328433,70.46386464499561,69.08655634201422,69.63895416259766,284257900,0.0,0.0,0.0
2009-06-08,69.11598191431638,70.04401141408461,68.52676120564857,69.35167694091797,238565100,0.0,0.0,0.0
2009-06-09,69.74202131036155,70.07345753324394,69.24854198349388,69.70519256591797,225125500,0.0,0.0,0.0
2009-06-10,70.32389623736813,70.33125749246828,68.63724163844653,69.5284423828125,296100400,0.0,0.0,0.0
2009-06-11,69.66098011256608,70.78786965024268,69.64624637182713,69.8377456665039,275414200,0.0,0.0,0.0
2009-06-12,69.5284485100019,70.07347925721545,69.23383532095052,70.02928924560547,184361800,0.0,0.0,0.0
2009-06-15,69.20438824938248,69.24857827044882,68.0554027474142,68.42366790771484,224190500,0.0,0.0,0.0
2009-06-16,68.66669103383512,68.71088103351761,67.45141546906751,67.49560546875,227319000,0.0,0.0,0.0
2009-06-17,67.466152049714,68.0038214634269,66.89902637870688,67.42932891845703,223445200,0.0,0.0,0.0
2009-06-18,67.53245332313821,68.25424974548207,67.20837824902833,67.92281341552734,211725100,0.0,0.0,0.0
2009-06-19,68.57313030072012,68.66200954724859,67.7879944999237,68.17315673828125,215655600,0.518,0.0,0.0
2009-06-22,67.50655332609223,67.54359012335537,66.10664828507821,66.12886810302734,251913600,0.0,0.0,0.0
2009-06-23,66.26960239274507,66.57328266210813,65.81037209278065,66.18071746826172,188309800,0.0,0.0,0.0
2009-06-24,66.78066589919786,67.46209988159276,66.36587532863604,66.75103759765625,211577700,0.0,0.0,0.0
2009-06-25,66.41773717294207,68.26946401941211,66.34366922928764,68.20280456542969,279411000,0.0,0.0,0.0
2009-06-26,67.97319916699529,68.32132478268908,67.60285372919728,68.0250473022461,167579000,0.0,0.0,0.0
2009-06-29,68.22501307144631,68.75090273052659,67.84725927511339,68.66201782226562,168481300,0.0,0.0,0.0
2009-06-30,68.67681826084959,68.9286502970797,67.60281373599285,68.10648345947266,228888200,0.0,0.0,0.0
2009-07-01,68.39537280856528,69.05459269467984,68.2990850571658,68.38796997070312,173041100,0.0,0.0,0.0
2009-07-02,67.4991424820504,68.41019454334021,66.48439982428867,66.52143096923828,212309900,0.0,0.0,0.0
2009-07-06,65.87701330152457,66.61029529668745,65.66962087065183,66.51400756835938,174499600,0.0,0.0,0.0
2009-07-07,66.44735271117936,66.52882912884819,65.18077246971981,65.22521209716797,197088900,0.0,0.0,0.0
2009-07-08,65.61776792207489,65.77331789816989,64.44007275321266,65.1807632446289,248050500,0.0,0.0,0.0
2009-07-09,65.63259206149542,65.84739300557804,65.11411092131016,65.30668640136719,163777600,0.0,0.0,0.0
2009-07-10,64.95854957883918,65.54369570682476,64.6993090540404,65.15113067626953,173520300,0.0,0.0,0.0
2009-07-13,65.41037699577568,66.78806179363501,64.87707892550496,66.73621368408203,217413500,0.0,0.0,0.0
2009-07-14,66.94362181097172,67.1732397651075,66.46217738844443,67.11398315429688,181487400,0.0,0.0,0.0
2009-07-15,68.00280789325883,69.26198540970425,67.16582947927891,69.07681274414062,220877900,0.0,0.0,0.0
2009-07-16,68.88422182880298,70.00266615261013,68.75089730244834,68.9656982421875,231174500,0.0,0.0,0.0
2009-07-17,69.66934329976297,69.86192440286611,69.28418674457647,69.72119140625,138561700,0.0,0.0,0.0
2009-07-20,70.12855990169402,70.58038145012267,69.76562322625777,70.46186828613281,164179400,0.0,0.0,0.0
2009-07-21,71.0099977937745,71.03221760383666,69.93599321560505,70.78778839111328,217718300,0.0,0.0,0.0
2009-07-22,70.33597698384146,71.2025836084779,70.28412886914579,70.77298736572266,196068100,0.0,0.0,0.0
2009-07-23,70.81742797283634,72.6469346397469,70.75817136921492,72.33584594726562,258795500,0.0,0.0,0.0
2009-07-24,71.99514654624346,72.6913977360342,71.6173982909942,72.63214111328125,154003100,0.0,0.0,0.0
2009-07-27,72.4988135065731,72.88397588734188,72.09883979624662,72.84693908691406,159259400,0.0,0.0,0.0
2009-07-28,72.3358470235835,72.86173667375176,71.89142814083097,72.5062026977539,186685200,0.0,0.0,0.0
2009-07-29,72.17289345819081,72.65433782461157,71.83217646226838,72.32843780517578,194399300,0.0,0.0,0.0
2009-07-30,73.20245944638037,73.94315010802293,73.03209810775321,73.08394622802734,225575400,0.0,0.0,0.0
2009-07-31,73.0691373871326,73.67650352430188,72.86914773711332,73.1876449584961,207358000,0.0,0.0,0.0
2009-08-03,73.95800882234147,74.46167902101874,73.55803493065439,74.39501953125,175776900,0.0,0.0,0.0
2009-08-04,74.06165761105896,74.69124354270433,73.90611325037162,74.5875473022461,176714600,0.0,0.0,0.0
2009-08-05,74.63939275811532,74.70605785375665,73.75797474568381,74.37274932861328,184726400,0.0,0.0,0.0
2009-08-06,74.7134739870819,74.82457307281665,73.63946906646558,73.98759460449219,193203800,0.0,0.0,0.0
2009-08-07,74.76532547635304,75.57267567448417,74.35794330691502,74.95790100097656,220640900,0.0,0.0,0.0
2009-08-10,74.61715739703,74.97269131399365,74.2690319671543,74.80233001708984,130898700,0.0,0.0,0.0
2009-08-11,74.46903719647489,74.52088531493658,73.66908995361932,73.86907958984375,157301000,0.0,0.0,0.0
2009-08-12,73.74316060285848,75.22454192891685,73.7061294603198,74.66162109375,219052400,0.0,0.0,0.0
2009-08-13,75.00231374177667,75.26155425936878,74.26162331950242,75.23192596435547,176449500,0.0,0.0,0.0
2009-08-14,75.194898604307,75.25415520175811,73.84684209290518,74.6541976928711,199616100,0.0,0.0,0.0
2009-08-17,73.21726486288833,73.29133279286938,72.6691553998035,72.81729125976562,237667500,0.0,0.0,0.0
2009-08-18,72.9802346561927,73.65426572918092,72.84691013906426,73.39501953125,173461500,0.0,0.0,0.0
2009-08-19,72.81727313311956,74.29125113261823,72.74320522157647,74.03941345214844,192812800,0.0,0.0,0.0
2009-08-20,74.13570745467041,74.97269131399365,73.97276029587447,74.80233001708984,174131300,0.0,0.0,0.0
2009-08-21,75.41712547869824,76.38742846975467,75.2689896017964,76.2689208984375,224605000,0.0,0.0,0.0
2009-08-24,76.5800176403132,76.99480265983932,75.98746276868553,76.26152038574219,191279000,0.0,0.0,0.0
2009-08-25,76.56518178366522,77.22439590038378,76.24668463112545,76.40963745117188,215310600,0.0,0.0,0.0
2009-08-26,76.1726163462216,76.7651710691636,75.91337577406722,76.41704559326172,194620700,0.0,0.0,0.0
2009-08-27,76.37261662676681,76.82443839459441,75.50600988559772,76.58741760253906,196230100,0.0,0.0,0.0
2009-08-28,77.2021698478272,77.29104908719837,76.04668887682374,76.57257843017578,147024400,0.0,0.0,0.0
2009-08-31,75.82450723804523,75.98005160332183,75.39490528574525,75.89116668701172,176051600,0.0,0.0,0.0
2009-09-01,75.51344092732532,76.46893294151658,74.06168732739066,74.21723175048828,321276800,0.0,0.0,0.0
2009-09-02,73.90610930688166,74.394967829547,73.75056495449385,73.93573760986328,171805000,0.0,0.0,0.0
2009-09-03,74.36531872942409,74.63937056607558,73.76535565111966,74.55049133300781,143572300,0.0,0.0,0.0
2009-09-04,74.69865176134084,75.61710659537135,74.47644795445767,75.59488677978516,142687900,0.0,0.0,0.0
2009-09-08,76.29115137002992,76.32818816993884,75.83932953604796,76.24671173095703,132909100,0.0,0.0,0.0
2009-09-09,76.38001120023176,77.0910734468497,76.14299045135911,76.83183288574219,154612500,0.0,0.0,0.0
2009-09-10,76.88369171587765,77.66882199640249,76.45408978271377,77.61697387695312,162902400,0.0,0.0,0.0
2009-09-11,77.76507221428648,77.99469004761565,77.23918278482164,77.60211944580078,152360100,0.0,0.0,0.0
2009-09-14,76.94289858204341,78.11319049444798,76.4021978820584,77.97986602783203,149593800,0.0,0.0,0.0
2009-09-15,78.10582700973588,78.59468555265086,77.59475430244073,78.30581665039062,196795900,0.0,0.0,0.0
2009-09-16,78.58728505818155,79.50573997800288,78.31323310565827,79.49092864990234,206406300,0.0,0.0,0.0
2009-09-17,79.37983936341799,80.03905378714562,78.93542597060494,79.3724365234375,229170900,0.0,0.0,0.0
2009-09-18,79.74300303206931,79.75044680592275,79.15506981223619,79.42298889160156,153799100,0.508,0.0,0.0
2009-09-21,78.80530818183851,79.63139129341643,78.63414108113312,79.2220687866211,151892000,0.0,0.0,0.0
2009-09-22,79.69092308434718,79.90674714354118,79.33369568479992,79.68347930908203,143126700,0.0,0.0,0.0
2009-09-23,79.86955761936407,80.39795226107333,78.87974529937387,79.02114868164062,225947400,0.0,0.0,0.0
2009-09-24,79.19231318080465,79.36348029910826,77.80806596924386,78.15040588378906,228636800,0.0,0.0,0.0
2009-09-25,77.97923611699359,78.41088433477385,77.46572338625712,77.733642578125,204059000,0.0,0.0,0.0
2009-09-28,78.03133324422801,79.29650850073529,78.01645136781801,79.12533569335938,118285800,0.0,0.0,0.0
2009-09-29,79.26672961313567,79.64627703466181,78.72344750300365,78.88717651367188,133733900,0.0,0.0,0.0
2009-09-30,79.15509037834711,79.22951110241,77.86015161025347,78.58203887939453,254383000,0.0,0.0,0.0
2009-10-01,76.65452016984572,78.6862395619604,76.61730696654938,76.63219451904297,281840600,0.0,0.0,0.0
2009-10-02,75.92519491424873,76.72895253264447,75.90286926006083,76.27497863769531,224748800,0.0,0.0,0.0
2009-10-05,76.5801063041762,77.6368955084234,76.35683842026454,77.41362762451172,149875000,0.0,0.0,0.0
2009-10-06,77.97175812962242,78.96901372356737,77.92710684321474,78.5224838256836,202491100,0.0,0.0,0.0
2009-10-07,78.34388641455361,78.8201915233533,78.19504497163545,78.73832702636719,159200300,0.0,0.0,0.0
2009-10-08,79.29650470083072,79.75791666062831,78.77554820443147,79.34115600585938,183305800,0.0,0.0,0.0
2009-10-09,79.36348772251536,79.82490539550781,79.1551073792086,79.82490539550781,135008300,0.0,0.0,0.0
2009-10-12,80.19702055695961,80.44260844903073,79.83979302985963,80.13748168945312,118031000,0.0,0.0,0.0
2009-10-13,79.921629294071,80.15977900195172,79.45277365360054,79.97372436523438,157692700,0.0,0.0,0.0
2009-10-14,80.91144628755966,81.43239703115077,79.94395984610497,81.35053253173828,191421600,0.0,0.0,0.0
2009-10-15,80.95610033528614,81.64822387695312,80.91889281115886,81.64822387695312,173873600,0.0,0.0,0.0
2009-10-16,80.97099454088678,81.3207725505252,80.54679012100304,81.03797149658203,192069400,0.0,0.0,0.0
2009-10-19,81.17193293177075,81.96080293245616,80.91890130058414,81.70777130126953,159530400,0.0,0.0,0.0
2009-10-20,81.82681256731,81.85658198530204,80.88165767729006,81.27609252929688,180921100,0.0,0.0,0.0
2009-10-21,81.14959871032812,82.09475385599015,80.48724459517769,80.54678344726562,225379300,0.0,0.0,0.0
2009-10-22,80.51700876636703,81.62589284393208,80.00349613701285,81.36541748046875,238444000,0.0,0.0,0.0
2009-10-23,81.63334258389744,81.68543766039637,80.1002483593305,80.43515014648438,240033200,0.0,0.0,0.0
2009-10-26,80.52445971772818,81.35054291510261,79.34115472999278,79.56442260742188,242028200,0.0,0.0,0.0
2009-10-27,79.65371899639268,79.9216381572123,79.00625242269325,79.19974517822266,253266300,0.0,0.0,0.0
2009-10-28,78.99881155365293,79.2444050730981,77.6592157002591,77.70387268066406,248821400,0.0,0.0,0.0
2009-10-29,78.28439737682649,79.52724172744917,78.09834262932225,79.37095642089844,198110600,0.0,0.0,0.0
2009-10-30,79.11046811217433,79.34861792333633,76.98200169081541,77.07130432128906,325608100,0.0,0.0,0.0
2009-11-02,77.49548324123775,78.44808784903405,76.71405709312116,77.63688659667969,254222900,0.0,0.0,0.0
2009-11-03,77.20528054066224,77.99415657303562,77.0564390059189,77.88252258300781,228362600,0.0,0.0,0.0
2009-11-04,78.522511758107,79.13277082715092,77.88248326155633,78.08341979980469,247996700,0.0,0.0,0.0
2009-11-05,78.63410609374542,79.54204762476631,78.47037716387669,79.51972198486328,180015300,0.0,0.0,0.0
2009-11-06,79.08067519423192,79.92908399944567,78.92438995937019,79.72814178466797,170954100,0.0,0.0,0.0
2009-11-09,80.33837806413597,81.58866526636523,80.27884490436206,81.54401397705078,159495700,0.0,0.0,0.0
2009-11-10,81.35054910347424,81.81196676889019,81.09751745588183,81.55892944335938,171899800,0.0,0.0,0.0
2009-11-11,82.09474951016955,82.47430257471615,81.58124255242231,81.97567749023438,169466200,0.0,0.0,0.0
2009-11-12,81.8640669018766,82.28827138506877,80.93379341435526,81.14217376708984,157144500,0.0,0.0,0.0
2009-11-13,81.35051857846652,81.93100807259864,80.93375805507654,81.58123016357422,150963000,0.0,0.0,0.0
2009-11-16,82.14683888646135,83.12176901688197,82.10218759182446,82.76454162597656,210922200,0.0,0.0,0.0
2009-11-17,82.54871195158276,82.8984955435877,82.23614155453271,82.86128234863281,147134100,0.0,0.0,0.0
2009-11-18,82.80178888953762,82.92830472835077,82.28827607819838,82.8092269897461,156486800,0.0,0.0,0.0
2009-11-19,82.24362296857858,82.83899461477877,81.21659736833547,81.73011016845703,208734600,0.0,0.0,0.0
2009-11-20,81.30589788170835,81.68545103143656,81.12728697275206,81.43985748291016,134196000,0.0,0.0,0.0
2009-11-23,82.39989109806139,83.15899163439109,82.31058281463646,82.47431182861328,148010200,0.0,0.0,0.0
2009-11-24,82.60828148486347,82.75712296411125,81.8715065100915,82.60083770751953,138420100,0.0,0.0,0.0
2009-11-25,82.7347975067086,82.98039105819595,82.4743220784365,82.89108276367188,109564800,0.0,0.0,0.0
2009-11-27,80.67327976780257,82.10217780522571,80.59141528543536,81.54401397705078,126001800,0.0,0.0,0.0
2009-11-30,81.47705708850366,82.01288972591371,80.46491931016666,81.81939697265625,160874800,0.0,0.0,0.0
2009-12-01,82.54872862761465,83.0994544989323,82.40733094968175,82.83153533935547,159613700,0.0,0.0,0.0
2009-12-02,82.81664480233586,83.35992687799067,82.5487256524153,82.79431915283203,132315100,0.0,0.0,0.0
2009-12-03,83.01759070092629,83.48644639519905,82.0798736344432,82.1468505859375,167324900,0.0,0.0,0.0
2009-12-04,83.23342757222646,83.63530640415784,81.89383714372735,82.61573028564453,274907800,0.0,0.0,0.0
2009-12-07,82.54131280482969,83.00272484355928,82.22873658234369,82.48921203613281,127973800,0.0,0.0,0.0
2009-12-08,81.89380569098502,82.43708202476319,81.3207542574563,81.57379150390625,169863700,0.0,0.0,0.0
2009-12-09,81.5514844090069,81.99801448192252,81.13471808673945,81.87893676757812,155063400,0.0,0.0,0.0
2009-12-10,82.38499095656529,82.69756706182129,82.19893631964626,82.34033966064453,138014600,0.0,0.0,0.0
2009-12-11,82.69013977050781,82.87619444451617,82.3180304224911,82.69013977050781,124854000,0.0,0.0,0.0
2009-12-14,83.25570678710938,83.35245312614552,82.70498113369824,83.25570678710938,107141500,0.0,0.0,0.0
2009-12-15,82.9505854897995,83.29292528609592,82.60824569350306,82.86872100830078,120408800,0.0,0.0,0.0
2009-12-16,83.20365578801365,83.44924365221308,82.80921509400235,82.99526977539062,155358200,0.0,0.0,0.0
2009-12-17,82.39988746883247,82.55617269948934,81.92358800075324,81.99800872802734,183390100,0.0,0.0,0.0
2009-12-18,82.45443021071586,82.52925731154461,81.76606426773932,82.4619140625,174591200,0.59,0.0,0.0
2009-12-21,82.87342337046505,83.57675116497045,82.87342337046505,83.29991149902344,118039600,0.0,0.0,0.0
2009-12-22,83.47950909911151,83.77880040600945,83.37475799797326,83.59922790527344,91707500,0.0,0.0,0.0
2009-12-23,83.8012303804611,83.88353561697953,83.42711774483405,83.7638168334961,111783100,0.0,0.0,0.0
2009-12-24,83.94338388810826,84.25015324025938,83.80121927868174,84.16036987304688,39677500,0.0,0.0,0.0
2009-12-28,84.47463133401439,84.54196886600705,84.04065932170961,84.33995056152344,87508500,0.0,0.0,0.0
2009-12-29,84.55694254120026,84.57190453542043,84.21275958907651,84.2202377319336,80572500,0.0,0.0,0.0
2009-12-30,83.97334252475211,84.2875958353258,83.92844511716515,84.19032287597656,73138400,0.0,0.0,0.0
2009-12-31,84.37737573766427,84.39982729478106,83.34482674205559,83.38224029541016,90637900,0.0,0.0,0.0
2010-01-04,84.07809101327615,84.84127841643372,83.43461670677748,84.79638671875,118944600,0.0,0.0,0.0
2010-01-05,84.74401138748014,85.05826468909152,84.43723622983082,85.0208511352539,111579900,0.0,0.0,0.0
2010-01-06,84.93853909234362,85.29020591967505,84.8712015510281,85.08070373535156,116074400,0.0,0.0,0.0
2010-01-07,84.92357256363152,85.54460094008545,84.68414069311395,85.43984985351562,131091100,0.0,0.0,0.0
2010-01-08,85.21537347055455,85.76158041610933,85.04328485940425,85.72416687011719,126402800,0.0,0.0,0.0
2010-01-11,86.10575737798148,86.14316521287482,85.47724524161757,85.84387969970703,106375700,0.0,0.0,0.0
2010-01-12,85.27522954749925,85.4548020025721,84.71406063045438,85.04328155517578,163333500,0.0,0.0,0.0
2010-01-13,85.260258573059,86.00100562524415,84.82629229900213,85.7615737915039,161822000,0.0,0.0,0.0
2010-01-14,85.66428652826158,86.1506339646809,85.61191100178593,85.9935073852539,115718800,0.0,0.0,0.0
2010-01-15,85.84388113306966,85.92618065461131,84.69909176291749,85.02831268310547,212283100,0.0,0.0,0.0
2010-01-19,85.01335692124464,86.14317296468444,84.99090536808197,86.0907974243164,139172700,0.0,0.0,0.0
2010-01-20,85.50718521398944,85.63438214322741,84.53449576225056,85.21537780761719,216490200,0.0,0.0,0.0
2010-01-21,85.23782811155172,85.49970583500635,83.47201587839159,83.57676696777344,344859600,0.0,0.0,0.0
2010-01-22,83.202619752506,83.60666194741306,81.62386450719471,81.71365356445312,345942400,0.0,0.0,0.0
2010-01-25,82.4618960755135,82.61154453602265,81.86331935899211,82.13267517089844,186937500,0.0,0.0,0.0
2010-01-26,81.81095139979378,82.65644964056212,81.5864872353422,81.78850555419922,211168800,0.0,0.0,0.0
2010-01-27,81.68375795830504,82.36464574912354,81.05525142078604,82.1775894165039,271863600,0.0,0.0,0.0
2010-01-28,82.44693675663659,82.49182844199218,80.74098421106099,81.23480987548828,316104000,0.0,0.0,0.0
2010-01-29,81.58650181582514,82.15515474270501,80.2247317574994,80.3519287109375,310677600,0.0,0.0,0.0
2010-02-01,80.92057358135591,81.60893954043578,80.43422595712318,81.60145568847656,187865000,0.0,0.0,0.0
2010-02-02,81.75109504519604,82.74623032126817,81.46676578759902,82.58910369873047,216327900,0.0,0.0,0.0
2010-02-03,82.21499725792408,82.66393702301623,81.93815753909101,82.1775894165039,172730700,0.0,0.0,0.0
2010-02-04,81.5415830450028,81.57899087909098,79.62612269262704,79.6410903930664,356715700,0.0,0.0,0.0
2010-02-05,79.7309132342139,79.97034518323376,78.2494298335623,79.80574035644531,493585800,0.0,0.0,0.0
2010-02-08,79.86556647053058,80.30702236344926,79.16971671713799,79.22957611083984,224166900,0.0,0.0,0.0
2010-02-09,80.157350073299,80.92054284507239,79.51387605337409,80.22469329833984,337820500,0.0,0.0,0.0
2010-02-10,80.09750323787829,80.50902363832388,79.3941697820376,80.06757354736328,240511500,0.0,0.0,0.0
2010-02-11,79.96282663084298,80.99537531887631,79.4989249665645,80.90558624267578,223591600,0.0,0.0,0.0
2010-02-12,80.05261803866573,80.88314852429394,79.69347311480281,80.8382568359375,304622100,0.0,0.0,0.0
2010-02-16,81.45180095836841,82.19254235554693,80.67364601538563,82.11023712158203,159317500,0.0,0.0,0.0
2010-02-17,82.50681438673584,82.61157119715281,82.11025582828962,82.49933624267578,168845100,0.0,0.0,0.0
2010-02-18,82.36465119109374,83.15776826708161,82.33472149087635,82.98567962646484,193708600,0.0,0.0,0.0
2010-02-19,82.76870875117794,83.47952070897276,82.5741685183627,83.15778350830078,222684900,0.0,0.0,0.0
2010-02-22,83.4645292547798,83.4869750990087,82.92580615926389,83.17272186279297,132346900,0.0,0.0,0.0
2010-02-23,82.9482748183571,83.2026687342629,81.94564973515213,82.16263580322266,207497000,0.0,0.0,0.0
2010-02-24,82.4095263177648,83.05300047179428,82.2000241668725,82.91831970214844,176350700,0.0,0.0,0.0
2010-02-25,81.73614397931978,82.86596597153485,81.51167977651009,82.80610656738281,259634700,0.0,0.0,0.0
2010-02-26,82.8809129474131,83.14279636598911,82.38708722392462,82.85846710205078,173589300,0.0,0.0,0.0
2010-03-01,83.20268612186702,83.80126889739462,83.1802402667737,83.71896362304688,147709700,0.0,0.0,0.0
2010-03-02,84.07808460592936,84.35492433189098,83.80123917146133,83.95088195800781,160992400,0.0,0.0,0.0
2010-03-03,84.1678776399232,84.52702836070165,83.81621077188163,84.02571868896484,150785000,0.0,0.0,0.0
2010-03-04,84.13793332664773,84.39981675039803,83.82368006835462,84.28009796142578,135770400,0.0,0.0,0.0
2010-03-05,84.82631256734632,85.55208638379925,84.62428851993153,85.48474884033203,176118800,0.0,0.0,0.0
2010-03-08,85.49221668201612,85.68675113238353,85.35005206108912,85.49969482421875,114631200,0.0,0.0,0.0
2010-03-09,85.24532527714382,86.0384424230515,85.20043357711346,85.64188385009766,154556700,0.0,0.0,0.0
2010-03-10,85.67930024487956,86.25543134555275,85.60447883951396,86.02348327636719,186088800,0.0,0.0,0.0
2010-03-11,85.82143754495907,86.40505805994813,85.55955983801223,86.38260650634766,160791100,0.0,0.0,0.0
2010-03-12,86.7567120728176,86.7716797739974,86.15065147066018,86.39008331298828,162074800,0.0,0.0,0.0
2010-03-15,86.2404403879971,86.4723883792936,85.74660900310151,86.41252899169922,146816800,0.0,0.0,0.0
2010-03-16,86.65195146337528,87.18319062669224,86.41251964739435,87.10089111328125,168673000,0.0,0.0,0.0
2010-03-17,87.36281644235653,87.90153974941137,87.10841678802157,87.6172103881836,177468100,0.0,0.0,0.0
2010-03-18,87.62467168903305,87.74438477728444,87.22062931273511,87.57229614257812,196509100,0.0,0.0,0.0
2010-03-19,87.12901306152344,88.12073738195929,86.79092170763928,87.12901306152344,226641100,0.48,0.0,0.0
2010-03-22,86.63315430155838,87.7526051603953,86.58056307364089,87.5948257446289,184477800,0.0,0.0,0.0
2010-03-23,87.72254897920718,88.28602885699651,87.43704883930513,88.21089935302734,182941600,0.0,0.0,0.0
2010-03-24,87.88031968987355,88.22591998207352,86.83600414352632,87.78264617919922,196072600,0.0,0.0,0.0
2010-03-25,88.3761773326104,88.78188351117642,87.53471776107797,87.63990020751953,223396300,0.0,0.0,0.0
2010-03-26,87.80519800637305,88.21841316704968,87.24171809743889,87.58731842041016,205808500,0.0,0.0,0.0
2010-03-29,88.03056004682846,88.30103078030712,87.66993622353179,88.14325714111328,134513500,0.0,0.0,0.0
2010-03-30,88.24846095524788,88.52644642425504,87.83524581873927,88.20338439941406,145772500,0.0,0.0,0.0
2010-03-31,87.86528730401311,88.2935317525452,87.60984586159654,87.9028549194336,161078700,0.0,0.0,0.0
2010-04-01,88.50389099121094,88.84197655845922,87.97797310303152,88.50389099121094,161215200,0.0,0.0,0.0
2010-04-05,88.84199078369672,89.28525885315375,88.59405827094268,89.22515869140625,105847600,0.0,0.0,0.0
2010-04-06,88.96971949576731,89.59330530248684,88.87205170864813,89.43553161621094,110384200,0.0,0.0,0.0
2010-04-07,89.2552288470178,89.67595872043607,88.51143116534884,88.92465209960938,184576300,0.0,0.0,0.0
2010-04-08,88.61660252246858,89.38293838955262,88.35364638455304,89.23267364501953,158704000,0.0,0.0,0.0
2010-04-09,89.42050540093287,89.85626458702924,89.25522277049576,89.8187026977539,133006500,0.0,0.0,0.0
2010-04-12,89.93137283772575,90.19433466055982,89.82619040139726,89.96142578125,110279000,0.0,0.0,0.0
2010-04-13,89.87127145264715,90.18681875731379,89.40545943241584,90.02904510498047,125043600,0.0,0.0,0.0
2010-04-14,90.35963590543388,91.05084228515625,90.21689155924211,91.05084228515625,161609000,0.0,0.0,0.0
2010-04-15,90.90058229374903,91.33634148959325,90.87052934244794,91.1259765625,144615300,0.0,0.0,0.0
2010-04-16,90.80290118170444,91.12596319578518,89.21764405819356,89.67594146728516,366786700,0.0,0.0,0.0
2010-04-19,89.41300384914346,90.10420457466694,89.00729758015846,90.01404571533203,217947800,0.0,0.0,0.0
2010-04-20,90.57752948474237,90.89308263963025,90.05913178488396,90.81794738769531,157708000,0.0,0.0,0.0
2010-04-21,90.87052277594496,91.08089341985074,90.14926919288129,90.65264892578125,192910100,0.0,0.0,0.0
2010-04-22,90.01403832933038,91.03581572322632,89.49564069373167,90.9231185913086,115360300,0.0,0.0,0.0
2010-04-23,90.86302947067946,91.554230223535,90.6301205078581,91.51666259765625,177335500,0.0,0.0,0.0
2010-04-26,91.54669664915802,91.74955261579316,91.08089028372603,91.1710433959961,143457300,0.0,0.0,0.0
2010-04-27,90.64513483498892,91.16353244774676,88.84199799979535,89.01480102539062,355853300,0.0,0.0,0.0
2010-04-28,89.44302175134037,89.9163426803306,88.85699799333644,89.69094848632812,300674100,0.0,0.0,0.0
2010-04-29,90.23188494394763,90.99070590737276,90.20934667220438,90.8028793334961,193775000,0.0,0.0,0.0
2010-04-30,90.8179068106412,90.91558030171053,89.24016466919004,89.26270294189453,270000900,0.0,0.0,0.0
2010-05-03,89.69097809402642,90.66767894777048,89.55574267938516,90.41974639892578,182747900,0.0,0.0,0.0
2010-05-04,89.41297635998974,89.42799996591934,87.84274300174445,88.29352569580078,360353400,0.0,0.0,0.0
2010-05-05,87.57229022148677,88.50391447678939,87.12902210537858,87.76763153076172,328973200,0.0,0.0,0.0
2010-05-06,87.34688371183837,87.90284884314765,78.88717203872226,84.85254669189453,647356600,0.0,0.0,0.0
2010-05-07,84.6271711762749,85.47614553273705,82.20045417685874,83.59037017822266,637558800,0.0,0.0,0.0
2010-05-10,87.00881240576767,87.63991290788655,86.33264107551679,87.27177429199219,396159600,0.0,0.0,0.0
2010-05-11,86.45283209793178,88.17332453887423,86.33262604779434,87.0238265991211,317849800,0.0,0.0,0.0
2010-05-12,87.3694540334272,88.36869328811699,87.21918925902928,88.240966796875,235607100,0.0,0.0,0.0
2010-05-13,88.00053966033123,88.413760581568,87.0689210848327,87.14405059814453,234452500,0.0,0.0,0.0
2010-05-14,86.49040127198099,86.64817493988797,84.79996174610342,85.56629180908203,345601400,0.0,0.0,0.0
2010-05-17,85.79917758910722,86.03959537700898,83.9735030418491,85.6113510131836,325739800,0.0,0.0,0.0
2010-05-18,86.31006719630825,86.56551432344091,84.16884535010517,84.44683074951172,360556800,0.0,0.0,0.0
2010-05-19,83.97353524502012,84.72484183683461,82.91419593120916,83.96602630615234,394742700,0.0,0.0,0.0
2010-05-20,82.1778951578759,82.56106304171063,80.74290285882924,80.79549407958984,530418300,0.0,0.0,0.0
2010-05-21,79.57088820724209,82.17791740738029,79.1576672665207,81.97506713867188,500909400,0.0,0.0,0.0
2010-05-24,81.53180491627187,82.18544384370615,80.84811876340625,80.92324829101562,269823000,0.0,0.0,0.0
2010-05-25,78.96984194235742,81.04344988825277,78.42138556922751,81.0058822631836,396505200,0.0,0.0,0.0
2010-05-26,81.50174023578516,82.24553214424817,80.27710684316871,80.51752471923828,349719300,0.0,0.0,0.0
2010-05-27,82.03517805321037,83.24478226406148,81.72713956368236,83.21472930908203,300870500,0.0,0.0,0.0
2010-05-28,83.12454392317512,83.18464981395718,81.77970470999634,82.1703872680664,297933500,0.0,0.0,0.0
2010-06-01,81.40405785401248,82.60614710355496,80.66778069642369,80.7879867553711,277909400,0.0,0.0,0.0
2010-06-02,81.20122266518604,82.89917153697216,80.77297811157418,82.89166259765625,240243700,0.0,0.0,0.0
2010-06-03,83.13207035316424,83.44010305597624,82.32817257927051,83.1771469116211,226618300,0.0,0.0,0.0
2010-06-04,81.59939398168933,82.14033554273608,79.98408396801179,80.25455474853516,398475600,0.0,0.0,0.0
2010-06-07,80.54005106016133,80.84808946334418,79.19521752689091,79.25531768798828,264609100,0.0,0.0,0.0
2010-06-08,79.31541222277549,80.26205984165956,78.62421174702449,80.10428619384766,357774300,0.0,0.0,0.0
2010-06-09,80.57012216748035,81.35148175800155,79.33797974104704,79.67607116699219,268023300,0.0,0.0,0.0
2010-06-10,81.03591801049497,82.10277184456272,79.66854043572842,82.0051040649414,317890600,0.0,0.0,0.0
2010-06-11,81.28385986629344,82.45589628447513,81.23126863552925,82.40330505371094,214128200,0.0,0.0,0.0
2010-06-14,83.03437374409546,83.48516213136764,82.19291431614728,82.27555847167969,207196100,0.0,0.0,0.0
2010-06-15,82.85409114405671,84.22146893029432,82.71134105544479,84.1463394165039,238268700,0.0,0.0,0.0
2010-06-16,83.71056578966754,84.46187226216216,83.54527744859656,84.11627197265625,216374000,0.0,0.0,0.0
2010-06-17,84.35669307176667,84.39426068964737,83.43258928484421,84.25151062011719,263185800,0.0,0.0,0.0
2010-06-18,84.41837485449784,84.64483578273743,84.07113015710077,84.34288787841797,174006600,0.531,0.0,0.0
2010-06-21,85.3921335512056,85.45251964902765,83.63325958814792,84.10128784179688,213140700,0.0,0.0,0.0
2010-06-22,84.10128706583356,84.47117710845046,82.59152520780687,82.7123031616211,239355400,0.0,0.0,0.0
2010-06-23,82.76513321430575,83.05953627539148,81.88947445189996,82.45563507080078,254639900,0.0,0.0,0.0
2010-06-24,82.04803487607712,82.1537177774157,80.87796677788926,81.0893325805664,268523600,0.0,0.0,0.0
2010-06-25,81.33087027645239,81.84418954232177,80.59863484844766,81.42900848388672,238726500,0.0,0.0,0.0
2010-06-28,81.54980382901684,81.76872003783589,80.87796011473472,81.17236328125,169218600,0.0,0.0,0.0
2010-06-29,80.03249356354587,81.15727057559174,78.1679420406485,78.6661605834961,373649500,0.0,0.0,0.0
2010-06-30,78.44724535691113,79.17193054791359,77.66216829350365,77.91883087158203,284101700,0.0,0.0,0.0
2010-07-01,77.86598213078797,78.12263892554412,76.34111917143942,77.57157897949219,382924800,0.0,0.0,0.0
2010-07-02,77.8357940827779,78.06980539103158,76.71102280723102,77.14884948730469,233385200,0.0,0.0,0.0
2010-07-06,78.23588088263274,78.78694664887476,76.90728846373835,77.65462493896484,256935300,0.0,0.0,0.0
2010-07-07,77.85087774014667,80.19855817975063,77.76784036696824,80.10042572021484,253769400,0.0,0.0,0.0
2010-07-08,80.77228265837829,80.9836484578677,79.94946497332502,80.89306640625,210842100,0.0,0.0,0.0
2010-07-09,80.8704108008577,81.5045139246355,80.71943688339363,81.49696350097656,144999900,0.0,0.0,0.0
2010-07-12,81.22518278555205,81.70830609544075,80.88548868804048,81.5497817993164,131283600,0.0,0.0,0.0
2010-07-13,82.39525204524598,83.10483618060273,82.22917732443346,82.78024291992188,213025900,0.0,0.0,0.0
2010-07-14,82.51605774771296,83.09731946605044,82.17636352946415,82.77272033691406,184426800,0.0,0.0,0.0
2010-07-15,82.74251530547305,83.08220948638731,81.6554847116905,82.79535675048828,232337900,0.0,0.0,0.0
2010-07-16,82.34999624413581,82.4405840712699,80.3571101214826,80.51564025878906,282693400,0.0,0.0,0.0
2010-07-19,80.81001059869821,81.24783718671502,80.18345800783057,80.99118041992188,186709000,0.0,0.0,0.0
2010-07-20,79.91923358276864,81.94985904928721,79.88148723848215,81.88947296142578,258162400,0.0,0.0,0.0
2010-07-21,82.31222016514553,82.33486567234874,80.49295429602626,80.82510375976562,264527000,0.0,0.0,0.0
2010-07-22,81.78381123026152,82.99162553301522,81.77626656635125,82.62928009033203,274781300,0.0,0.0,0.0
2010-07-23,82.46322017121726,83.46721354330758,82.22920884361969,83.346435546875,222020800,0.0,0.0,0.0
2010-07-26,83.48986093089904,84.29758359771157,83.25584959805109,84.21454620361328,184445700,0.0,0.0,0.0
2010-07-27,84.67500037824324,84.76558817157563,83.87482836130447,84.20697784423828,204855600,0.0,0.0,0.0
2010-07-28,84.03334217957556,84.29000468230295,83.38414414002797,83.6634521484375,163056200,0.0,0.0,0.0
2010-07-29,84.18434472103033,84.4108113735301,82.59155076645048,83.25584411621094,220149100,0.0,0.0,0.0
2010-07-30,82.41036984141299,83.68612076717235,82.26694634605298,83.24073791503906,220070600,0.0,0.0,0.0
2010-08-02,84.53910745939046,85.2562477451992,84.19941336983328,85.12036895751953,188263200,0.0,0.0,0.0
2010-08-03,84.90899339539993,85.12790375530476,84.43341481398714,84.71272277832031,146657300,0.0,0.0,0.0
2010-08-04,84.94678109083733,85.38461357203659,84.66747873088576,85.2789306640625,158171700,0.0,0.0,0.0
2010-08-05,84.73539650372935,85.23362075319706,84.60706810951564,85.18832397460938,140473800,0.0,0.0,0.0
2010-08-06,84.35040588355352,84.97695852962491,83.73140366048976,84.84107971191406,239728300,0.0,0.0,0.0
2010-08-09,85.24116490569189,85.43743558696745,84.78823743752811,85.29400634765625,120800400,0.0,0.0,0.0
2010-08-10,84.56932701288657,85.2864674990538,84.07110849172219,84.83353424072266,242916300,0.0,0.0,0.0
2010-08-11,83.5275719401415,83.55776786696758,82.37260509564345,82.50848388671875,273406900,0.0,0.0,0.0
2010-08-12,81.2629586354872,82.29714214650241,81.22521227348955,82.00273895263672,239542600,0.0,0.0,0.0
2010-08-13,81.74605146184427,82.25182027092082,81.66301410402166,81.76114654541016,158698500,0.0,0.0,0.0
2010-08-16,81.20257977626001,81.98765700550682,80.90817653520335,81.72344970703125,147895300,0.0,0.0,0.0
2010-08-17,82.42546915958819,83.3313241759576,82.19145210225226,82.7274169921875,172270300,0.0,0.0,0.0
2010-08-18,82.68968242118498,83.32377982701483,82.21410936681261,82.87840270996094,182922100,0.0,0.0,0.0
2010-08-19,82.44809741225392,82.65191273252238,81.09685983486916,81.43655395507812,265847600,0.0,0.0,0.0
2010-08-20,81.1950087926303,81.48186729487594,80.58355694821945,81.17236328125,209714200,0.0,0.0,0.0
2010-08-23,81.55732774505891,81.95741367417133,80.82509239889443,80.86283874511719,163490300,0.0,0.0,0.0
2010-08-24,79.97961568144405,80.31176506489103,79.23983574830898,79.66256713867188,280677800,0.0,0.0,0.0
2010-08-25,79.22477048523044,80.27405477128731,78.7265519456074,79.97210693359375,272234800,0.0,0.0,0.0
2010-08-26,80.34953198814131,80.4552148628018,79.17191376304842,79.43612670898438,224439500,0.0,0.0,0.0
2010-08-27,79.9343523044379,80.74962520415049,78.74163888737154,80.66658782958984,272649000,0.0,0.0,0.0
2010-08-30,80.45522314832431,80.70433527537182,79.48897633233011,79.49652099609375,167238600,0.0,0.0,0.0
2010-08-31,79.20211784932317,80.0022956732377,78.87751876964212,79.49652099609375,273933100,0.0,0.0,0.0
2010-09-01,80.56845629792137,81.98763058620156,80.51561485525363,81.87439727783203,256828100,0.0,0.0,0.0
2010-09-02,82.07065722364273,82.65191301693666,81.89703207228843,82.6368179321289,156112200,0.0,0.0,0.0
2010-09-03,83.44456349976632,83.78425771553705,82.9991806238347,83.70877075195312,212197300,0.0,0.0,0.0
2010-09-07,83.31620227856483,83.42188513782513,82.69720020606147,82.76513671875,141973700,0.0,0.0,0.0
2010-09-08,82.93124858569887,83.67857935652944,82.89350222221505,83.346435546875,149924400,0.0,0.0,0.0
2010-09-09,84.28244984362746,84.3050953481228,83.50492347310642,83.73138427734375,147017900,0.0,0.0,0.0
2010-09-10,83.8823790361853,84.25226911465634,83.69365878563895,84.15413665771484,127819000,0.0,0.0,0.0
2010-09-13,84.98449657378752,85.26379883224837,84.64479669934849,85.09017944335938,178503500,0.0,0.0,0.0
2010-09-14,84.92408210731934,85.52043857500912,84.60703358301323,85.03731536865234,209823600,0.0,0.0,0.0
2010-09-15,84.78822734688029,85.46007092587892,84.53157059053679,85.3619384765625,168608400,0.0,0.0,0.0
2010-09-16,85.09772515009331,85.39212823605726,84.81086672633472,85.33928680419922,199962900,0.0,0.0,0.0
2010-09-17,85.78856430205205,85.8720462054312,85.1358907611514,85.37115478515625,195836900,0.602,0.0,0.0
2010-09-20,85.66714564090455,86.86624424355587,85.3939331544747,86.676513671875,214555200,0.0,0.0,0.0
2010-09-21,86.74482329402998,87.15463625059081,86.14527396778446,86.50196838378906,268389100,0.0,0.0,0.0
2010-09-22,86.36537481979522,86.8510847116156,85.83412564491012,86.07698059082031,191322400,0.0,0.0,0.0
2010-09-23,85.37116281832878,86.26669131056715,85.13589877218628,85.37875366210938,202354300,0.0,0.0,0.0
2010-09-24,86.32741863667995,87.2001805105909,86.25152755853946,87.13946533203125,209671800,0.0,0.0,0.0
2010-09-27,87.1698207207581,87.26847854083836,86.63857739706748,86.72205352783203,128761800,0.0,0.0,0.0
2010-09-28,86.83587370466658,87.30640753669172,85.89481183073298,87.02560424804688,209207500,0.0,0.0,0.0
2010-09-29,86.80553431124153,87.20776801118564,86.53232180831846,86.87384033203125,179665800,0.0,0.0,0.0
2010-09-30,87.31402723989554,87.87562821269665,86.20599540500997,86.61581420898438,287106700,0.0,0.0,0.0
2010-10-01,87.26846802181855,87.36713162012423,86.4640122885909,86.9800796508789,174638700,0.0,0.0,0.0
2010-10-04,86.7979724106256,87.1622519849513,85.89485274115577,86.32743835449219,166153200,0.0,0.0,0.0
2010-10-05,87.12429881440923,88.27785838067257,87.02563519109572,88.06536102294922,229634100,0.0,0.0,0.0
2010-10-06,88.05017892975837,88.28544882340867,87.70107530221777,88.05776977539062,148626600,0.0,0.0,0.0
2010-10-07,88.41444297914659,88.43720972044777,87.42025667487957,87.95149993896484,164860000,0.0,0.0,0.0
2010-10-08,88.07295383443386,88.68767917444282,87.73902609906166,88.44482421875,177760100,0.0,0.0,0.0
2010-10-11,88.5814141257225,88.77114470574156,88.2247197088678,88.52828979492188,103098300,0.0,0.0,0.0
2010-10-12,88.23990691417266,89.05954451450698,87.76937872110997,88.801513671875,182210000,0.0,0.0,0.0
2010-10-13,89.29478797543543,89.9702282637525,89.08228489777392,89.49210357666016,194347200,0.0,0.0,0.0
2010-10-14,89.4086269963418,89.56041491799579,88.58140453626686,89.14300537109375,217764300,0.0,0.0,0.0
2010-10-15,89.76534117965959,89.81846551643011,88.61178167116324,89.32516479492188,243705000,0.0,0.0,0.0
2010-10-18,89.35549353344385,90.06129137413505,89.0291567729067,89.76531219482422,141204800,0.0,0.0,0.0
2010-10-19,88.93811574669496,89.43900150765653,88.05017215979144,88.5890121459961,280604700,0.0,0.0,0.0
2010-10-20,88.7483874213404,89.88677102278348,88.6952630848778,89.45418548583984,200051800,0.0,0.0,0.0
2010-10-21,89.85639387454457,90.38004627995409,88.95327456112717,89.65148162841797,221585500,0.0,0.0,0.0
2010-10-22,89.78812384890009,89.95508773410867,89.55285971435315,89.8184814453125,108212400,0.0,0.0,0.0
2010-10-25,90.41800359714546,90.8885375140322,90.01577569905542,90.08407592773438,151145700,0.0,0.0,0.0
2010-10-26,89.62873209130409,90.19033303234448,89.45418318603666,90.0992660522461,158982900,0.0,0.0,0.0
2010-10-27,89.46936954007026,89.93990355599186,88.99125046833304,89.84123992919922,190024000,0.0,0.0,0.0
2010-10-28,90.35730824821596,90.39525668810911,89.42383684408175,89.8564224243164,168576000,0.0,0.0,0.0
2010-10-29,89.7653096628322,90.09923725678604,89.60593670847688,89.9246826171875,144305500,0.0,0.0,0.0
2010-11-01,90.36485862684789,90.88092591164603,89.4389726932292,89.95503997802734,174074800,0.0,0.0,0.0
2010-11-02,90.63049334406531,90.88093907519504,90.38763845663817,90.66844177246094,158345900,0.0,0.0,0.0
2010-11-03,90.82781601126649,91.08584679956604,89.89433908686868,91.03272247314453,226702800,0.0,0.0,0.0
2010-11-04,92.04211919155013,92.83139928051588,91.04793257675517,92.7858657836914,215039400,0.0,0.0,0.0
2010-11-05,92.84656975258538,93.2867461632084,92.72514517144866,93.13496398925781,180654100,0.0,0.0,0.0
2010-11-08,92.84654868390379,93.1121761132195,92.54298440488724,92.96038818359375,156107100,0.0,0.0,0.0
2010-11-09,93.21084449876791,93.30950232162834,91.92067879623812,92.29254913330078,186621600,0.0,0.0,0.0
2010-11-10,92.26977639621884,92.70995272830328,91.57156925643385,92.66441345214844,221387400,0.0,0.0,0.0
2010-11-11,91.86756142660704,92.45192914343343,91.58675804624608,92.31532287597656,158017600,0.0,0.0,0.0
2010-11-12,91.69301480109564,92.09524279345933,90.8050768794491,91.22248077392578,239068800,0.0,0.0,0.0
2010-11-15,91.5108697435124,91.8675642188311,91.05551743485569,91.09346008300781,163940800,0.0,0.0,0.0
2010-11-16,90.53185853174408,90.68364070364518,89.24168691010993,89.67427825927734,299566200,0.0,0.0,0.0
2010-11-17,89.71221201156733,90.09167319381241,89.4465903420194,89.71980285644531,172308900,0.0,0.0,0.0
2010-11-18,90.5849994783715,91.36668880819913,90.57740863134917,91.04035186767578,197723700,0.0,0.0,0.0
2010-11-19,90.99477701752588,91.32869886321687,90.5014764073867,91.29075622558594,156852900,0.0,0.0,0.0
2010-11-22,90.83541311267862,91.25281690899743,90.13720018717409,91.21487426757812,181361000,0.0,0.0,0.0
2010-11-23,90.13719540979609,90.32692597718989,89.5452369659462,89.89434051513672,222309000,0.0,0.0,0.0
2010-11-24,90.46355828565646,91.2452533122739,90.44838238354346,91.22248077392578,140046100,0.0,0.0,0.0
2010-11-26,90.43317798804031,90.92647281789439,90.15996551513672,90.15996551513672,76007800,0.0,0.0,0.0
2010-11-29,89.93228269095574,90.67602901107252,89.35550018495398,90.43317413330078,223642300,0.0,0.0,0.0
2010-11-30,89.53763649523164,90.44074990324508,89.40861533112994,89.9246826171875,233930700,0.0,0.0,0.0
2010-12-01,91.22245772325812,92.01173760643228,91.2148726691778,91.83718872070312,221037200,0.0,0.0,0.0
2010-12-02,91.98136936146886,93.08181003795156,91.92824503847432,93.01350402832031,191213600,0.0,0.0,0.0
2010-12-03,92.6947852277241,93.37022572787576,92.67201848122079,93.26397705078125,151288900,0.0,0.0,0.0
2010-12-06,93.06664248353877,93.37780341555462,92.96798466588677,93.1653060913086,103050500,0.0,0.0,0.0
2010-12-07,94.06082610197606,94.11395042820128,93.16529760980994,93.21842193603516,206581000,0.0,0.0,0.0
2010-12-08,93.3322633164976,93.63582759241747,92.89967785418261,93.5599365234375,138019200,0.0,0.0,0.0
2010-12-09,94.08359784065674,94.12154048133742,93.46128179034102,93.92422485351562,123705100,0.0,0.0,0.0
2010-12-10,94.21265117115584,94.5617548726022,93.90149591578582,94.47068786621094,117571700,0.0,0.0,0.0
2010-12-13,94.90322523610574,95.01705893618335,94.50099159873588,94.5313491821289,133812700,0.0,0.0,0.0
2010-12-14,94.67554518318809,95.03983038966062,94.32644166329858,94.61483001708984,147249600,0.0,0.0,0.0
2010-12-15,94.44029520521275,94.81216552019532,94.02288561382164,94.18225860595703,160823100,0.0,0.0,0.0
2010-12-16,94.24299642234746,94.79701239582725,93.91665951525533,94.72870635986328,185035200,0.0,0.0,0.0
2010-12-17,94.66235820584929,94.95226339274046,94.46399896188629,94.8302001953125,141075300,0.653,0.0,0.0
2010-12-20,95.0895229708936,95.28788207893786,94.58600316809465,95.05900573730469,119085500,0.0,0.0,0.0
2010-12-21,95.35656893152297,95.72277001941073,95.26502302497765,95.66173553466797,94965500,0.0,0.0,0.0
2010-12-22,95.73041892049146,95.98980679893387,95.67701519136685,95.95928955078125,78878100,0.0,0.0,0.0
2010-12-23,95.85247006414727,95.9592775089934,95.58545145203199,95.82195281982422,70053700,0.0,0.0,0.0
2010-12-27,95.46338903896536,95.95165334056983,95.39472959994424,95.860107421875,58126000,0.0,0.0,0.0
2010-12-28,96.05081735106569,96.08895953632069,95.74565076618327,95.9974136352539,55309100,0.0,0.0,0.0
2010-12-29,96.11187222563964,96.2797083533972,96.05083773159888,96.06609344482422,58033100,0.0,0.0,0.0
2010-12-30,95.97451714073412,96.2262741629541,95.76852724370119,95.91348266601562,76616900,0.0,0.0,0.0
2010-12-31,95.76856703165859,96.02796074669581,95.61598660203926,95.93640899658203,91218900,0.0,0.0,0.0
2011-01-03,96.66876800675907,97.34776054993418,95.89822374901264,96.92816162109375,138725200,0.0,0.0,0.0
2011-01-04,97.141789713028,97.17230695537943,96.27206867800325,96.87477111816406,137409700,0.0,0.0,0.0
2011-01-05,96.56959417590926,97.43931511781658,96.47804245865704,97.37828063964844,133975300,0.0,0.0,0.0
2011-01-06,97.41646802811319,97.52327549780449,96.89768639508236,97.18759155273438,122519000,0.0,0.0,0.0
2011-01-07,97.31727142276317,97.47748260411545,96.24156611352075,96.9968490600586,156034600,0.0,0.0,0.0
2011-01-10,96.56960451521863,97.01209579846106,96.27969362316449,96.87477111816406,122401700,0.0,0.0,0.0
2011-01-11,97.22572463889638,97.45459525855155,96.85189273182449,97.21809387207031,110287000,0.0,0.0,0.0
2011-01-12,97.8131617778129,98.2022435389134,97.24097073384638,98.0954360961914,107929200,0.0,0.0,0.0
2011-01-13,98.13356851517072,98.17934146318831,97.69107728244019,97.9352035522461,129048400,0.0,0.0,0.0
2011-01-14,97.79791775455777,98.66763898418364,97.72925830933104,98.6447525024414,117677900,0.0,0.0,0.0
2011-01-18,98.55315398523041,98.90409929469311,98.43872162406616,98.81255340576172,114401300,0.0,0.0,0.0
2011-01-19,98.72864091988167,98.82781176100944,97.58427064564465,97.84365844726562,151958400,0.0,0.0,0.0
2011-01-20,97.62242227282347,97.95810029441914,96.9892025962201,97.71397399902344,175745700,0.0,0.0,0.0
2011-01-21,98.3242968926682,98.5455366884653,97.82839612649295,97.9352035522461,151462900,0.0,0.0,0.0
2011-01-24,97.87416440209319,98.60656645881936,97.85127792917697,98.49213409423828,113715500,0.0,0.0,0.0
2011-01-25,98.23273490775661,98.6294531745071,97.73684580517032,98.5455322265625,167552200,0.0,0.0,0.0
2011-01-26,98.78966785965153,99.21689753351707,98.59130291026,98.92698669433594,141281500,0.0,0.0,0.0
2011-01-27,98.94988350377807,99.33897685830237,98.77441664963898,99.17113494873047,123302700,0.0,0.0,0.0
2011-01-28,99.28558066697904,99.44579765351706,97.27911988871864,97.4393310546875,295637300,0.0,0.0,0.0
2011-01-31,97.70633348370171,98.24799552721846,97.46219558607366,98.17169952392578,149249200,0.0,0.0,0.0
2011-02-01,98.7668109513925,99.91880642690587,98.70577645955127,99.74333953857422,167194300,0.0,0.0,0.0
2011-02-02,99.48392597657137,99.81960981368196,99.43052807946961,99.55259704589844,118323600,0.0,0.0,0.0
2011-02-03,99.37711591866004,99.92641461195636,98.85071534196004,99.77383422851562,145886700,0.0,0.0,0.0
2011-02-04,99.81200311920792,100.0942774696929,99.35425023196893,100.0561294555664,134634800,0.0,0.0,0.0
2011-02-07,100.27736601056768,101.00975655164972,100.2697294241966,100.68170928955078,112439100,0.0,0.0,0.0
2011-02-08,100.77324320514109,101.19284796579669,100.49859387463346,101.13945007324219,99072800,0.0,0.0,0.0
2011-02-09,100.86481816935145,101.18524050344763,100.4070653257064,100.91059112548828,146436700,0.0,0.0,0.0
2011-02-10,100.3994165842324,101.06314757318121,100.17054021665624,100.94871520996094,162708500,0.0,0.0,0.0
2011-02-11,100.55202234955632,101.68113130272012,100.52913587113086,101.55143737792969,137710300,0.0,0.0,0.0
2011-02-14,101.4903943340356,101.87947607561213,101.37596195155356,101.7955551147461,101690700,0.0,0.0,0.0
2011-02-15,101.48277238970566,101.63535278457263,100.94873518710232,101.47513580322266,119575400,0.0,0.0,0.0
2011-02-16,101.81849188349334,102.23808520596685,101.61250187569263,102.11602783203125,130183500,0.0,0.0,0.0
2011-02-17,101.81846117360598,102.55847670660256,101.72690361934183,102.42115783691406,109810500,0.0,0.0,0.0
2011-02-18,102.51268141454749,102.7568193178744,102.2761800964095,102.63475036621094,130002400,0.0,0.0,0.0
2011-02-22,101.55904344952974,102.65764077433782,100.30024080551672,100.57489013671875,233116400,0.0,0.0,0.0
2011-02-23,100.51387869041814,100.75801665904484,99.33899672953456,99.95695495605469,227584000,0.0,0.0,0.0
2011-02-24,99.85009301932601,100.27732259015501,98.94984930267972,99.88822937011719,260431400,0.0,0.0,0.0
2011-02-25,100.30787863540318,101.0173943492929,100.24684414939153,100.95635986328125,141686900,0.0,0.0,0.0
2011-02-28,101.33017323617716,101.7116299732967,100.99448944493025,101.58192443847656,141585500,0.0,0.0,0.0
2011-03-01,101.90233158882427,101.99387745653543,99.8577179612577,99.88822937011719,258565500,0.0,0.0,0.0
2011-03-02,99.75098322719475,100.56730661267177,99.44582235178984,100.1019287109375,200277400,0.0,0.0,0.0
2011-03-03,101.00976474113847,101.94052034512642,101.00213979528695,101.82608795166016,176480100,0.0,0.0,0.0
2011-03-04,101.74980437255591,101.94816940034235,100.39945539995198,101.06318664550781,277202300,0.0,0.0,0.0
2011-03-07,101.3607175486637,101.58959399344216,99.74334418353784,100.26974487304688,216790400,0.0,0.0,0.0
2011-03-08,100.42996917214978,101.46753237486165,99.99511437250766,101.14710998535156,174615000,0.0,0.0,0.0
2011-03-09,100.94873832911539,101.31493361642146,100.39943957758712,101.00213623046875,153806000,0.0,0.0,0.0
2011-03-10,99.94168216344589,100.07900102447397,99.03381311174552,99.13299560546875,301291800,0.0,0.0,0.0
2011-03-11,98.81254806034528,100.17815794128397,98.78966158935052,99.81958770751953,225621800,0.0,0.0,0.0
2011-03-14,99.17114599053953,99.54496621527747,98.46163026814438,99.2169189453125,234974100,0.0,0.0,0.0
2011-03-15,96.57725150531633,98.66763942927939,96.50859205977989,98.08019256591797,359585400,0.0,0.0,0.0
2011-03-16,97.76737741156532,98.0878113816239,95.57781901004037,96.26444244384766,468670300,0.0,0.0,0.0
2011-03-17,97.65295140012967,97.95048727078138,96.96632792148361,97.53851318359375,254303700,0.0,0.0,0.0
2011-03-18,98.72077095885831,98.75142661325053,97.70169259274005,97.89324951171875,230435400,0.553,0.0,0.0
2011-03-21,99.11157201205603,99.61727348152837,98.99663082540118,99.410400390625,153992600,0.0,0.0,0.0
2011-03-22,99.39508160251258,99.52533893920385,98.9736539298587,99.06559753417969,129538600,0.0,0.0,0.0
2011-03-23,98.7897510864419,99.60962049794537,98.3223633219923,99.34910583496094,148603100,0.0,0.0,0.0
2011-03-24,99.9160957128648,100.44479474050729,99.35675271902481,100.29920959472656,159129800,0.0,0.0,0.0
2011-03-25,100.55974109310995,101.04245665872644,100.29155668532758,100.605712890625,155642800,0.0,0.0,0.0
2011-03-28,100.82027611946593,101.08079081918262,100.32989069400064,100.36053466796875,109762400,0.0,0.0,0.0
2011-03-29,100.27624308547617,101.06545689936857,99.94677069539159,101.0348129272461,129798800,0.0,0.0,0.0
2011-03-30,101.56350748388768,102.03090695675246,101.41792231651362,101.7320785522461,135835000,0.0,0.0,0.0
2011-03-31,101.60178596974464,101.87762837757502,101.4868448129871,101.5941162109375,132537100,0.0,0.0,0.0
2011-04-01,102.22243529317046,102.49827771942786,101.77802184577209,102.02320861816406,153850100,0.0,0.0,0.0
2011-04-04,102.23774783463445,102.42164667624391,101.81633198830149,102.10749053955078,100768900,0.0,0.0,0.0
2011-04-05,101.90828711167191,102.54425752447142,101.86231531898642,102.0921859741211,120791500,0.0,0.0,0.0
2011-04-06,102.58258014317221,102.674523736515,102.00023954077932,102.41400909423828,120411600,0.0,0.0,0.0
2011-04-07,102.23013445880949,102.65922025177399,101.64780541003066,102.15351867675781,170731500,0.0,0.0,0.0
2011-04-08,102.60555153496256,102.66685115242718,101.37958256908328,101.80101013183594,147945400,0.0,0.0,0.0
2011-04-11,101.90827989128775,102.25308000370647,101.24932362883372,101.49452209472656,121385400,0.0,0.0,0.0
2011-04-12,100.92754178077143,101.12675682942215,100.36819867715626,100.7359848022461,161187400,0.0,0.0,0.0
2011-04-13,101.20335945071568,101.27997520828954,100.34518813896209,100.72830200195312,162059000,0.0,0.0,0.0
2011-04-14,100.14597523787215,100.95817486858195,99.81650288235015,100.804931640625,161220400,0.0,0.0,0.0
2011-04-15,100.98881181182642,101.42555551514263,100.68998348059742,101.17269897460938,170006700,0.0,0.0,0.0
2011-04-18,100.06168218694272,101.16505205202483,99.23415478813112,100.0386962890625,210759300,0.0,0.0,0.0
2011-04-19,100.19195276238389,100.64403609449737,99.94676592198377,100.6133804321289,124258800,0.0,0.0,0.0
2011-04-20,101.81636849953038,102.20714052491176,101.74739910187833,101.98493957519531,156133800,0.0,0.0,0.0
2011-04-21,102.51361662644325,102.55193035643268,101.98492924274106,102.5059585571289,135935400,0.0,0.0,0.0
2011-04-25,102.42934087130443,102.56726797408606,102.06155475007003,102.39869689941406,65757100,0.0,0.0,0.0
2011-04-26,102.71287541824415,103.48676156216088,102.60560395580309,103.27987670898438,146600000,0.0,0.0,0.0
2011-04-27,103.47905936046062,104.10736003203621,103.0576317621253,103.95411682128906,143031000,0.0,0.0,0.0
2011-04-28,103.7702491798225,104.42920570686469,103.75493303833414,104.29129028320312,124791100,0.0,0.0,0.0
2011-04-29,104.32958015889237,104.64373636321821,104.19165307506536,104.53645324707031,115094100,0.0,0.0,0.0
2011-05-02,105.02684760727176,105.111121439185,104.16866454175243,104.37554931640625,126278700,0.0,0.0,0.0
2011-05-03,104.17633235719353,104.35256146994482,103.47139252277265,104.00009155273438,138375000,0.0,0.0,0.0
2011-05-04,103.9541220014738,104.00009379781804,102.8507521223797,103.31049346923828,182678500,0.0,0.0,0.0
2011-05-05,102.7358069548011,103.40242128348837,101.9236074987669,102.37567901611328,226900000,0.0,0.0,0.0
2011-05-06,103.39478685989052,103.92348594149148,102.42933229637258,102.82777404785156,222787200,0.0,0.0,0.0
2011-05-09,102.82013454183397,103.52506288066832,102.65922152162636,103.22623443603516,114104500,0.0,0.0,0.0
2011-05-10,103.57102652247771,104.29128263780588,103.44076917910924,104.10738372802734,114806900,0.0,0.0,0.0
2011-05-11,103.95413764503434,103.96946547669174,102.53662304703695,103.01168060302734,193564200,0.0,0.0,0.0
2011-05-12,102.73582450949695,103.71659515512918,102.20712545845757,103.5020523071289,171550700,0.0,0.0,0.0
2011-05-13,103.55565992990353,103.70124505085579,102.33736079936484,102.70514678955078,157444900,0.0,0.0,0.0
2011-05-16,102.33737166777573,103.14191310626217,101.88530012227535,102.05387115478516,141675400,0.0,0.0,0.0
2011-05-17,101.67078807815817,102.17650132879106,101.2340325366905,102.03857421875,192686200,0.0,0.0,0.0
2011-05-18,102.09221449956759,103.05765749083774,101.87000185055663,102.95038604736328,135217900,0.0,0.0,0.0
2011-05-19,103.28751956509421,103.46374870211403,102.6285631269881,103.19556427001953,119489500,0.0,0.0,0.0
2011-05-20,102.92736387147734,103.19553653980026,102.18412209943706,102.37567901611328,182594900,0.0,0.0,0.0
2011-05-23,101.12674205983123,101.6937548424695,100.82791368464406,101.18804168701172,168700000,0.0,0.0,0.0
2011-05-24,101.47923092655417,101.70143188629548,100.91221803812616,101.10377502441406,147199600,0.0,0.0,0.0
2011-05-25,100.69766834742217,101.8623380190666,100.66702437603854,101.44091033935547,151050100,0.0,0.0,0.0
2011-05-26,101.16506037000336,102.0922011969991,100.97350341077943,101.9083023071289,164850000,0.0,0.0,0.0
2011-05-27,102.19181608104451,102.57493004903728,101.87767151299037,102.29908752441406,120921900,0.0,0.0,0.0
2011-05-31,103.26450358055017,103.37943305127466,102.5519057869401,103.36410522460938,164731200,0.0,0.0,0.0
2011-06-01,103.06529074950986,103.37944693395248,100.95816443075331,101.04244995117188,233094300,0.0,0.0,0.0
2011-06-02,101.1114520396996,101.32599494439525,100.3452240395833,100.93521118164062,200466800,0.0,0.0,0.0
2011-06-03,99.72452699770689,100.697639416421,99.67089714026625,99.93141174316406,234690200,0.0,0.0,0.0
2011-06-06,99.67854183665266,99.88542655435737,98.7437432653408,98.8740005493164,179951200,0.0,0.0,0.0
2011-06-07,99.37972222136244,99.66323439752885,98.72843574466856,98.8127212524414,161660500,0.0,0.0,0.0
2011-06-08,98.65948620065419,98.98897023060775,98.21507267868672,98.39897155761719,198696400,0.0,0.0,0.0
2011-06-09,98.66716385876236,99.55597928213147,98.42963509511591,99.1498794555664,160964400,0.0,0.0,0.0
2011-06-10,98.72846634857237,98.78975428985441,97.51016098774765,97.77067565917969,238629400,0.0,0.0,0.0
2011-06-13,97.99287519518386,98.26105960821886,97.34924663395024,97.8472900390625,207599800,0.0,0.0,0.0
2011-06-14,98.74377303586793,99.43338507222836,98.70547099916045,99.08858489990234,160570400,0.0,0.0,0.0
2011-06-15,98.26105282373189,99.07325238421585,97.06573353477269,97.32624816894531,300958000,0.0,0.0,0.0
2011-06-16,97.356887889553,98.05415788965834,96.7898810388855,97.54078674316406,308032800,0.0,0.0,0.0
2011-06-17,98.50951529735757,98.51721720925978,97.50078220715235,97.83189392089844,233284900,0.628,0.0,0.0
2011-06-20,97.50074291303625,98.54027735706646,97.46994115267835,98.33236694335938,159479000,0.0,0.0,0.0
2011-06-21,98.84062067583034,99.87245356076855,98.37090395213845,99.67994689941406,193157300,0.0,0.0,0.0
2011-06-22,99.37194433949746,99.95716038014595,99.01772690063486,99.07933044433594,176703000,0.0,0.0,0.0
2011-06-23,97.91658845246987,99.05622456753267,97.16966168626467,98.79441833496094,334286500,0.0,0.0,0.0
2011-06-24,98.77130041635591,98.84829601497142,97.500755542483,97.64705657958984,226129300,0.0,0.0,0.0
2011-06-27,97.70868157807308,98.89451745442975,97.51617491472676,98.5172119140625,168904700,0.0,0.0,0.0
2011-06-28,98.90989757967586,99.81853492280155,98.77129845511699,99.80313110351562,165556300,0.0,0.0,0.0
2011-06-29,100.2574275550045,100.81954349574683,99.8185186491198,100.65784454345703,244295500,0.0,0.0,0.0
2011-06-30,100.98129880600389,101.78212138700128,100.65019297193686,101.62042236328125,223322700,0.0,0.0,0.0
2011-07-01,101.71282090209466,103.26058204200342,101.47411451227332,103.1219711303711,202385700,0.0,0.0,0.0
2011-07-05,103.01415447617225,103.24516479908374,102.71384458128927,103.0372543334961,165936000,0.0,0.0,0.0
2011-07-06,102.79082915267627,103.29134161663919,102.49821535854197,103.16043853759766,143331600,0.0,0.0,0.0
2011-07-07,104.07677099578656,104.49258008173928,103.86116454385991,104.23077392578125,170464200,0.0,0.0,0.0
2011-07-08,103.05266806739358,104.23080790292492,102.7138544611566,103.4915771484375,194100500,0.0,0.0,0.0
2011-07-11,102.22104223644799,102.55214807051502,101.38171597133996,101.62042236328125,195918600,0.0,0.0,0.0
2011-07-12,101.40480232540217,102.24412847871734,101.15069214372753,101.18148803710938,214675700,0.0,0.0,0.0
2011-07-13,101.71278553289136,102.5829191348533,101.27387658964182,101.52027893066406,204062600,0.0,0.0,0.0
2011-07-14,101.77440961857936,102.2441262929047,100.62706580760818,100.81957244873047,226111800,0.0,0.0,0.0
2011-07-15,101.38170055801956,101.54339955715608,100.69637738387077,101.40480041503906,220012800,0.0,0.0,0.0
2011-07-18,100.93507164700397,101.08907459190799,99.81853560936035,100.57315826416016,196872100,0.0,0.0,0.0
2011-07-19,101.13527583721334,102.32881924028122,101.1121759826103,102.20561218261719,166554900,0.0,0.0,0.0
2011-07-20,102.46741861987826,102.52901039212745,101.96689441040799,102.14399719238281,137145400,0.0,0.0,0.0
2011-07-21,102.72155220483695,103.81500040665452,102.15943603042469,103.5608901977539,245246300,0.0,0.0,0.0
2011-07-22,103.58396539123989,103.737968337323,102.99873774658376,103.63016510009766,126019400,0.0,0.0,0.0
2011-07-25,102.64451453900746,103.56084777308061,102.53671132027354,103.05262756347656,136653800,0.0,0.0,0.0
2011-07-26,102.9833543895026,103.15276116942793,102.43663037253037,102.66764068603516,131278200,0.0,0.0,0.0
2011-07-27,102.09780533808609,102.12861297624971,100.43454536738969,100.56546020507812,249020100,0.0,0.0,0.0
2011-07-28,100.56549446809167,101.466424321751,100.11116977292305,100.27288055419922,207939900,0.0,0.0,0.0
2011-07-29,99.26411470779541,100.52695764403083,98.5402879486718,99.5875244140625,307038400,0.0,0.0,0.0
2011-08-01,100.75026176212803,100.84267292944865,98.20147599482249,99.16400909423828,325790900,0.0,0.0,0.0
2011-08-02,98.41708409072716,98.94840425030665,96.63062286376953,96.63062286376953,346653800,0.0,0.0,0.0
2011-08-03,96.76156457278786,97.26207726221695,95.12140382949511,97.1542739868164,370830800,0.0,0.0,0.0
2011-08-04,95.80670091341383,95.96070974666374,92.4493847214376,92.6033935546875,520721800,0.0,0.0,0.0
2011-08-05,93.75841198616334,93.99711827971956,89.98528161711022,92.46476745605469,655619200,0.0,0.0,0.0
2011-08-08,90.02382449475553,92.49560950165781,86.25838851946678,86.44319915771484,702263900,0.0,0.0,0.0
2011-08-09,87.83691457510395,90.58590869333266,84.91081179316865,90.46270751953125,717828700,0.0,0.0,0.0
2011-08-10,88.75327342811897,89.53869802711245,86.20448121873837,86.46629333496094,662607400,0.0,0.0,0.0
2011-08-11,87.21319865317537,91.57154536928795,86.48937189959447,90.34720611572266,487979700,0.0,0.0,0.0
2011-08-12,91.1711347297372,91.79485428711548,90.30870297306204,90.95552825927734,313731600,0.0,0.0,0.0
2011-08-15,91.77947690652138,92.97301467108295,91.63316996528442,92.880615234375,258810600,0.0,0.0,0.0
2011-08-16,91.99507920522596,92.93451260090929,91.1018455257773,92.08747863769531,294095200,0.0,0.0,0.0
2011-08-17,92.59567985767134,93.32720262927381,91.41754033874908,92.14906311035156,238201100,0.0,0.0,0.0
2011-08-18,89.70809431373262,92.17987886838385,87.31331124017738,88.17574310302734,512956300,0.0,0.0,0.0
2011-08-19,86.98217938639101,89.23065501137043,86.62796795573001,86.73577117919922,428281300,0.0,0.0,0.0
2011-08-22,88.68397594834106,88.73018154643894,86.55870643064307,86.80511474609375,275090600,0.0,0.0,0.0
2011-08-23,87.12847797463645,89.76196653953141,86.68956321382063,89.661865234375,331136600,0.0,0.0,0.0
2011-08-24,89.46937881273708,91.0479295757452,89.26146837271409,90.92472839355469,246869700,0.0,0.0,0.0
2011-08-25,91.42524170162376,91.94115800587352,89.22296561575423,89.5386734008789,312365400,0.0,0.0,0.0
2011-08-26,89.08438234492117,91.25585719775917,87.66753029652726,90.84004211425781,314495900,0.0,0.0,0.0
2011-08-29,92.06437403042783,93.50432581877479,90.90933418544988,93.45042419433594,190977200,0.0,0.0,0.0
2011-08-30,93.04231693370329,94.27435833788007,91.83337538791156,93.69683837890625,241315700,0.0,0.0,0.0
2011-08-31,94.29747567460898,95.1060061169708,93.4042476940819,94.1126708984375,301828400,0.0,0.0,0.0
2011-09-01,94.16654112790135,95.0212710105094,93.00379947118336,93.12700653076172,254585900,0.0,0.0,0.0
2011-09-02,91.18654982076055,93.0731185417044,90.42422512119184,90.74763488769531,255517200,0.0,0.0,0.0
2011-09-06,88.08333560951115,90.2163124193094,88.07563369914222,90.08540344238281,285130500,0.0,0.0,0.0
2011-09-07,91.44836319998589,92.66500079688949,91.14035137646671,92.62650299072266,209803200,0.0,0.0,0.0
2011-09-08,92.07207645875103,93.12701497137076,91.45605285469755,91.6639633178711,250568200,0.0,0.0,0.0
2011-09-09,90.61670746671442,91.67934178939929,88.7686429219638,89.26145935058594,380195100,0.0,0.0,0.0
2011-09-12,88.14494081377853,89.90830233216863,87.82153107018813,89.83899688720703,305793500,0.0,0.0,0.0
2011-09-13,90.13155829479912,91.00168568193271,89.49243521517464,90.66287231445312,272514700,0.0,0.0,0.0
2011-09-14,91.12495837127844,93.01922925459127,89.87751885645973,91.9180908203125,319389500,0.0,0.0,0.0
2011-09-15,92.90369850658912,93.53512000232035,91.94116538048446,93.50431823730469,326777200,0.0,0.0,0.0
2011-09-16,93.87972017643595,94.40604747372284,93.12892915917945,94.0577392578125,284528300,0.625,0.0,0.0
2011-09-19,92.51744300184642,93.60105851841776,91.89049659739442,93.12117004394531,241517000,0.0,0.0,0.0
2011-09-20,93.51595594718113,94.42154688826487,92.88900928108193,93.01284790039062,218932200,0.0,0.0,0.0
2011-09-21,93.05926919910351,93.34564925608885,90.12576919398546,90.2728271484375,316251300,0.0,0.0,0.0
2011-09-22,87.65666088862504,88.39971002064279,86.1473432619061,87.35479736328125,513911300,0.0,0.0,0.0
2011-09-23,86.774299019346,88.3610225661781,86.70463501856455,87.88113403320312,307242500,0.0,0.0,0.0
2011-09-26,88.70933528686778,90.09481465632669,87.44770041992696,89.9709701538086,260673700,0.0,0.0,0.0
2011-09-27,91.74345679487996,92.54068660573276,90.43537725752087,90.97718811035156,311753900,0.0,0.0,0.0
2011-09-28,91.16296290863663,91.71250969819157,88.98799512240441,89.11957550048828,286696800,0.0,0.0,0.0
2011-09-29,90.5979240112039,91.04684557667973,88.18300932192707,89.82391357421875,298108900,0.0,0.0,0.0
2011-09-30,88.58547157096784,89.35948182813743,87.51733954195647,87.57926177978516,288392300,0.0,0.0,0.0
2011-10-03,87.06841668067923,88.1984710059911,84.99406884792363,85.08695220947266,365136800,0.0,0.0,0.0
2011-10-04,83.86402412743705,87.13809065794787,83.15193598969651,86.95232391357422,459177500,0.0,0.0,0.0
2011-10-05,87.1690483915403,88.7944689575896,86.36407691292257,88.56226348876953,284108000,0.0,0.0,0.0
2011-10-06,88.51582688636651,90.29605310952972,87.85791924919072,90.16446685791016,257800800,0.0,0.0,0.0
2011-10-07,90.69077656999976,90.75269880520291,89.05761452419992,89.56072235107422,312657900,0.0,0.0,0.0
2011-10-10,91.08556914543813,92.5948874782211,91.07782738584551,92.55619049072266,230666300,0.0,0.0,0.0
2011-10-11,92.00661609406185,92.91220682236695,91.91373272248035,92.64904022216797,209088000,0.0,0.0,0.0
2011-10-12,93.34566634643089,94.53764324073292,93.13668610698468,93.4617691040039,281544900,0.0,0.0,0.0
2011-10-13,92.91220752061137,93.55463755877598,92.20011938216008,93.27599334716797,212538800,0.0,0.0,0.0
2011-10-14,94.3596015079407,94.89366461636638,93.83327425099544,94.87044525146484,211397600,0.0,0.0,0.0
2011-10-17,94.42153455614329,94.854984430192,92.82707489493775,93.05928039550781,202311600,0.0,0.0,0.0
2011-10-18,92.98957205369551,95.59024643728193,92.26200067696944,94.87815856933594,318857900,0.0,0.0,0.0
2011-10-19,94.72336447853175,95.26517515210791,93.43076888459723,93.75585174560547,226601300,0.0,0.0,0.0
2011-10-20,93.9880974191153,94.50668304882132,92.74194001295322,94.16612243652344,262075600,0.0,0.0,0.0
2011-10-21,95.27293053257257,96.07016614832466,94.98655048426686,95.95406341552734,278999400,0.0,0.0,0.0
2011-10-24,96.10886080465625,97.37050141594133,96.0237191963402,97.13055419921875,203215600,0.0,0.0,0.0
2011-10-25,96.66615779922768,96.71259653327311,95.0329953926818,95.24198150634766,268596800,0.0,0.0,0.0
2011-10-26,96.24816962409153,96.57325249906133,94.59178822660242,96.20947265625,289053800,0.0,0.0,0.0
2011-10-27,98.78693500774253,100.1724141890583,97.99744707970751,99.56095123291016,393220200,0.0,0.0,0.0
2011-10-28,99.07330886706463,99.73122228294348,98.91850918405159,99.5377197265625,225906500,0.0,0.0,0.0
2011-10-31,98.42316576871144,99.55321434425167,96.99898355518768,97.1383056640625,228146700,0.0,0.0,0.0
2011-11-01,94.45247961896793,95.59801750559528,94.05773269722896,94.42926025390625,416565800,0.0,0.0,0.0
2011-11-02,95.84569724986065,96.28688288641723,95.04072582601131,95.96953582763672,244717600,0.0,0.0,0.0
2011-11-03,96.96024040924615,97.91227540875425,95.66764498908894,97.7187728881836,291174800,0.0,0.0,0.0
2011-11-04,96.92931541228491,97.29309530394441,95.98502187275784,97.12281799316406,249401600,0.0,0.0,0.0
2011-11-07,97.05314096547173,97.82715118508965,96.13206691445302,97.72653198242188,196617200,0.0,0.0,0.0
2011-11-08,98.2373814569493,99.08879747298323,97.30082974454166,98.98043060302734,224426300,0.0,0.0,0.0
2011-11-09,96.66615252382238,97.37050477963632,95.09491245190553,95.32711791992188,337982000,0.0,0.0,0.0
2011-11-10,96.58877674619202,96.70487950914107,95.21877477281066,96.22499084472656,231866500,0.0,0.0,0.0
2011-11-11,97.39374841844469,98.29159758106577,97.3627872879775,98.03617858886719,189924400,0.0,0.0,0.0
2011-11-14,97.67232973739497,98.64757814501846,96.68933367060828,97.1072998046875,159258300,0.0,0.0,0.0
2011-11-15,96.88287461089456,98.10581238769669,96.5345723136221,97.58722686767578,184709400,0.0,0.0,0.0
2011-11-16,96.6042240434546,97.78845886240023,95.89987773832972,96.03919982910156,235782500,0.0,0.0,0.0
2011-11-17,95.8611806522104,96.10112787623137,93.83327731485912,94.514404296875,331219600,0.0,0.0,0.0
2011-11-18,94.81626297530241,95.00976555280303,94.01903330083667,94.41378021240234,215580400,0.0,0.0,0.0
2011-11-21,93.03603286242499,93.15213558493248,91.8363204771269,92.61807250976562,229611600,0.0,0.0,0.0
2011-11-22,92.41679859953351,92.95860325748374,91.73566599499279,92.25425720214844,216494900,0.0,0.0,0.0
2011-11-23,91.3874081815999,92.25430196012924,90.2186508178711,90.2186508178711,224329100,0.0,0.0,0.0
2011-11-25,90.0793238550589,91.10101729727248,89.94000175361022,90.0483627319336,99557000,0.0,0.0,0.0
2011-11-28,92.52521132574194,93.02057754894795,91.96792284832739,92.65679168701172,210686000,0.0,0.0,0.0
2011-11-29,92.91990661621094,93.6552137838275,92.57934031277864,92.91990661621094,199241500,0.0,0.0,0.0
2011-11-30,95.58254516043142,96.92158578600679,92.8812504467368,96.74356079101562,324439500,0.0,0.0,0.0
2011-12-01,96.63519737551663,97.24666630088187,96.31011442437988,96.72808074951172,176954800,0.0,0.0,0.0
2011-12-02,97.61819144069787,97.91231325978497,96.5810144587676,96.64293670654297,221109700,0.0,0.0,0.0
2011-12-05,98.1754544613114,98.43862100948718,97.0918448665565,97.69557189941406,225263900,0.0,0.0,0.0
2011-12-06,97.68782910934924,98.38443948805123,97.33952687261292,97.72653198242188,178842100,0.0,0.0,0.0
2011-12-07,97.40151043324731,98.50061019172867,96.72812485672455,98.09038543701172,237802500,0.0,0.0,0.0
2011-12-08,97.44792264339844,97.66464463747688,95.70639902711335,95.9385986328125,240862800,0.0,0.0,0.0
2011-12-09,96.37204146419518,97.81170135391314,96.28689984344179,97.56401824951172,209111400,0.0,0.0,0.0
2011-12-12,96.71259758828992,96.72808110329443,95.3271241621544,96.13983154296875,215826100,0.0,0.0,0.0
2011-12-13,96.64293843220494,97.19248510425521,94.77757054497049,95.24198150634766,245159800,0.0,0.0,0.0
2011-12-14,94.86271565508238,95.22650149912,94.01904712761716,94.22802734375,238618800,0.0,0.0,0.0
2011-12-15,95.22648821487262,95.35806855131284,94.42151677775523,94.5685806274414,199109200,0.0,0.0,0.0
2011-12-16,95.207299783565,95.76811663546174,94.4829046643477,94.70878601074219,220481400,0.77,0.0,0.0
2011-12-19,95.07488971229301,95.27741039819755,93.49368445325561,93.69620513916016,183903000,0.0,0.0,0.0
2011-12-20,95.16836244685935,96.69504359598932,93.75852038388724,96.5314712524414,225418100,0.0,0.0,0.0
2011-12-21,96.53146009721141,96.86639560272783,95.61233517109764,96.71839904785156,194230900,0.0,0.0,0.0
2011-12-22,97.07672550439703,97.6764967877335,96.76516248948745,97.57523345947266,119465400,0.0,0.0,0.0
2011-12-23,97.88677852014106,98.47875880078064,97.68426379842612,98.44760131835938,92187200,0.0,0.0,0.0
2011-12-27,98.27623589612288,98.78253457423318,98.19055430708814,98.5254898071289,86075700,0.0,0.0,0.0
2011-12-28,98.5410751056275,98.55665087570887,97.15459980377952,97.23249053955078,119107100,0.0,0.0,0.0
2011-12-29,97.55184432100761,98.3385544203212,97.25585714805858,98.23729705810547,123507200,0.0,0.0,0.0
2011-12-30,98.15939940117946,98.40086840510561,97.75436401367188,97.75436401367188,95599000,0.0,0.0,0.0
2012-01-03,99.51473840855144,99.99767054777372,99.25769359528717,99.31221771240234,193697900,0.0,0.0,0.0
2012-01-04,99.07851223175456,99.55365338257305,98.69684351710218,99.46797180175781,127186500,0.0,0.0,0.0
2012-01-05,98.93054621290823,99.88082280793536,98.4787715732292,99.73282623291016,173895000,0.0,0.0,0.0
2012-01-06,99.8574454407894,99.87302715368646,99.14863201371232,99.47577667236328,148050000,0.0,0.0,0.0
2012-01-09,99.70165003976797,99.84184978016222,99.24209059910301,99.71723175048828,99530200,0.0,0.0,0.0
2012-01-10,100.7843475844872,100.98686228323218,100.44162125940879,100.58183288574219,115282000,0.0,0.0,0.0
2012-01-11,100.27026718669603,100.76877500872062,100.10670080740265,100.63636016845703,111540700,0.0,0.0,0.0
2012-01-12,100.92455274654652,101.02580414675235,100.12225514493902,100.8778076171875,118983700,0.0,0.0,0.0
2012-01-13,100.20019078766113,100.51955059302432,99.48358636842916,100.35597229003906,179836200,0.0,0.0,0.0
2012-01-17,101.32180392177646,101.50874879551732,100.4026731492542,100.74539947509766,132209200,0.0,0.0,0.0
2012-01-18,100.72202582646749,101.9137710857076,100.54287776331275,101.8592529296875,163395200,0.0,0.0,0.0
2012-01-19,102.20979885023296,102.48242537899297,101.88265414694062,102.39674377441406,126328900,0.0,0.0,0.0
2012-01-20,102.22537057351687,102.77839660644531,101.97611069897194,102.77839660644531,138230200,0.0,0.0,0.0
2012-01-23,102.4356683827384,103.01207291825237,102.02284212262865,102.51356506347656,129295800,0.0,0.0,0.0
2012-01-24,101.88265414694062,102.4278953190945,101.72687265280611,102.39674377441406,103083300,0.0,0.0,0.0
2012-01-25,102.240942576572,103.4950031193113,101.84369801410126,103.2535400390625,198613200,0.0,0.0,0.0
2012-01-26,103.7130804611208,103.90781024935825,102.31882040690039,102.72386169433594,184880500,0.0,0.0,0.0
2012-01-27,102.22537989124794,102.85630266382083,102.15526811678845,102.67715454101562,135259100,0.0,0.0,0.0
2012-01-30,101.65675095306933,102.38115206385201,101.30623965414577,102.32662200927734,147311800,0.0,0.0,0.0
2012-01-31,102.83293034739108,102.95754840376588,101.78916944202348,102.28768920898438,157212000,0.0,0.0,0.0
2012-02-01,103.043221887958,103.70530800161615,102.91860384139737,103.18343353271484,166234500,0.0,0.0,0.0
2012-02-02,103.38592556473466,103.61181875243562,102.98089620292924,103.34697723388672,113090400,0.0,0.0,0.0
2012-02-03,104.37518045668172,104.85810659279147,104.19603235544174,104.79579162597656,160598500,0.0,0.0,0.0
2012-02-06,104.35961494927848,104.77244126883957,104.24278179671082,104.7257080078125,107694500,0.0,0.0,0.0
2012-02-07,104.5075981427653,105.1696842834631,104.09477187609748,104.99052429199219,135528100,0.0,0.0,0.0
2012-02-08,105.04507156383055,105.32548302539256,104.61666351347651,105.30211639404297,139361400,0.0,0.0,0.0
2012-02-09,105.47347288101807,105.61367266016562,104.81138667406717,105.43452453613281,148602900,0.0,0.0,0.0
2012-02-10,104.49982001276537,104.74128310305443,104.25056012255361,104.65560150146484,167907500,0.0,0.0,0.0
2012-02-13,105.4033729914443,105.55915448561917,104.95159833858085,105.43452453613281,115841900,0.0,0.0,0.0
2012-02-14,105.15411980525094,105.36443137276417,104.56993025077732,105.30211639404297,165329500,0.0,0.0,0.0
2012-02-15,105.64479706973994,105.8005785063761,104.601036485018,104.81134796142578,195195100,0.0,0.0,0.0
2012-02-16,104.81914976767885,106.06541320568437,104.63220490356497,105.9719467163086,186567800,0.0,0.0,0.0
2012-02-17,106.33805433057917,106.42373591945912,105.90186147277726,106.25237274169922,129869400,0.0,0.0,0.0
2012-02-21,106.50162513775052,106.75088500135202,105.97196575564404,106.29911041259766,134042300,0.0,0.0,0.0
2012-02-22,106.13552320559813,106.36141642363897,105.76943024010859,105.95637512207031,124455300,0.0,0.0,0.0
2012-02-23,105.90186212238258,106.50162136285716,105.54355405249657,106.42373657226562,137704300,0.0,0.0,0.0
2012-02-24,106.65740203857422,106.86771355380365,106.42373578316814,106.65740203857422,105539100,0.0,0.0,0.0
2012-02-27,105.94858054264522,107.12474411859982,105.77721738782238,106.8365478515625,145728900,0.0,0.0,0.0
2012-02-28,106.86766764706098,107.27270879137946,106.65735622217424,107.14807891845703,129355900,0.0,0.0,0.0
2012-02-29,107.30393180941658,107.63887333038443,106.35364919462425,106.7275390625,185934700,0.0,0.0,0.0
2012-03-01,106.95338821517085,107.48305942563357,106.65739513034275,107.28053283691406,145023500,0.0,0.0,0.0
2012-03-02,107.21043678763583,107.35064842216141,106.71192898167611,106.9533920288086,120638300,0.0,0.0,0.0
2012-03-05,106.78983076824423,106.86771555972018,106.1511112971749,106.51720428466797,140765000,0.0,0.0,0.0
2012-03-06,105.42671447173487,105.48901754624949,104.65558021427918,104.95935821533203,202129900,0.0,0.0,0.0
2012-03-07,105.20080551306319,105.86289146299126,105.09954223274532,105.6915283203125,143692200,0.0,0.0,0.0
2012-03-08,106.33808112123054,106.96121902595308,106.1199846373827,106.74311065673828,116968900,0.0,0.0,0.0
2012-03-09,106.94560280600906,107.43631379366519,106.81318797534864,107.15591430664062,122836800,0.0,0.0,0.0
2012-03-12,107.14032966578276,107.30389602874098,106.78202163322199,107.1636962890625,104003500,0.0,0.0,0.0
2012-03-13,107.74011657577839,109.14995851937854,107.56095659046538,109.09542846679688,184090500,0.0,0.0,0.0
2012-03-14,109.12661903277852,109.39923370739328,108.64368089467757,108.97862243652344,145163600,0.0,0.0,0.0
2012-03-15,109.14215604832891,109.65624558010605,108.8617446569381,109.60951232910156,165118500,0.0,0.0,0.0
2012-03-16,109.80822192809221,109.90209803525319,109.52658166915923,109.76128387451172,152893500,0.614,0.0,0.0
2012-03-19,109.69088920216156,110.52797910642037,109.61265114571057,110.19158172607422,125291100,0.0,0.0,0.0
2012-03-20,109.56572499718236,110.00382951104875,109.24496564329708,109.87083435058594,121729700,0.0,0.0,0.0
2012-03-21,109.93342400239213,110.0351191633599,109.46401948078457,109.69090270996094,122388400,0.0,0.0,0.0
2012-03-22,108.88507631944971,109.17454758074692,108.54085990559737,108.90072631835938,135216700,0.0,0.0,0.0
2012-03-23,108.99458732008432,109.37792266733484,108.39218785482825,109.25274658203125,120521000,0.0,0.0,0.0
2012-03-26,110.03508817691649,110.78613281249999,109.99598109233933,110.7861328125,120164000,0.0,0.0,0.0
2012-03-27,110.88785283521862,110.95825992062123,110.37151033403099,110.4419174194336,119868500,0.0,0.0,0.0
2012-03-28,110.38716824682825,110.55928242623125,109.24495705055857,109.89429473876953,148562100,0.0,0.0,0.0
2012-03-29,109.24496180969032,109.90994952612147,108.81467634243795,109.70653533935547,164963700,0.0,0.0,0.0
2012-03-30,110.24633540476553,110.34804248751486,109.56570969701487,110.1602783203125,135486800,0.0,0.0,0.0
2012-04-02,110.02726762472558,111.2555356621564,109.80821542934737,110.966064453125,151741100,0.0,0.0,0.0
2012-04-03,110.80964234087352,110.99740655276251,109.86301418659892,110.5123519897461,155806700,0.0,0.0,0.0
2012-04-04,109.6987011245927,109.7925772362898,109.01024447227898,109.41706085205078,146896000,0.0,0.0,0.0
2012-04-05,109.04158771707779,109.68309463053382,108.94769963069115,109.36233520507812,137439400,0.0,0.0,0.0
2012-04-09,107.98538807126097,109.40140843278616,107.83674293939693,108.134033203125,127555900,0.0,0.0,0.0
2012-04-10,107.9228077656568,108.22791708127022,106.20949701742327,106.31902313232422,235360300,0.0,0.0,0.0
2012-04-11,107.40649014838756,107.60207339443765,106.98403558939913,107.17961883544922,154133000,0.0,0.0,0.0
2012-04-12,107.28127769860433,108.66599786295846,107.20303966038662,108.57994079589844,154321500,0.0,0.0,0.0
2012-04-13,108.32963533208901,108.60345661629208,107.18742406971208,107.28913116455078,169246700,0.0,0.0,0.0
2012-04-16,107.83675718145705,107.9932213639702,106.85102208791739,107.21871948242188,147825300,0.0,0.0,0.0
2012-04-17,107.83676477760196,109.0259141358805,107.7272386483824,108.8068618774414,147877600,0.0,0.0,0.0
2012-04-18,108.32181042743306,108.80685296891369,108.25922236765302,108.43915557861328,123884200,0.0,0.0,0.0
2012-04-19,108.45478449871409,108.86158890204044,107.23434741383608,107.74285888671875,198666700,0.0,0.0,0.0
2012-04-20,108.22010371615816,108.61127013806109,107.86022535552866,107.92281341552734,143199600,0.0,0.0,0.0
2012-04-23,106.81969089246681,107.1091620799012,106.35029848201243,107.01527404785156,171844900,0.0,0.0,0.0
2012-04-24,107.10916796162124,107.6959174599959,107.02311089102832,107.4220962524414,137484200,0.0,0.0,0.0
2012-04-25,108.47043218503144,108.93983661508562,108.37655607400082,108.89289855957031,150252200,0.0,0.0,0.0
2012-04-26,108.6581903952947,109.77693238610864,108.59560234555092,109.6517562866211,136291600,0.0,0.0,0.0
2012-04-27,109.98035597028033,110.1446391875189,109.37013728848981,109.83171081542969,130725000,0.0,0.0,0.0
2012-04-30,109.61266042914824,109.69089849222544,109.12761786293628,109.42489624023438,115092200,0.0,0.0,0.0
2012-05-01,109.36229644859344,110.82526689656314,109.23713227352664,110.10552215576172,138832200,0.0,0.0,0.0
2012-05-02,109.46400673104453,109.88647313877544,109.10414031885307,109.77694702148438,121081000,0.0,0.0,0.0
2012-05-03,109.79260517709973,109.87866228053937,108.73646283938082,108.93986511230469,143759700,0.0,0.0,0.0
2012-05-04,108.36876831392088,108.97898708660084,107.11703076421871,107.17961883544922,193927300,0.0,0.0,0.0
2012-05-07,106.79626514077748,107.61771711372103,106.75715804381379,107.25785064697266,127765900,0.0,0.0,0.0
2012-05-08,106.61631196962819,106.99965933530154,105.55233889470213,106.82754516601562,213377700,0.0,0.0,0.0
2012-05-09,105.69318556689382,106.8745040154934,105.21596199329599,106.19387817382812,220752500,0.0,0.0,0.0
2012-05-10,106.92924103532744,107.06224811586317,106.17038920418615,106.41291046142578,150600000,0.0,0.0,0.0
2012-05-11,105.74792710166626,107.07789052395675,105.70098904190155,106.09215545654297,153032400,0.0,0.0,0.0
2012-05-14,105.07513485419985,106.0921700597491,104.76220645439389,104.91867065429688,163910000,0.0,0.0,0.0
2012-05-15,104.84823851025384,105.46627613035092,104.15196284016706,104.31624603271484,207629300,0.0,0.0,0.0
2012-05-16,104.78564903461842,105.26287248319319,103.89379018912051,103.9172592163086,207265500,0.0,0.0,0.0
2012-05-17,103.94073367595173,104.06590978579733,102.32129909063285,102.37606811523438,247992900,0.0,0.0,0.0
2012-05-18,102.77503385301712,102.95497895300248,101.35119467292198,101.49983978271484,319615900,0.0,0.0,0.0
2012-05-21,101.82847069388443,103.28361061638681,101.66417550406516,103.24449157714844,177861100,0.0,0.0,0.0
2012-05-22,103.51042687757278,104.2301714543342,102.7515632823839,103.42436981201172,197531200,0.0,0.0,0.0
2012-05-23,102.6811888853909,103.6278169077847,101.69545376957393,103.47917175292969,204958400,0.0,0.0,0.0
2012-05-24,103.76080947092919,103.9250926840689,102.81418147218146,103.68257141113281,167357600,0.0,0.0,0.0
2012-05-25,103.6434468670823,103.93291812296658,103.09581628999905,103.3461685180664,135465600,0.0,0.0,0.0
2012-05-29,104.1754231054011,104.77781067734288,102.61857676617687,104.5978775024414,152883500,0.0,0.0,0.0
2012-05-30,103.70602297957693,104.59006276912346,102.86893318047395,103.08015441894531,162370400,0.0,0.0,0.0
2012-05-31,103.04105854240898,103.61997717557475,101.96925448684176,102.8532943725586,196186000,0.0,0.0,0.0
2012-06-01,101.24167931961509,102.87675182585168,100.26376342773438,100.26376342773438,253240900,0.0,0.0,0.0
2012-06-04,100.44368333825214,100.71750452678012,99.46576757557835,100.21681213378906,202545800,0.0,0.0,0.0
2012-06-05,100.02125499453454,101.12434122380814,99.96649193306317,100.9757080078125,164149400,0.0,0.0,0.0
2012-06-06,101.67982550725146,103.29142964925258,101.64852550087886,103.24449157714844,184202800,0.0,0.0,0.0
2012-06-07,104.41793295291265,104.46487099886517,103.09578895049209,103.30702209472656,184772700,0.0,0.0,0.0
2012-06-08,103.04107486201717,104.15198618364582,102.71248452837418,104.1285171508789,143915400,0.0,0.0,0.0
2012-06-11,104.96560040427326,105.02818846676637,102.70465887306406,102.80636596679688,169756100,0.0,0.0,0.0
2012-06-12,103.10361591467286,104.0580627139963,102.61075445678874,103.98765563964844,181931800,0.0,0.0,0.0
2012-06-13,103.68258222197888,104.33191998614828,102.9706563909368,103.32271575927734,172223900,0.0,0.0,0.0
2012-06-14,103.53390609559213,104.83258123558807,103.25226584761047,104.4179458618164,230615500,0.0,0.0,0.0
2012-06-15,104.88825136659534,105.58026343366387,104.6680640726225,105.48590087890625,169444500,0.688,0.0,0.0
2012-06-18,105.04551504351383,105.94985476126502,104.80959668257248,105.69034576416016,131360900,0.0,0.0,0.0
2012-06-19,106.22508309580446,107.14515380230029,105.66674343666344,106.71263885498047,137382600,0.0,0.0,0.0
2012-06-20,106.72050458832928,107.02719480712925,105.58810624220497,106.53962707519531,206451800,0.0,0.0,0.0
2012-06-21,106.66546705604443,106.77556068883423,104.06252959563102,104.14903259277344,205272200,0.0,0.0,0.0
2012-06-22,104.69159433521807,105.14769975235458,104.29052971017872,104.95110321044922,130029200,0.0,0.0,0.0
2012-06-25,103.84229277859686,103.88161448568097,102.89863180507952,103.26823425292969,146375700,0.0,0.0,0.0
2012-06-26,103.56708998217856,104.10183899189886,102.96156907389818,103.78727722167969,141634000,0.0,0.0,0.0
2012-06-27,104.13329365076817,104.92753965605678,103.77942214343385,104.72308349609375,108088000,0.0,0.0,0.0
2012-06-28,104.03106213120074,104.58154226649529,103.23681610636679,104.42425537109375,169242100,0.0,0.0,0.0
2012-06-29,106.31942106234855,107.16086012900001,106.0441930680558,107.02717590332031,212250900,0.0,0.0,0.0
2012-07-02,107.32600348613923,107.45968772297996,106.57107932523827,107.34959411621094,129524500,0.0,0.0,0.0
2012-07-03,107.32600462082692,108.13598159332734,107.21591101289395,108.0573501586914,80450000,0.0,0.0,0.0
2012-07-05,107.65628141675823,108.36403629782156,107.17658528600414,107.56977844238281,126177500,0.0,0.0,0.0
2012-07-06,106.53175426557395,106.76767255819077,106.04419859365461,106.5474853515625,151192100,0.0,0.0,0.0
2012-07-09,106.4609996256818,106.61041496852316,105.92625060916036,106.413818359375,103780500,0.0,0.0,0.0
2012-07-10,106.95644002064789,107.12944603724192,105.1241577534894,105.48590087890625,167884800,0.0,0.0,0.0
2012-07-11,105.54093915713979,105.84762941714374,104.88823691163273,105.50161743164062,141733400,0.0,0.0,0.0
2012-07-12,104.8882106776942,105.55663184677515,104.27483031110091,104.99043273925781,143583200,0.0,0.0,0.0
2012-07-13,105.2656757951968,106.86203910306895,105.24994470861536,106.75194549560547,129642600,0.0,0.0,0.0
2012-07-16,106.50816908943541,106.8148592857489,106.08351374112235,106.50029754638672,97525200,0.0,0.0,0.0
2012-07-17,106.9249686939169,107.45184618598353,105.8083013526153,107.23165893554688,138860300,0.0,0.0,0.0
2012-07-18,106.98005171888627,108.23827536011078,106.91715133620399,108.02594757080078,113349700,0.0,0.0,0.0
2012-07-19,108.24609337944882,108.66287725085174,107.9000934101996,108.30900573730469,129847300,0.0,0.0,0.0
2012-07-20,107.69561549499652,107.86076191932654,107.20020022061497,107.31815338134766,142904500,0.0,0.0,0.0
2012-07-23,105.74538492367842,107.24738589506157,105.24995762962,106.23294067382812,145210900,0.0,0.0,0.0
2012-07-24,106.31158672916133,106.35876799655381,104.61298910720201,105.32073211669922,173301200,0.0,0.0,0.0
2012-07-25,105.54094172574798,105.81616981232861,104.786005375431,105.34434509277344,129122300,0.0,0.0,0.0
2012-07-26,106.8620576199662,107.31030367043388,106.36663030088198,107.08224487304688,156526500,0.0,0.0,0.0
2012-07-27,107.64844946882037,109.36277830973324,107.05865958306104,109.05607604980469,236768900,0.0,0.0,0.0
2012-07-30,108.93026332698187,109.57509402910632,108.73366669839544,109.05607604980469,106782000,0.0,0.0,0.0
2012-07-31,108.90663899847269,109.20545762194894,108.29325866699219,108.29325866699219,120575900,0.0,0.0,0.0
2012-08-01,109.07177228862582,109.0953629165739,108.04946774676806,108.19888305664062,138293800,0.0,0.0,0.0
2012-08-02,107.38106373720032,108.1831812131833,106.61826798049863,107.45183563232422,199556600,0.0,0.0,0.0
2012-08-03,108.96167964567756,109.81097825714993,107.4832696183773,109.58293151855469,157825000,0.0,0.0,0.0
2012-08-06,109.87390863738214,110.22778011710079,109.74808393369865,109.7952651977539,86326200,0.0,0.0,0.0
2012-08-07,110.23564328254906,110.8175735567233,110.11769011853619,110.34574890136719,109545100,0.0,0.0,0.0
2012-08-08,109.97615951877617,110.60525913474245,109.94469733839425,110.47944641113281,89754700,0.0,0.0,0.0
2012-08-09,110.32218015794382,110.79401695754298,110.21208650461179,110.5738296508789,90291700,0.0,0.0,0.0
2012-08-10,110.12556519036566,110.79399854549771,109.94469964694296,110.75467681884766,99792700,0.0,0.0,0.0
2012-08-13,110.56594647249612,110.7546715525526,110.12555995398435,110.69963073730469,79426900,0.0,0.0,0.0
2012-08-14,111.10854818670799,111.17933209429015,110.38507401483983,110.7153549194336,102379400,0.0,0.0,0.0
2012-08-15,110.59738576464326,111.0299006960353,110.52661386658943,110.8411636352539,71085900,0.0,0.0,0.0
2012-08-16,110.99841537727856,111.79267317641222,110.72318738690618,111.65898895263672,112014200,0.0,0.0,0.0
2012-08-17,111.84772473162937,111.90277753457971,111.55676562832946,111.80840301513672,90813700,0.0,0.0,0.0
2012-08-20,111.6511072834236,111.83984428773577,111.34441715097938,111.81625366210938,78255700,0.0,0.0,0.0
2012-08-21,112.09149925784843,112.52401412786227,111.23434106046825,111.47811889648438,105581100,0.0,0.0,0.0
2012-08-22,111.19502151528678,111.70617982593478,110.93552458751681,111.52531433105469,133243500,0.0,0.0,0.0
2012-08-23,111.25010748453575,111.25796703037697,110.44013028854383,110.6131362915039,111466400,0.0,0.0,0.0
2012-08-24,110.33787859638043,111.53318933545117,110.26710669717812,111.28153991699219,99481200,0.0,0.0,0.0
2012-08-27,111.58038535158273,111.72980071363114,111.14787035599694,111.30514526367188,68785900,0.0,0.0,0.0
2012-08-28,111.02200901244042,111.54102683595899,110.85687461360419,111.19501495361328,75689600,0.0,0.0,0.0
2012-08-29,111.28941146088447,111.58037060158604,110.97484968781075,111.28153991699219,65421300,0.0,0.0,0.0
2012-08-30,110.80185576455843,110.83331794494036,110.24352805549245,110.47944641113281,96589900,0.0,0.0,0.0
2012-08-31,111.10853922038577,111.52533508942348,110.3772055619401,111.00631713867188,151970400,0.0,0.0,0.0
2012-09-04,110.91194279692787,111.24223567475232,110.19634022645573,110.90408325195312,120226200,0.0,0.0,0.0
2012-09-05,110.95123615199944,111.25006677490818,110.58950518676467,110.8096923828125,100660300,0.0,0.0,0.0
2012-09-06,111.47812497845155,113.0666287698477,111.47026543467807,113.05876922607422,158272500,0.0,0.0,0.0
2012-09-07,113.24748849885154,113.54631913726097,113.14526643779267,113.49913787841797,107272100,0.0,0.0,0.0
2012-09-10,113.38905807906069,113.58565468104274,112.81499936107829,112.85430908203125,86458500,0.0,0.0,0.0
2012-09-11,112.92506831703952,113.53057707941093,112.89360614798285,113.1688461303711,88760000,0.0,0.0,0.0
2012-09-12,113.5463638305664,113.67218856987586,113.16103006617156,113.5463638305664,87640900,0.0,0.0,0.0
2012-09-13,113.53060363366723,115.6302539354844,113.23178495354679,115.27638244628906,225470200,0.0,0.0,0.0
2012-09-14,115.50445987236247,116.47171196544393,115.41008532718656,115.78755950927734,169777000,0.0,0.0,0.0
2012-09-17,115.55159247025381,115.74818902420503,115.10334656758037,115.39431762695312,119427800,0.0,0.0,0.0
2012-09-18,115.19773521431249,115.44937259462353,115.00899817960206,115.29995727539062,98326600,0.0,0.0,0.0
2012-09-19,115.43368695520347,115.73251771131994,115.13486819839459,115.3629150390625,128318300,0.0,0.0,0.0
2012-09-20,114.83601664034146,115.4336660450058,114.52146684826664,115.37076568603516,154009800,0.0,0.0,0.0
2012-09-21,115.93123227954212,115.9549488334513,115.27504614022848,115.32247924804688,108737500,0.779,0.0,0.0
2012-09-24,114.75332077627533,115.40950727554477,114.66635600978515,115.14861297607422,95682000,0.0,0.0,0.0
2012-09-25,115.39368206807578,115.61504469229772,113.89156475987463,113.9231948852539,133165200,0.0,0.0,0.0
2012-09-26,113.89945783810133,113.93107589443585,113.01399543710558,113.28279113769531,146502200,0.0,0.0,0.0
2012-09-27,113.75716709893176,114.61099953540113,113.45674122405597,114.35010528564453,111830300,0.0,0.0,0.0
2012-09-28,113.91530847173789,114.28688412167364,113.41724848021472,113.82044219970703,150696100,0.0,0.0,0.0
2012-10-01,114.25525513242218,115.18023738640338,113.85204938810422,114.12085723876953,135911200,0.0,0.0,0.0
2012-10-02,114.57145429789621,114.75328527581088,113.70972046413004,114.23941040039062,113422200,0.0,0.0,0.0
2012-10-03,114.54773428028827,114.97464440323427,113.94689468341998,114.70584869384766,121283100,0.0,0.0,0.0
2012-10-04,115.14069316426287,115.69409974330192,114.9825787221601,115.52808380126953,124311600,0.0,0.0,0.0
2012-10-05,116.14469511851624,116.34234111304234,115.18808319713415,115.53594207763672,124842100,0.0,0.0,0.0
2012-10-08,115.10909085593526,115.52018604899651,114.8798146296508,115.14070892333984,78415400,0.0,0.0,0.0
2012-10-09,115.05374461006743,115.14861087601362,113.96273429824474,114.00226593017578,148872900,0.0,0.0,0.0
2012-10-10,113.98638490637221,114.09707823707043,113.12465132037649,113.27486419677734,124247500,0.0,0.0,0.0
2012-10-11,114.06547067530776,114.23149864082555,113.31441820817328,113.338134765625,123601500,0.0,0.0,0.0
2012-10-12,113.41717610689508,113.80455451273616,112.72145838698768,112.96653747558594,124181900,0.0,0.0,0.0
2012-10-15,113.23537013428178,114.02595432413042,112.87170816243155,113.9073715209961,107689100,0.0,0.0,0.0
2012-10-16,114.44502859820473,115.14074694444493,114.36597737190927,115.06168365478516,108815500,0.0,0.0,0.0
2012-10-17,115.14068693114577,115.67829048122255,114.96675743524074,115.58341217041016,128834100,0.0,0.0,0.0
2012-10-18,115.2829818725586,115.83638834246518,114.89559131194582,115.2829818725586,148108500,0.0,0.0,0.0
2012-10-19,115.06953460718424,115.07743610650492,113.09307407481542,113.36186981201172,185645200,0.0,0.0,0.0
2012-10-22,113.17212592973975,113.58323310065244,112.48432152066796,113.377685546875,125578600,0.0,0.0,0.0
2012-10-23,112.15226415661377,112.31037856852177,111.33796347509902,111.80440521240234,192056300,0.0,0.0,0.0
2012-10-24,112.2076121668301,112.342022099521,111.31426020439743,111.48818969726562,120179400,0.0,0.0,0.0
2012-10-25,112.27877073767492,112.48431828554067,111.13242606773899,111.81231689453125,134457400,0.0,0.0,0.0
2012-10-26,111.70956047562711,112.13647067627015,110.9901258901359,111.74909210205078,146023500,0.0,0.0,0.0
2012-10-31,112.14438423957009,112.28668361866487,111.21939002201927,111.74909210205078,103438500,0.0,0.0,0.0
2012-11-01,111.98625560638324,113.06145068254375,111.88348785566448,112.91915130615234,100995600,0.0,0.0,0.0
2012-11-02,113.59112703780244,113.62275715988264,111.79650966885347,111.91509246826172,137702200,0.0,0.0,0.0
2012-11-05,111.74910935175596,112.39738228440918,111.4170532892276,112.14440155029297,98378500,0.0,0.0,0.0
2012-11-06,112.48435370271037,113.46468275586655,112.36577086148074,113.02195739746094,107068100,0.0,0.0,0.0
2012-11-07,111.99418482776066,112.00998782955241,109.9386606389785,110.46044921875,264304500,0.0,0.0,0.0
2012-11-08,110.4445821097386,111.00590205620377,109.04524505551643,109.13220977783203,181517300,0.0,0.0,0.0
2012-11-09,108.80015161127731,110.23902008849255,108.74481701165136,109.2270736694336,201055300,0.0,0.0,0.0
2012-11-12,109.56705230536855,109.74098178002741,109.068992503715,109.31407165527344,97677500,0.0,0.0,0.0
2012-11-13,108.73699284111034,110.08889771882255,108.59469341364736,108.93463897705078,123018300,0.0,0.0,0.0
2012-11-14,109.26665451668363,109.44057195341995,107.21903214072576,107.464111328125,191505000,0.0,0.0,0.0
2012-11-15,107.50364259248312,107.9068482792393,106.87117278183986,107.28227996826172,178128400,0.0,0.0,0.0
2012-11-16,107.44038279177516,108.02541941447085,106.49168421003492,107.81195831298828,239483900,0.0,0.0,0.0
2012-11-19,109.02159099410053,110.00982155809116,107.843627882375,109.9940185546875,151495800,0.0,0.0,0.0
2012-11-20,109.82004975138435,110.22324333454695,109.16386344386768,110.04141235351562,119807400,0.0,0.0,0.0
2012-11-21,110.13628981802535,110.34184944335193,109.91492719333387,110.2469711303711,81710800,0.0,0.0,0.0
2012-11-23,110.78457832143499,111.78861166511577,110.71341656852891,111.74909210205078,65409200,0.0,0.0,0.0
2012-11-26,111.19567615854916,111.75699631533266,110.83201413868294,111.51191711425781,100124400,0.0,0.0,0.0
2012-11-27,111.40125127845236,111.78072841468453,110.87156117530144,110.94271087646484,128646200,0.0,0.0,0.0
2012-11-28,110.4920566194264,111.89929569809537,109.8912168986173,111.8360595703125,177086500,0.0,0.0,0.0
2012-11-29,112.25506610912677,112.66616124855591,111.76489565310166,112.35783386230469,151085900,0.0,0.0,0.0
2012-11-30,112.37362926312109,112.59499185742207,111.99415225337034,112.38153076171875,136568300,0.0,0.0,0.0
2012-12-03,112.89543382648993,112.99030007664703,111.74117550835894,111.82814025878906,124656300,0.0,0.0,0.0
2012-12-04,111.82022634938491,112.16017175029337,111.3695875844333,111.67001342773438,127512200,0.0,0.0,0.0
2012-12-05,111.76488834204211,112.38945663702762,110.97430411482051,111.86766815185547,147300500,0.0,0.0,0.0
2012-12-06,111.76492012573975,112.2946102610085,111.59890414629207,112.24717712402344,103220600,0.0,0.0,0.0
2012-12-07,112.68197104612777,112.80846742005254,112.00206811547986,112.58710479736328,108726400,0.0,0.0,0.0
2012-12-10,112.42898918520575,112.90333248742294,112.38154399796178,112.63453674316406,98840700,0.0,0.0,0.0
2012-12-11,113.10095663540078,113.9310723326645,113.04562202270625,113.40138244628906,152570400,0.0,0.0,0.0
2012-12-12,113.84412430272988,114.27894802350208,113.29861927697543,113.45673370361328,145880100,0.0,0.0,0.0
2012-12-13,113.3855960073042,113.70973845735978,112.47642891050893,112.76103973388672,135715000,0.0,0.0,0.0
2012-12-14,112.51597053777937,112.72151812607098,112.16811149347062,112.342041015625,137701700,0.0,0.0,0.0
2012-12-17,112.63453818024263,113.72554829697083,112.60290805500975,113.66230010986328,143238200,0.0,0.0,0.0
2012-12-18,113.8441569237978,115.03003355842068,113.67812888707176,114.92725372314453,177762800,0.0,0.0,0.0
2012-12-19,115.05372357660454,115.09325520130864,114.03387521404471,114.07339477539062,150895400,0.0,0.0,0.0
2012-12-20,114.1445439284761,114.74538354225326,113.82830302910114,114.72956848144531,168487000,0.0,0.0,0.0
2012-12-21,113.19454417343434,114.72323039659464,113.01142353000797,113.68817901611328,245883800,1.022,0.0,0.0
2012-12-24,113.44137964587956,113.50507643392828,113.21048941950801,113.33788299560547,53874600,0.0,0.0,0.0
2012-12-26,113.56873248878708,113.62447171418302,112.54165100356533,112.86012268066406,106947700,0.0,0.0,0.0
2012-12-27,112.891982940693,113.12288526988563,111.40310878267894,112.7088623046875,167920600,0.0,0.0,0.0
2012-12-28,111.97635410289291,112.59738240131027,111.36328334458791,111.49067687988281,148806700,0.0,0.0,0.0
2012-12-31,111.19611621479119,113.5050668798351,111.10056496630092,113.3856430053711,243935200,0.0,0.0,0.0
2013-01-02,115.53536084505127,116.36339474405474,115.23280415651183,116.29174041748047,192059000,0.0,0.0,0.0
2013-01-03,116.23596342041274,116.53850783014079,115.71843182542396,116.02894592285156,144761800,0.0,0.0,0.0
2013-01-04,116.22002631566063,116.72958817963901,115.98116653434602,116.53849792480469,116817700,0.0,0.0,0.0
2013-01-07,116.12450030398574,116.33150565828566,115.79008928324158,116.22003936767578,110002500,0.0,0.0,0.0
2013-01-08,116.01306707678577,116.17230294462246,115.43183854325078,115.88567352294922,121265100,0.0,0.0,0.0
2013-01-09,116.14043244710865,116.4987282864216,115.95731183182437,116.18024444580078,90745600,0.0,0.0,0.0
2013-01-10,116.82516420169924,117.11179360019747,116.22006309327718,117.10383605957031,130735400,0.0,0.0,0.0
2013-01-11,117.07198930917954,117.15957085751397,116.72963280591088,117.09588623046875,113917300,0.0,0.0,0.0
2013-01-14,116.95249283877766,117.09581353294496,116.58623964160368,117.01618957519531,89567200,0.0,0.0,0.0
2013-01-15,116.47484570205886,117.20735255117457,116.40319138494463,117.09588623046875,93172600,0.0,0.0,0.0
2013-01-16,116.85694727020906,117.26300027462807,116.72955380450168,117.07987976074219,104849500,0.0,0.0,0.0
2013-01-17,117.59746675055578,118.17072552754591,117.15955905300547,117.8363265991211,133833500,0.0,0.0,0.0
2013-01-18,117.8124459189376,118.22646886089557,117.38249574681127,118.09907531738281,169906000,0.0,0.0,0.0
2013-01-22,118.09909777701628,118.73605346679688,117.82042586619998,118.73605346679688,111797300,0.0,0.0,0.0
2013-01-23,118.73605345016811,119.03064044522118,118.52107832325193,118.92713165283203,104596100,0.0,0.0,0.0
2013-01-24,118.75195917713955,119.54019314777557,118.64049285139572,118.95897674560547,146426400,0.0,0.0,0.0
2013-01-25,119.33311401579077,119.62770080566406,118.92704882011587,119.62770080566406,147211600,0.0,0.0,0.0
2013-01-28,119.65954110334128,119.69139554701306,119.03851308975868,119.48439025878906,113357700,0.0,0.0,0.0
2013-01-29,119.24560604434593,120.10549433438587,119.16598203365177,119.95421600341797,105694400,0.0,0.0,0.0
2013-01-30,119.93821281537144,120.17707254726722,119.3729118548485,119.48439025878906,137447700,0.0,0.0,0.0
2013-01-31,119.34110524573194,119.731243329452,119.11021513016816,119.18982696533203,108975800,0.0,0.0,0.0
2013-02-01,119.94622297400144,120.55929372008454,119.73921759496115,120.41598510742188,131173000,0.0,0.0,0.0
2013-02-04,119.68347167261571,120.43985091226531,118.97484981408469,119.06243133544922,159073600,0.0,0.0,0.0
2013-02-05,119.70735515852367,120.60704297865777,119.65957348008754,120.26468658447266,113912400,0.0,0.0,0.0
2013-02-06,119.8427405089996,120.43191440695452,119.75515896350394,120.35230255126953,138762800,0.0,0.0,0.0
2013-02-07,120.39210204112007,120.50356834662817,119.31723883528646,120.19305419921875,162490000,0.0,0.0,0.0
2013-02-08,120.40007729299735,120.93352412989725,120.40007729299735,120.86186981201172,103133700,0.0,0.0,0.0
2013-02-11,120.81407452201196,120.94145589924719,120.53540270217208,120.83795928955078,73775000,0.0,0.0,0.0
2013-02-12,120.84589704674298,121.25991986449947,120.7105460032081,121.0369873046875,65392700,0.0,0.0,0.0
2013-02-13,121.28380840604953,121.50674097280572,120.79813128227778,121.14048767089844,82322600,0.0,0.0,0.0
2013-02-14,120.77426848990444,121.39529677440848,120.63891741752957,121.2519760131836,80834300,0.0,0.0,0.0
2013-02-15,121.36346331453775,121.49085686901957,120.66282306272392,121.10868835449219,215226500,0.0,0.0,0.0
2013-02-19,121.31572012769796,122.0402574587042,121.14852668141694,122.01637268066406,95105400,0.0,0.0,0.0
2013-02-20,121.92882964260039,121.96864166822196,120.4319849514857,120.49568176269531,160574800,0.0,0.0,0.0
2013-02-21,120.19305745334513,120.55929868896621,119.38093883470377,119.76310729980469,183257000,0.0,0.0,0.0
2013-02-22,120.3443238240336,120.93350982666017,119.81884673943853,120.93350982666016,106356600,0.0,0.0,0.0
2013-02-25,121.52272479549276,121.70584545727435,118.6325454711914,118.6325454711914,245824800,0.0,0.0,0.0
2013-02-26,119.20580409814458,119.5879726541054,118.41757006186351,119.44466400146484,186596200,0.0,0.0,0.0
2013-02-27,119.3411374805734,121.28384658724184,119.23762870309625,120.94944763183594,150781900,0.0,0.0,0.0
2013-02-28,120.94148436744186,121.71379109676282,120.55135830653334,120.7105941772461,126866000,0.0,0.0,0.0
2013-03-01,120.29656963081824,121.291808995986,119.75516524764762,121.10868835449219,170634800,0.0,0.0,0.0
2013-03-04,120.82997060185706,121.75355529785156,120.63889249159159,121.75355529785156,99010200,0.0,0.0,0.0
2013-03-05,122.34278324939632,123.17081702626619,122.32685601842259,122.84437561035156,121431900,0.0,0.0,0.0
2013-03-06,123.28226831106282,123.34596507827237,122.74086401315593,123.01156616210938,94469900,0.0,0.0,0.0
2013-03-07,123.17085368214063,123.39378638644762,123.02754500748095,123.23455047607422,86101400,0.0,0.0,0.0
2013-03-08,123.77592173670594,123.92718789926236,123.13896617998996,123.75999450683594,123477800,0.0,0.0,0.0
2013-03-11,123.66442448461734,124.23767097842705,123.51314621099398,124.2297134399414,83746800,0.0,0.0,0.0
2013-03-12,124.14214008112741,124.28546082568597,123.57685108864545,123.9510498046875,105755800,0.0,0.0,0.0
2013-03-13,124.01479251809833,124.3014219645136,123.5928119648924,124.12625885009766,92550900,0.0,0.0,0.0
2013-03-14,124.45266469830617,124.84280282314502,124.13419302625667,124.78706359863281,126329900,0.0,0.0,0.0
2013-03-15,124.63834304112744,124.79028199982554,124.20648056033673,124.62234497070312,138601100,0.694,0.0,0.0
2013-03-18,123.43068924548446,124.47034375181482,123.31872720344563,123.93452453613281,126704300,0.0,0.0,0.0
2013-03-19,124.19847730681555,124.36641432198388,122.83092916854568,123.64665985107422,167567300,0.0,0.0,0.0
2013-03-20,124.37441527181433,124.71829442659985,124.16647698943159,124.51036834716797,113759300,0.0,0.0,0.0
2013-03-21,123.76658914753602,124.47035760608343,123.23877500657419,123.44670104980469,128605000,0.0,0.0,0.0
2013-03-22,123.83860839754706,124.43840789794922,123.74263217947531,124.43840789794922,111163600,0.0,0.0,0.0
2013-03-25,124.76630917205446,124.97424750900697,123.43876200428879,123.91859436035156,151322300,0.0,0.0,0.0
2013-03-26,124.4304337194256,124.94226226565925,124.29448059653049,124.9102783203125,86856600,0.0,0.0,0.0
2013-03-27,124.1665204092333,124.95026740421227,123.95859425709169,124.9102783203125,99950600,0.0,0.0,0.0
2013-03-28,124.83024395308688,125.43804846763327,124.55833782971067,125.2940902709961,102932800,0.0,0.0,0.0
2013-04-01,125.23016733659028,125.4860877127194,124.49441455965189,124.7983169555664,99194100,0.0,0.0,0.0
2013-04-02,125.24612853603233,125.72597299852163,125.05418831044629,125.41407775878906,101504300,0.0,0.0,0.0
2013-04-03,125.48607451733048,125.58203854681028,123.8146359214698,124.14251708984375,154167400,0.0,0.0,0.0
2013-04-04,124.30243279243226,124.89423931250288,124.03052663575836,124.64632415771484,131885000,0.0,0.0,0.0
2013-04-05,123.11882791611896,124.23846084684939,122.97488190952616,124.08650970458984,159666000,0.0,0.0,0.0
2013-04-08,124.17448080845153,124.93422431699544,123.7586164510467,124.92623138427734,86571200,0.0,0.0,0.0
2013-04-09,125.15816771584834,125.81395438813456,124.74230329447056,125.35810089111328,101922200,0.0,0.0,0.0
2013-04-10,125.6939634912068,127.05350638639618,125.66197955848659,126.89356231689453,135711100,0.0,0.0,0.0
2013-04-11,126.91752919750594,127.72526672985312,126.78956908504232,127.30940246582031,110142500,0.0,0.0,0.0
2013-04-12,126.90155949829169,127.18946371421445,126.29376713265506,126.9975357055664,116359900,0.0,0.0,0.0
2013-04-15,126.35776126644018,126.46173041799648,124.03854141551547,124.05452728271484,217259000,0.0,0.0,0.0
2013-04-16,124.99014063368868,125.94982903961484,124.68625069456073,125.88584899902344,147507800,0.0,0.0,0.0
2013-04-17,124.99013347132184,125.01413666274502,123.38267622851487,124.04645538330078,226834800,0.0,0.0,0.0
2013-04-18,124.25449629348579,124.28649244301874,122.79898876658177,123.27082824707031,167583200,0.0,0.0,0.0
2013-04-19,123.55873343410991,124.3984554223115,123.25483102621935,124.34246826171875,149687600,0.0,0.0,0.0
2013-04-22,124.58233849015285,125.19013084888456,123.75861492119452,124.89423370361328,106553500,0.0,0.0,0.0
2013-04-23,125.51805930731328,126.3017940269178,124.8942687055734,126.18183898925781,166141300,0.0,0.0,0.0
2013-04-24,126.2218441056328,126.59771954199343,125.98991473275213,126.26183319091797,96781200,0.0,0.0,0.0
2013-04-25,126.62960141991304,127.37335875726126,126.43767348997469,126.7735595703125,131060600,0.0,0.0,0.0
2013-04-26,126.62167851890281,126.83760976245046,126.14183402278638,126.5497055053711,95918800,0.0,0.0,0.0
2013-04-29,126.89357208123567,127.67730662416655,126.69363892823638,127.39740753173828,88572800,0.0,0.0,0.0
2013-04-30,127.37345851692123,127.73333587035945,126.84563189030237,127.70133972167969,116010700,0.0,0.0,0.0
2013-05-01,127.4213866438935,127.4853667112373,126.43771903975151,126.5816650390625,138874200,0.0,0.0,0.0
2013-05-02,126.90150568443927,127.86918706183741,126.78155072990234,127.7572250366211,96407600,0.0,0.0,0.0
2013-05-03,128.8688756377816,129.46068199393804,127.78123910938058,129.0528106689453,144202300,0.0,0.0,0.0
2013-05-06,129.14883545455507,129.5646876638593,129.0928483092916,129.38075256347656,66882100,0.0,0.0,0.0
2013-05-07,129.66065423150692,130.0765064098537,129.29277185517554,130.03652954101562,90359200,0.0,0.0,0.0
2013-05-08,129.89254350628974,130.6682849616632,129.82057051425272,130.6282958984375,97419200,0.0,0.0,0.0
2013-05-09,130.57233220699737,130.91621133383927,129.93254374918357,130.26043701171875,106738600,0.0,0.0,0.0
2013-05-10,130.3484398951968,130.79628826410107,129.96455940503355,130.684326171875,103203000,0.0,0.0,0.0
2013-05-13,130.51631719606587,131.00415441811978,130.21242720079837,130.78822326660156,81843200,0.0,0.0,0.0
2013-05-14,130.89225047457765,132.23580776565836,130.89225047457765,132.13983154296875,119000900,0.0,0.0,0.0
2013-05-15,131.92386689752774,133.11546040721555,131.8838778354758,132.85154724121094,120718500,0.0,0.0,0.0
2013-05-16,132.57965219500633,133.04349850698557,132.02783482035952,132.22776794433594,109913600,0.0,0.0,0.0
2013-05-17,132.71563028180645,133.58733593801767,132.53968812329296,133.5073699951172,129801000,0.0,0.0,0.0
2013-05-20,133.3794498554147,134.01923860530738,133.24349672904276,133.49940490722656,85071200,0.0,0.0,0.0
2013-05-21,133.61932643202152,134.19513488956432,133.15548005217033,133.69129943847656,95804200,0.0,0.0,0.0
2013-05-22,133.82733362760925,135.21088067262815,132.09191427012124,132.69970703125,244031800,0.0,0.0,0.0
2013-05-23,131.28410048498696,132.68363247038832,131.1081583448719,132.3157501220703,211064400,0.0,0.0,0.0
2013-05-24,131.53200873882543,132.25976826182998,131.14013541037303,132.2037811279297,151573900,0.0,0.0,0.0
2013-05-28,133.5873234682435,134.17912996463298,132.60365582143118,132.9955291748047,143679800,0.0,0.0,0.0
2013-05-29,132.2917494802927,132.59565173706204,131.42803691075065,132.13180541992188,160363400,0.0,0.0,0.0
2013-05-30,132.23580640466753,133.22746713961686,132.13183724905412,132.6196746826172,107793800,0.0,0.0,0.0
2013-05-31,132.25176305165994,133.00351357363792,130.46037001506545,130.71627807617188,176850100,0.0,0.0,0.0
2013-06-03,131.02015564821417,131.52399094628336,130.08447023961958,131.43601989746094,168390700,0.0,0.0,0.0
2013-06-04,131.50802883689903,132.03585527414361,130.14048074093822,130.80426025390625,157631500,0.0,0.0,0.0
2013-06-05,130.42836131628033,130.6922744870591,128.86089256025608,128.9728546142578,211737800,0.0,0.0,0.0
2013-06-06,128.9169279519303,130.14852332655548,128.15718421464962,130.14051818847656,200225500,0.0,0.0,0.0
2013-06-07,131.0361854600568,131.91588395846816,130.46836997045952,131.79592895507812,188337800,0.0,0.0,0.0
2013-06-10,132.2037881695547,132.27576117158873,131.45203760710922,131.79592895507812,105667100,0.0,0.0,0.0
2013-06-11,130.59637601315515,131.58803693094308,130.14852757248258,130.43643188476562,159505400,0.0,0.0,0.0
2013-06-12,131.33210651554927,131.46805961179464,129.2368107218399,129.3567657470703,177361500,0.0,0.0,0.0
2013-06-13,129.28480613624177,131.55604433774062,128.99690184288602,131.32412719726562,163587800,0.0,0.0,0.0
2013-06-14,131.18014383545744,131.69197223644187,130.28444718447258,130.5003662109375,141197500,0.0,0.0,0.0
2013-06-17,131.38810465005636,132.13186254661852,130.53239684548814,131.50807189941406,136295600,0.0,0.0,0.0
2013-06-18,131.57995647150125,132.7475710176877,131.57196354143267,132.54763793945312,114695600,0.0,0.0,0.0
2013-06-19,132.43571031755656,132.66762737927644,130.6603031452532,130.71627807617188,206149500,0.0,0.0,0.0
2013-06-20,129.44475751151697,130.73232786746954,127.14152303553855,127.47740936279297,321255900,0.0,0.0,0.0
2013-06-21,128.34485757100808,128.44132935930378,126.6002565500393,127.88660430908203,271956800,0.839,0.0,0.0
2013-06-24,126.55207581711797,127.37211091010934,125.20140885464538,126.27068328857422,222329000,0.0,0.0,0.0
2013-06-25,127.41232165917383,128.71475280934868,126.56012104373667,127.48468780517578,162262200,0.0,0.0,0.0
2013-06-26,128.52976763658,129.0362690669356,128.0313137003707,128.74684143066406,134848000,0.0,0.0,0.0
2013-06-27,129.5186614572287,130.09751676958118,129.39805944443384,129.50257873535156,129483700,0.0,0.0,0.0
2013-06-28,129.14071585627147,129.75975918195394,128.5216602630743,128.9718780517578,160402900,0.0,0.0,0.0
2013-07-01,129.64730555545552,130.62814318677408,129.5025978397811,129.7277069091797,131954800,0.0,0.0,0.0
2013-07-02,129.53478107464548,130.48346574509705,129.0363269149751,129.60714721679688,154863700,0.0,0.0,0.0
2013-07-03,129.02018670580443,130.05730751680247,128.81116040528406,129.66336059570312,75216400,0.0,0.0,0.0
2013-07-05,130.6200882743652,131.11050701611987,129.67945146165982,131.06227111816406,122416900,0.0,0.0,0.0
2013-07-08,131.7375674346254,132.16366745700927,131.11047637272011,131.80992126464844,108092500,0.0,0.0,0.0
2013-07-09,132.6379734824005,132.91936578133988,132.06716592857495,132.75857543945312,119298000,0.0,0.0,0.0
2013-07-10,132.62998113453824,133.25707225787954,132.35663623821424,132.80685424804688,121410100,0.0,0.0,0.0
2013-07-11,134.35045877289508,134.75244087534912,132.7988014783119,134.6157684326172,135592200,0.0,0.0,0.0
2013-07-12,134.5755863131926,135.00972164595728,134.36656000742022,134.67205810546875,104212700,0.0,0.0,0.0
2013-07-15,135.04189203772745,135.37955559059148,134.80873550781888,135.1865997314453,69450600,0.0,0.0,0.0
2013-07-16,135.27500987651055,135.35541120233037,134.3183027973663,134.68008422851562,88702100,0.0,0.0,0.0
2013-07-17,135.19465579198445,135.45191801962366,134.8489447225504,135.02581787109375,92873900,0.0,0.0,0.0
2013-07-18,135.3152238676427,136.08703496196676,135.22678730753807,135.76544189453125,103620100,0.0,0.0,0.0
2013-07-19,135.48411129182617,136.05491926047853,135.3152733362585,136.00668334960938,103831700,0.0,0.0,0.0
2013-07-22,136.19958829944048,136.46489797747668,135.87799523476576,136.27194213867188,79428600,0.0,0.0,0.0
2013-07-23,136.5131480978978,136.5372660468219,135.91017483975122,135.98252868652344,80829700,0.0,0.0,0.0
2013-07-24,136.50508029806394,136.56136368219617,135.21069740574822,135.4840545654297,112914000,0.0,0.0,0.0
2013-07-25,135.24292795743932,135.93433801418124,135.01781884757233,135.81373596191406,111088600,0.0,0.0,0.0
2013-07-26,135.24292233344752,135.99865099980013,134.6801495821826,135.9584503173828,107814600,0.0,0.0,0.0
2013-07-29,135.612682817262,135.91819315565118,135.15442957719904,135.5403289794922,79695000,0.0,0.0,0.0
2013-07-30,135.95035859522943,136.09506627076905,135.2187481888347,135.5403289794922,85209600,0.0,0.0,0.0
2013-07-31,135.821749199449,136.55335975573786,135.45996766895644,135.6368408203125,142388700,0.0,0.0,0.0
2013-08-01,136.6658590855085,137.32510325542384,136.5934929946186,137.2045135498047,110438400,0.0,0.0,0.0
2013-08-02,136.89904374073075,137.4537810856007,136.71413538161477,137.4376983642578,91116700,0.0,0.0,0.0
2013-08-05,137.13221782021247,137.44576345516904,136.95534466536276,137.23672485351562,54072700,0.0,0.0,0.0
2013-08-06,136.97140008799482,137.26887523442383,136.15136529735628,136.4568634033203,87495000,0.0,0.0,0.0
2013-08-07,136.02274170925423,136.21568531816777,135.50820497294572,136.0146942138672,84854700,0.0,0.0,0.0
2013-08-08,136.65784550002965,136.8186359032555,135.8136805486922,136.5131378173828,102181300,0.0,0.0,0.0
2013-08-09,136.3362601856814,136.75432503426262,135.64485043390215,136.1191864013672,91757700,0.0,0.0,0.0
2013-08-12,135.4358782485352,136.11924077952625,135.37155961017265,135.9584503173828,68593300,0.0,0.0,0.0
2013-08-13,136.19960691830985,136.59354160854687,135.39564254800052,136.3603973388672,80806000,0.0,0.0,0.0
2013-08-14,136.29606081967611,136.51313460606136,135.62876900784082,135.6609344482422,79829200,0.0,0.0,0.0
2013-08-15,134.591677899359,134.6077483541156,133.5304390443344,133.7635955810547,152931800,0.0,0.0,0.0
2013-08-16,133.5063195004869,133.96458507355436,133.0561014222244,133.3214111328125,130868200,0.0,0.0,0.0
2013-08-19,133.16865281400712,133.6269183763111,132.461160269056,132.46920776367188,96437600,0.0,0.0,0.0
2013-08-20,132.68627473201641,133.6188763489708,132.54156703327664,133.12042236328125,89294400,0.0,0.0,0.0
2013-08-21,132.75055670693996,133.48216702866168,132.00287593480988,132.3003387451172,159530500,0.0,0.0,0.0
2013-08-22,132.57371555447065,133.6992729977377,132.56568032733045,133.50631713867188,101471400,0.0,0.0,0.0
2013-08-23,133.9002413357057,134.12535033261096,133.2731502346809,133.95651245117188,90888900,0.0,0.0,0.0
2013-08-26,134.09317989197294,134.5032094740912,133.3696170385593,133.4580535888672,89702100,0.0,0.0,0.0
2013-08-27,132.13962124725035,133.4581226915745,131.21506687055412,131.31153869628906,158619400,0.0,0.0,0.0
2013-08-28,131.25523251616002,132.24411762849638,131.08640685041166,131.77781677246094,108113000,0.0,0.0,0.0
2013-08-29,131.48833206826046,132.68623073570325,131.36773009177728,131.98678588867188,119200500,0.0,0.0,0.0
2013-08-30,132.26010455373657,132.2761872675871,131.18279580856074,131.56869506835938,134928900,0.0,0.0,0.0
2013-09-03,132.83897737470096,133.12036970096227,131.60891335193426,132.1636505126953,142375100,0.0,0.0,0.0
2013-09-04,132.1958413347939,133.48218909625194,131.95466186360176,133.257080078125,97389400,0.0,0.0,0.0
2013-09-05,133.3375277627832,133.77969845868532,133.24104367324622,133.42596435546875,63090500,0.0,0.0,0.0
2013-09-06,133.86809859835057,134.2459628217011,132.23605196027148,133.490234375,159756500,0.0,0.0,0.0
2013-09-09,133.81990063047596,134.84897430180743,133.81990063047596,134.76858520507812,87559300,0.0,0.0,0.0
2013-09-10,135.58053354795655,135.78955984114876,135.27502320077312,135.76544189453125,105847200,0.0,0.0,0.0
2013-09-11,135.58051995472616,136.1915283203125,135.34737573829133,136.1915283203125,94545900,0.0,0.0,0.0
2013-09-12,136.14333384549857,136.32020700177785,135.64487982372447,135.8297882080078,83209000,0.0,0.0,0.0
2013-09-13,135.97447876707815,136.2397884440981,135.66093319742203,136.13526916503906,72727800,0.0,0.0,0.0
2013-09-16,137.60646995436275,137.67078854121587,136.70602200593524,136.923095703125,106299200,0.0,0.0,0.0
2013-09-17,137.0437457658608,137.56631759966749,137.0437457658608,137.53416442871094,82523300,0.0,0.0,0.0
2013-09-18,137.4858981655191,139.50385593474985,137.1401994862994,139.12599182128906,203460600,0.0,0.0,0.0
2013-09-19,139.50388876116338,139.5682073772615,138.75619558310433,138.8928680419922,146616900,0.0,0.0,0.0
2013-09-20,139.22249094193668,139.22249094193668,137.80869556933962,137.9217987060547,132867100,0.838,0.0,0.0
2013-09-23,137.73597891804016,137.86523083097848,136.84730267543415,137.28355407714844,104616500,0.0,0.0,0.0
2013-09-24,137.2593314985073,137.76830178786662,136.70190252363471,136.96041870117188,106333100,0.0,0.0,0.0
2013-09-25,137.04929474923216,137.32397205701855,136.44338239700542,136.56455993652344,117306500,0.0,0.0,0.0
2013-09-26,136.7907478958389,137.47744101139097,136.57261604627976,137.08966064453125,77146900,0.0,0.0,0.0
2013-09-27,136.40293020142784,136.64529750903688,136.10401750752092,136.45948791503906,99141800,0.0,0.0,0.0
2013-09-30,135.30426007085268,136.16061419672548,135.0376571647628,135.73243713378906,143937000,0.0,0.0,0.0
2013-10-01,135.83744291990226,136.93616425896653,135.7001042934337,136.80690002441406,127160000,0.0,0.0,0.0
2013-10-02,136.00712595050075,136.80692233668927,135.58702328334726,136.6776580810547,113350000,0.0,0.0,0.0
2013-10-03,136.36253403017588,136.4837238480233,134.7871650166666,135.4173126220703,176698000,0.0,0.0,0.0
2013-10-04,135.52237324810554,136.58069800572014,135.3446380019227,136.443359375,96878000,0.0,0.0,0.0
2013-10-07,135.2557958455715,136.08791450605065,135.11845718899247,135.2638702392578,96295000,0.0,0.0,0.0
2013-10-08,135.23962589267592,135.41736116070837,133.5915497941142,133.68849182128906,178015000,0.0,0.0,0.0
2013-10-09,133.94703559859622,134.27018394422615,132.9210204938764,133.78546142578125,168973000,0.0,0.0,0.0
2013-10-10,135.15074687929834,136.742277437111,135.10227586979204,136.66957092285156,195955000,0.0,0.0,0.0
2013-10-11,136.45956639550022,137.5986847672718,136.34646323054335,137.55020141601562,105040000,0.0,0.0,0.0
2013-10-14,136.7018988304804,138.21263621704364,136.59687008730592,138.0995330810547,112106000,0.0,0.0,0.0
2013-10-15,137.75213108503218,138.26917573143064,136.91193815737844,137.09774780273438,155485000,0.0,0.0,0.0
2013-10-16,137.92184947130295,139.0852034927523,137.85721732263113,139.0124969482422,161676000,0.0,0.0,0.0
2013-10-17,138.44693947547108,140.02232157091123,138.42270396575532,139.9415283203125,129389000,0.0,0.0,0.0
2013-10-18,140.45854173745352,140.98366076723573,140.17577775076063,140.88671875,138316000,0.0,0.0,0.0
2013-10-21,140.93521779131433,141.17758520992822,140.57974722098982,140.8948211669922,104104000,0.0,0.0,0.0
2013-10-22,141.30676726459356,142.1307987502129,140.91897468950134,141.71070861816406,126663000,0.0,0.0,0.0
2013-10-23,141.22601903173592,141.29065114816459,140.53932590839827,141.03213500976562,105484000,0.0,0.0,0.0
2013-10-24,141.3149227442571,141.6784677056204,140.9836876857026,141.500732421875,70350000,0.0,0.0,0.0
2013-10-25,141.79153270199023,142.187399786958,141.5168554564121,142.14700317382812,93625000,0.0,0.0,0.0
2013-10-28,142.09856792456395,142.56714163468104,141.94506815243543,142.3732452392578,84979000,0.0,0.0,0.0
2013-10-29,142.69637799927028,143.18918712154974,142.49440724960357,143.13262939453125,87401000,0.0,0.0,0.0
2013-10-30,143.30232445964774,143.40734089197053,141.91276438401786,142.42172241210938,140002000,0.0,0.0,0.0
2013-10-31,142.3085384722548,142.90637613244513,141.80765512258668,142.0177001953125,133795000,0.0,0.0,0.0
2013-11-01,142.2035711782502,142.68021919662127,141.55726230339434,142.35707092285156,142805000,0.0,0.0,0.0
2013-11-04,142.7448528028887,142.91450133382315,142.171250434562,142.8579559326172,85677000,0.0,0.0,0.0
2013-11-05,142.30053460242422,142.7933438068163,141.84004762666152,142.4055633544922,85825000,0.0,0.0,0.0
2013-11-06,143.01952626781053,143.39923226336927,142.6236591606299,143.13262939453125,87348000,0.0,0.0,0.0
2013-11-07,143.39926372610697,143.51236687764325,141.18565938624658,141.322998046875,157000000,0.0,0.0,0.0
2013-11-08,141.274493143919,143.2457295927368,141.25834435994352,143.2295684814453,136713000,0.0,0.0,0.0
2013-11-11,143.0922434823817,143.42347849516727,142.92259494326913,143.2538299560547,62614000,0.0,0.0,0.0
2013-11-12,142.94682106596443,143.28613044923483,142.48632183539408,142.96298217773438,83990000,0.0,0.0,0.0
2013-11-13,142.26016979987745,144.15061379602957,142.26016979987745,144.1102294921875,103844000,0.0,0.0,0.0
2013-11-14,144.23942963224547,144.9503706378668,144.0051489793839,144.82919311523438,103435000,0.0,0.0,0.0
2013-11-15,145.06345300555842,145.51586546172243,144.8776433883442,145.45932006835938,102818000,0.0,0.0,0.0
2013-11-18,145.7017314184489,145.8229089603417,144.62724534683133,144.9503936767578,104796000,0.0,0.0,0.0
2013-11-19,144.87769762882692,145.3139491385082,144.38488837729315,144.6353302001953,93891000,0.0,0.0,0.0
2013-11-20,144.92614278750847,145.36239421934215,143.78702470533534,144.18289184570312,124909000,0.0,0.0,0.0
2013-11-21,144.58680999188147,145.45932504173624,144.4979423758597,145.34622192382812,92841000,0.0,0.0,0.0
2013-11-22,145.40277413409225,146.08947959256545,145.23312561293642,146.0733184814453,81296000,0.0,0.0,0.0
2013-11-25,146.33184369949882,146.36415359370548,145.71784476373176,145.9279022216797,79486000,0.0,0.0,0.0
2013-11-26,146.00064498345466,146.404586561579,145.75020317738853,145.96832275390625,86994000,0.0,0.0,0.0
2013-11-27,146.12180547961663,146.4207305951332,145.94407021979072,146.3237762451172,58800000,0.0,0.0,0.0
2013-11-29,146.4853350888135,146.83271882283753,146.06523252416463,146.226806640625,55870900,0.0,0.0,0.0
2013-12-02,146.29945818550055,146.57413531303024,145.62083975490594,145.8470458984375,99726000,0.0,0.0,0.0
2013-12-03,145.37049500910004,145.73403995869984,144.74842153611996,145.2169952392578,116563000,0.0,0.0,0.0
2013-12-04,144.69184776531046,145.80671790373748,144.08593552563548,145.2008056640625,123033000,0.0,0.0,0.0
2013-12-05,144.94229756352445,145.20890044305685,144.42525291672982,144.56259155273438,106934000,0.0,0.0,0.0
2013-12-06,145.96024334779506,146.31571389670836,145.54014066932314,146.17837524414062,127728000,0.0,0.0,0.0
2013-12-09,146.60653026177974,146.76810439771128,146.35608850198838,146.5499725341797,70124000,0.0,0.0,0.0
2013-12-10,146.21066621122793,146.5176657050459,145.93598894166269,146.0248565673828,80976000,0.0,0.0,0.0
2013-12-11,146.08146279848455,146.10569831106255,144.20716764364923,144.38490295410156,130591000,0.0,0.0,0.0
2013-12-12,144.32024962323484,144.49798490759318,143.6093084858015,143.90823364257812,115565000,0.0,0.0,0.0
2013-12-13,144.2071485340434,144.33641280221033,143.61739726059554,143.89207458496094,107808000,0.0,0.0,0.0
2013-12-16,144.57064075098288,145.26542052972027,144.5302441410057,144.7887725830078,96195000,0.0,0.0,0.0
2013-12-17,144.91807163278347,144.94230713913146,144.0051598026171,144.32830810546875,89886000,0.0,0.0,0.0
2013-12-18,144.54645936756685,146.81660916682353,143.25385365555826,146.79237365722656,234906000,0.0,0.0,0.0
2013-12-19,146.37227229342236,146.79237500917088,145.99257853046657,146.6227264404297,136531200,0.0,0.0,0.0
2013-12-20,146.76893092381533,147.8248834144135,146.6714625811969,147.47560119628906,197087000,0.98,0.0,0.0
2013-12-23,148.1985515057317,148.35288467684677,147.88989755774912,148.26353454589844,85598000,0.0,0.0,0.0
2013-12-24,148.271564003931,148.65333138993157,148.2634457766136,148.58834838867188,45368800,0.0,0.0,0.0
2013-12-26,148.92141237806717,149.42502764327816,148.90517592007916,149.3437957763672,63365000,0.0,0.0,0.0
2013-12-27,149.53874537437284,149.603715995051,149.18134498942905,149.33567810058594,61814000,0.0,0.0,0.0
2013-12-30,149.35186756467309,149.47371532715118,149.1163150546643,149.31126403808594,56857000,0.0,0.0,0.0
2013-12-31,149.51437200187212,150.01797485351562,149.40064243486384,150.01797485351562,86119900,0.0,0.0,0.0
2014-01-02,149.44124914006906,149.51436277066628,148.22284562384073,148.5802459716797,119636900,0.0,0.0,0.0
2014-01-03,148.83206145951831,149.1326094500334,148.3447074434746,148.55589294433594,81390600,0.0,0.0,0.0
2014-01-06,149.04328015057538,149.1001325496372,147.89797760256857,148.1254119873047,108028200,0.0,0.0,0.0
2014-01-07,148.71835651673857,149.2869424460167,148.60463933088295,149.03514099121094,86144200,0.0,0.0,0.0
2014-01-08,149.01077742052402,149.31944367265518,148.55590866637957,149.06764221191406,96582300,0.0,0.0,0.0
2014-01-09,149.5468981697351,149.5631470257818,148.48282739222077,149.16513061523438,90683400,0.0,0.0,0.0
2014-01-10,149.4169254050178,149.636241571947,148.65339033027868,149.57125854492188,102026400,0.0,0.0,0.0
2014-01-13,149.18946612717332,149.6037189118478,147.2968776112708,147.5811767578125,149892000,0.0,0.0,0.0
2014-01-14,148.06854817166,149.27071552091067,147.79237961612046,149.18948364257812,105016100,0.0,0.0,0.0
2014-01-15,149.5387835175219,150.22108675686403,149.2219989853812,149.99365234375,98525800,0.0,0.0,0.0
2014-01-16,149.6849583515896,149.99362459553348,149.3194397120076,149.79867553710938,72290600,0.0,0.0,0.0
2014-01-17,149.53877993883458,149.82306675130076,148.90521088971542,149.16513061523438,107848700,0.0,0.0,0.0
2014-01-21,150.02612798719937,150.08299278393366,148.68588868247738,149.60374450683594,88621200,0.0,0.0,0.0
2014-01-22,149.85553550958872,149.9205185269744,149.38441792922492,149.70120239257812,61270900,0.0,0.0,0.0
2014-01-23,148.94577269070757,148.97013977082497,147.68676557050037,148.4746551513672,132496900,0.0,0.0,0.0
2014-01-24,147.5080320497445,147.5567661989653,145.2580438048807,145.30677795410156,208677100,0.0,0.0,0.0
2014-01-27,145.44494153385517,145.81859087215418,143.86913707996794,144.59205627441406,180843100,0.0,0.0,0.0
2014-01-28,144.69757120187484,145.6398060344088,144.6813223546273,145.45298767089844,110463200,0.0,0.0,0.0
2014-01-29,144.24278771198328,145.0306899459936,143.67420166533827,144.05596923828125,216597300,0.0,0.0,0.0
2014-01-30,145.25808985973364,146.0541101359483,144.79509050686053,145.58299255371094,118938100,0.0,0.0,0.0
2014-01-31,143.77973401913408,145.63170638354538,143.70663278233295,144.73008728027344,194677900,0.0,0.0,0.0
2014-02-03,144.5595564742827,144.88445920997742,141.1967623434381,141.47293090820312,254837100,0.0,0.0,0.0
2014-02-04,142.10645160441132,142.8293704806571,141.42414865487967,142.46385192871094,165012400,0.0,0.0,0.0
2014-02-05,141.96841751688305,142.60198653585132,141.09929587055274,142.2852020263672,164230500,0.0,0.0,0.0
2014-02-06,142.6181928771321,144.1614990234375,142.32577554060418,144.1614990234375,132877600,0.0,0.0,0.0
2014-02-07,144.83566663436045,146.10280414454215,144.36454918160882,145.94847106933594,170787200,0.0,0.0,0.0
2014-02-10,145.96476653498382,146.26531455425004,145.5667625762772,146.21656799316406,92218800,0.0,0.0,0.0
2014-02-11,146.33838826802267,148.19036062500112,146.2409075584375,147.81671142578125,117814100,0.0,0.0,0.0
2014-02-12,148.03603402239665,148.50715155762336,147.59741418987088,147.88983154296875,94717700,0.0,0.0,0.0
2014-02-13,146.89077375454727,148.80772975286536,146.88265552366826,148.6533966064453,100542200,0.0,0.0,0.0
2014-02-14,148.5153012753627,149.7499539606931,148.37721699521146,149.47378540039062,96498400,0.0,0.0,0.0
2014-02-18,149.60367350091872,149.85548726005206,149.1731719943116,149.6524200439453,80460900,0.0,0.0,0.0
2014-02-19,149.2625549243331,150.2291570688705,148.53963597161686,148.66148376464844,126524300,0.0,0.0,0.0
2014-02-20,148.86457243406207,149.8799088841335,148.32035358413302,149.53875732421875,104998100,0.0,0.0,0.0
2014-02-21,149.82301746943162,150.18041781942404,149.29504756691475,149.36814880371094,118116400,0.0,0.0,0.0
2014-02-24,149.68496748661352,151.20390692752142,149.619984463173,150.1967010498047,114063900,0.0,0.0,0.0
2014-02-25,150.31853175325892,150.74903342507324,149.64434684975402,150.13983154296875,117085000,0.0,0.0,0.0
2014-02-26,150.359165284908,150.7571816897172,149.72559624492297,150.14797973632812,98677200,0.0,0.0,0.0
2014-02-27,149.92864904887574,150.97647085380257,149.75806706497198,150.9358673095703,93880800,0.0,0.0,0.0
2014-02-28,150.91150756253572,152.01619430461466,150.31043621377316,151.31764221191406,150842000,0.0,0.0,0.0
2014-03-03,149.98552020227027,150.6353381164185,149.25448279525713,150.25357055664062,167748500,0.0,0.0,0.0
2014-03-04,151.7237332369668,152.69033540764457,151.69124792782506,152.3654327392578,167545900,0.0,0.0,0.0
2014-03-05,152.49540655113404,152.76345684364955,152.25984156941908,152.50352478027344,88376900,0.0,0.0,0.0
2014-03-06,152.8771626772198,153.2020653380847,152.52788054226008,152.852783203125,82516500,0.0,0.0,0.0
2014-03-07,153.48639928018264,153.48639928018264,152.24361595455784,152.9178009033203,114513500,0.0,0.0,0.0
2014-03-10,152.68221474855062,152.89340024021618,151.9592957877914,152.8365478515625,74939200,0.0,0.0,0.0
2014-03-11,153.06395127203243,153.28326734222858,151.73183079118408,152.0811004638672,99009100,0.0,0.0,0.0
2014-03-12,151.3420088755226,152.1786451908426,151.00084489200364,152.1217803955078,104824400,0.0,0.0,0.0
2014-03-13,152.57667030929846,152.69851814721238,149.9936597495778,150.41603088378906,155014300,0.0,0.0,0.0
2014-03-14,150.14798549427294,150.91963885264175,149.81495210569668,149.99365234375,153919600,0.0,0.0,0.0
2014-03-17,150.74904447748776,151.70752862061187,150.684061451323,151.35012817382812,98359500,0.0,0.0,0.0
2014-03-18,151.6588123122964,152.633533031083,151.49634853062665,152.4304656982422,101804600,0.0,0.0,0.0
2014-03-19,152.44666968010833,152.65786759358178,150.65156178104652,151.6181640625,176267300,0.0,0.0,0.0
2014-03-20,151.2851211202446,152.61724195943975,151.01707082772913,152.50352478027344,117241000,0.0,0.0,0.0
2014-03-21,153.14396537429047,154.2127321612391,151.77332413110648,151.91201782226562,163128000,0.825,0.0,0.0
2014-03-24,152.43420144695403,152.62185688322126,150.6230040592322,151.28384399414062,121411000,0.0,0.0,0.0
2014-03-25,152.05076506308257,152.5158079992297,151.15333278382596,152.00181579589844,103852000,0.0,0.0,0.0
2014-03-26,152.59735038725194,152.84210911506207,150.86774362223335,150.90853881835938,119843000,0.0,0.0,0.0
2014-03-27,150.72904098949832,151.21039190802372,150.03556004325674,150.59034729003906,142383000,0.0,0.0,0.0
2014-03-28,151.02271993918777,152.09148658475095,150.93297550984582,151.33274841308594,101642000,0.0,0.0,0.0
2014-03-31,152.29547332977668,152.8094653626108,151.35724615610448,152.57286071777344,99745000,0.0,0.0,0.0
2014-04-01,153.07052641914066,153.67426287228858,152.5647009131443,153.5845184326172,89193000,0.0,0.0,0.0
2014-04-02,153.78031294617563,154.30245896748852,153.49475908887229,154.09849548339844,78774000,0.0,0.0,0.0
2014-04-03,154.33510219842512,154.375897388878,153.421349687213,153.89454650878906,77435000,0.0,0.0,0.0
2014-04-04,154.73487205112374,154.76750073346676,151.83043381377826,152.07518005371094,169381000,0.0,0.0,0.0
2014-04-07,151.70808754087548,151.96100035361238,150.08454563371384,150.39456176757812,140803000,0.0,0.0,0.0
2014-04-08,150.32927573881827,151.2593489380888,149.78265497204,151.0146026611328,112660000,0.0,0.0,0.0
2014-04-09,151.4224777859167,152.68704127961806,150.98190974061163,152.63809204101562,100254000,0.0,0.0,0.0
2014-04-10,152.63000113231462,152.70342502059614,149.2441988238428,149.43185424804688,172959000,0.0,0.0,0.0
2014-04-11,148.59962424897262,149.643916212737,147.92246403905722,148.08563232421875,167251000,0.0,0.0,0.0
2014-04-14,149.24416808730152,149.60314584356504,148.0285535796159,149.25233459472656,132382000,0.0,0.0,0.0
2014-04-15,149.5623912738414,150.38639949760645,148.08568478034175,150.28033447265625,157093000,0.0,0.0,0.0
2014-04-16,151.31646797354588,151.86308875214235,150.64746160487945,151.8549346923828,105197000,0.0,0.0,0.0
2014-04-17,151.6509660045128,152.49129474219663,151.3898867137258,152.06704711914062,105255000,0.0,0.0,0.0
2014-04-21,152.10780043581605,152.64626698810324,151.9201575278162,152.59730529785156,68329000,0.0,0.0,0.0
2014-04-22,152.75236580411618,153.7069136456541,152.67078786020082,153.29083251953125,85790000,0.0,0.0,0.0
2014-04-23,153.23369816374984,153.31527609114028,152.80945061491127,152.93182373046875,73869000,0.0,0.0,0.0
2014-04-24,153.68242277305416,153.69874333969057,152.50759095412914,153.2418670654297,88170000,0.0,0.0,0.0
2014-04-25,152.74422451322528,152.83396897329675,151.6428163622525,151.9854736328125,100380000,0.0,0.0,0.0
2014-04-28,152.6054905587355,153.1276366117755,150.90035871588006,152.466796875,135121000,0.0,0.0,0.0
2014-04-29,152.9562754243173,153.41315158583427,152.62993886578857,153.1765594482422,84098000,0.0,0.0,0.0
2014-04-30,152.92367961366725,153.78848288367536,152.71154960098602,153.6334686279297,101508000,0.0,0.0,0.0
2014-05-01,153.5600053386705,154.065830717949,153.16023248956708,153.64974975585938,93019000,0.0,0.0,0.0
2014-05-02,153.63343734056684,154.3105975336374,153.2010357936211,153.42947387695312,98122000,0.0,0.0,0.0
2014-05-05,152.67895893230505,153.82931637552252,152.25471125025618,153.72325134277344,75883000,0.0,0.0,0.0
2014-05-06,153.3805663577602,153.4866313713509,152.35259470315296,152.38522338867188,85454000,0.0,0.0,0.0
2014-05-07,152.89918621129777,153.35606241489506,151.75698325336168,153.2826385498047,106500000,0.0,0.0,0.0
2014-05-08,153.1439023470424,154.237143309034,152.6299105362666,153.11941528320312,93618000,0.0,0.0,0.0
2014-05-09,153.14401311358841,153.41323407220992,152.42605736006863,153.3479766845703,83679000,0.0,0.0,0.0
2014-05-12,154.03330033800222,154.9144245102451,153.38061438275386,154.8409881591797,86940000,0.0,0.0,0.0
2014-05-13,155.04487161555835,155.3549000850934,154.82460002304498,154.9796142578125,66454000,0.0,0.0,0.0
2014-05-14,154.84096192130866,154.91439825993027,154.02510772773235,154.24539184570312,72367000,0.0,0.0,0.0
2014-05-15,153.93528303852202,153.9679241606631,152.1404072379199,152.8909912109375,154956000,0.0,0.0,0.0
2014-05-16,152.98077282891433,153.48661075359828,152.3362536726949,153.4213409423828,97458000,0.0,0.0,0.0
2014-05-19,153.12761911136053,154.10664129280352,152.98892544347584,153.98426818847656,63839000,0.0,0.0,0.0
2014-05-20,153.91085970925795,153.927180275767,152.62182128077052,153.013427734375,111644000,0.0,0.0,0.0
2014-05-21,153.4539949972184,154.37591411577924,153.42952037008365,154.302490234375,89093000,0.0,0.0,0.0
2014-05-22,154.34330742485903,154.99599334165097,154.08224052751132,154.6778106689453,61549000,0.0,0.0,0.0
2014-05-23,154.81645770151457,155.4038736045331,154.67776400898862,155.29782104492188,61092800,0.0,0.0,0.0
2014-05-27,155.8770515641114,156.30129909801548,155.7873071328806,156.25234985351562,72010000,0.0,0.0,0.0
2014-05-28,156.2523721459482,156.49713085231022,155.87707380300037,156.13815307617188,66723000,0.0,0.0,0.0
2014-05-29,156.49712155425956,156.97030592311572,156.09734860932198,156.94583129882812,64377000,0.0,0.0,0.0
2014-05-30,156.79906132720518,157.2967330161439,156.66852163362609,157.19882202148438,76316000,0.0,0.0,0.0
2014-06-02,157.4191063676327,157.4517475155378,156.6195725292638,157.37831115722656,64656000,0.0,0.0,0.0
2014-06-03,156.994817375929,157.37826984497872,156.84796959575527,157.29669189453125,65047000,0.0,0.0,0.0
2014-06-04,157.027467371134,157.70462788766807,156.8642990120898,157.61488342285156,55529000,0.0,0.0,0.0
2014-06-05,157.7943091514889,158.8059600417377,157.21504739260223,158.64279174804688,92103000,0.0,0.0,0.0
2014-06-06,158.985441588119,159.44231776901978,158.9120177266761,159.4015350341797,78696000,0.0,0.0,0.0
2014-06-09,159.37706960692236,159.94816486599038,159.23020942662316,159.56471252441406,65119000,0.0,0.0,0.0
2014-06-10,159.36895514747275,159.6137138952767,159.02629788012598,159.58108520507812,57129000,0.0,0.0,0.0
2014-06-11,159.00993981025275,159.18942868638254,158.66728262371697,159.02626037597656,68772000,0.0,0.0,0.0
2014-06-12,158.83863027127063,158.92837471658444,157.5495793517384,157.900390625,106350000,0.0,0.0,0.0
2014-06-13,158.21037907900788,158.53672809245904,157.70455366933606,158.3817138671875,82017000,0.0,0.0,0.0
2014-06-16,158.1859466735979,158.84678648489708,157.99830372137666,158.5122833251953,87424000,0.0,0.0,0.0
2014-06-17,158.29204092601,159.0670999534264,158.12070606045913,158.952880859375,84834000,0.0,0.0,0.0
2014-06-18,158.95284155297722,160.20925127685325,158.6020178479631,160.1195068359375,105267000,0.0,0.0,0.0
2014-06-19,160.2582312902932,160.39693745656223,159.74425161996928,160.2990264892578,85929000,0.0,0.0,0.0
2014-06-20,160.69824165704208,160.75563110750946,160.42771819469283,160.6244659423828,100587000,0.937,0.0,0.0
2014-06-23,160.66549189005775,160.71467571062766,160.2802019507918,160.5753173828125,70611000,0.0,0.0,0.0
2014-06-24,160.28834583606016,161.0835173805604,159.4275917147499,159.60794067382812,96237000,0.0,0.0,0.0
2014-06-25,159.2718286326044,160.49328062585948,159.2390435997385,160.32933044433594,82782000,0.0,0.0,0.0
2014-06-26,160.35392737589297,160.3703261471388,159.1406809842467,160.21456909179688,84312000,0.0,0.0,0.0
2014-06-27,159.83749688486714,160.57529160075885,159.76372116585776,160.52610778808594,71445100,0.0,0.0,0.0
2014-06-30,160.42766251219822,160.81295223315422,160.2883042633452,160.44406127929688,70201200,0.0,0.0,0.0
2014-07-01,160.83761534286205,162.00988379186887,160.78023839550357,161.5180206298828,90470000,0.0,0.0,0.0
2014-07-02,161.5344248699309,161.88691722468798,161.46064914571664,161.68197631835938,52475000,0.0,0.0,0.0
2014-07-03,162.14097534843924,162.5508569927393,162.01801585858726,162.47708129882812,52938800,0.0,0.0,0.0
2014-07-07,162.1655903904235,162.2967430186687,161.67372738156718,161.9114532470703,61696000,0.0,0.0,0.0
2014-07-08,161.61635178582407,161.67374122883092,160.47688114268797,160.87037658691406,108143000,0.0,0.0,0.0
2014-07-09,161.2720286568545,161.73929973662078,160.92772957583492,161.59173583984375,72992000,0.0,0.0,0.0
2014-07-10,160.0342157745594,161.37862728235584,159.90305062536046,160.9523468017578,99040000,0.0,0.0,0.0
2014-07-11,160.85396832541244,161.2884419077545,160.4932704437859,161.17367553710938,64243000,0.0,0.0,0.0
2014-07-14,161.99346840059408,162.19840927896595,161.85411010433305,161.9852752685547,58658000,0.0,0.0,0.0
2014-07-15,162.08366499785953,162.3951791782311,160.96878596708788,161.68197631835938,111307000,0.0,0.0,0.0
2014-07-16,162.4032939536868,162.52625343471735,161.83765532375787,162.28033447265625,79986400,0.0,0.0,0.0
2014-07-17,161.78034005356528,162.39516271020372,160.20638304500383,160.43592834472656,145398000,0.0,0.0,0.0
2014-07-18,160.96054549147752,162.239374369457,160.87037101887145,162.07542419433594,124330000,0.0,0.0,0.0
2014-07-21,161.56713865183414,161.9032445920373,161.02609189569168,161.77207946777344,67592000,0.0,0.0,0.0
2014-07-22,162.32132427261888,162.77219658306797,162.20655791255865,162.47708129882812,67678000,0.0,0.0,0.0
2014-07-23,162.72306319423208,163.00998543756074,162.3951627806556,162.83782958984375,65612000,0.0,0.0,0.0
2014-07-24,162.99357222984193,163.18211432552147,162.68205810851217,162.84600830078125,56888000,0.0,0.0,0.0
2014-07-25,162.3869724770652,162.52633079142745,161.76395662898685,162.0836639404297,76837000,0.0,0.0,0.0
2014-07-28,162.11643341056663,162.38695688020442,161.18190347390828,162.14923095703125,69259000,0.0,0.0,0.0
2014-07-29,162.452504886238,162.68203762823805,161.42780067781044,161.452392578125,80466000,0.0,0.0,0.0
2014-07-30,162.02630627214432,162.23945286065862,160.8048662442545,161.47706604003906,104222000,0.0,0.0,0.0
2014-07-31,160.35398561660372,160.4933439513149,158.18980984422697,158.28817749023438,183479000,0.0,0.0,0.0
2014-08-01,157.85361189498238,158.83732530869565,157.0420542702514,157.80442810058594,189261000,0.0,0.0,0.0
2014-08-04,158.10779214300518,159.2800605258841,157.43559253538297,158.94395446777344,91340000,0.0,0.0,0.0
2014-08-05,158.29632263738165,158.70620435057154,156.82893909934734,157.40277099609375,152690000,0.0,0.0,0.0
2014-08-06,156.66495658375987,158.12413418088758,156.64036468673146,157.45193481445312,94818000,0.0,0.0,0.0
2014-08-07,158.16514679253137,158.32090383438734,156.20591283630395,156.59939575195312,135733000,0.0,0.0,0.0
2014-08-08,156.95187891963803,158.51761723627695,156.53379165245312,158.4110565185547,117014000,0.0,0.0,0.0
2014-08-11,159.0095059805407,159.5751447218043,158.79637200193852,158.87014770507812,74544000,0.0,0.0,0.0
2014-08-12,158.7144320767418,159.15709891969223,158.16519196238104,158.6488494873047,73632000,0.0,0.0,0.0
2014-08-13,159.27179921143795,159.9030204277295,159.00128834162203,159.72267150878906,69047000,0.0,0.0,0.0
2014-08-14,159.9850323866912,160.4768829345703,159.83746846630947,160.4768829345703,57371000,0.0,0.0,0.0
2014-08-15,161.05888370525722,161.20643508336244,159.28819211642883,160.44406127929688,139951000,0.0,0.0,0.0
2014-08-18,161.32947808908787,161.86231942269973,161.2393035932428,161.78854370117188,75424000,0.0,0.0,0.0
2014-08-19,162.182001127093,162.75583305162903,161.85410074410035,162.63287353515625,59135000,0.0,0.0,0.0
2014-08-20,162.41159978942284,163.26416114485556,162.37881474126138,163.06741333007812,72763000,0.0,0.0,0.0
2014-08-21,163.20669490190684,163.7559348876182,163.0755297537557,163.5428009033203,67791000,0.0,0.0,0.0
2014-08-22,163.41167108295264,163.69859334298806,162.91982043394867,163.28871154785156,76107000,0.0,0.0,0.0
2014-08-25,164.06742387013776,164.43631484781676,163.25585371236792,164.11660766601562,63855000,0.0,0.0,0.0
2014-08-26,164.2232666015625,164.62495532519148,164.18227591407356,164.2232666015625,47298000,0.0,0.0,0.0
2014-08-27,164.30517470108325,164.41995358704293,163.9034986346123,164.15762329101562,47874000,0.0,0.0,0.0
2014-08-28,163.61654104917105,164.1739865533637,163.45259090391235,164.06741333007812,58330000,0.0,0.0,0.0
2014-08-29,164.32159773854667,164.5511305271692,163.80515521844544,164.5347442626953,65907000,0.0,0.0,0.0
2014-09-02,164.74782829547493,164.77242019332363,163.83789054928738,164.4527130126953,72426000,0.0,0.0,0.0
2014-09-03,165.08395989214134,165.1085517938107,164.13303133226847,164.36256408691406,57462000,0.0,0.0,0.0
2014-09-04,164.6413051915498,165.24793470989772,163.67399022541008,164.12486267089844,85236000,0.0,0.0,0.0
2014-09-05,164.09210624069203,164.9282687574212,163.46909030174592,164.86268615722656,102177000,0.0,0.0,0.0
2014-09-08,164.70686375988004,164.94460215492762,163.95268291948207,164.43634033203125,64146000,0.0,0.0,0.0
2014-09-09,164.28880286757308,164.40356925501504,163.05915764129563,163.395263671875,88591000,0.0,0.0,0.0
2014-09-10,163.48537979222823,164.11660100041215,162.94434555095089,164.01004028320312,67251000,0.0,0.0,0.0
2014-09-11,163.35428347383422,164.2232308214307,163.23131143815993,164.19863891601562,66774400,0.0,0.0,0.0
2014-09-12,164.03467351079502,164.05105977382078,162.77223077633846,163.239501953125,117409300,0.0,0.0,0.0
2014-09-15,163.26411057338487,163.39527574260777,162.62469600917206,163.11654663085938,76401000,0.0,0.0,0.0
2014-09-16,162.81322246892105,164.64129149554003,162.72304798732472,164.34617614746094,116201000,0.0,0.0,0.0
2014-09-17,164.5839341740712,165.32990951044658,163.74777183675232,164.56753540039062,151266000,0.0,0.0,0.0
2014-09-18,165.06755970205413,165.46924827352822,164.85442571988656,165.4446563720703,94990000,0.0,0.0,0.0
2014-09-19,165.970947517806,166.28390522229688,164.95791613367513,165.29559326171875,121649000,0.939,0.0,0.0
2014-09-22,165.00736764753654,165.03207450779917,163.67313435800284,164.01904296875,125553000,0.0,0.0,0.0
2014-09-23,163.426063050567,164.1096488822495,163.03074069543808,163.0801544189453,111393000,0.0,0.0,0.0
2014-09-24,163.10480583374672,164.46374560358373,162.67654533088916,164.35667419433594,107276000,0.0,0.0,0.0
2014-09-25,163.92843236805624,163.9366763654569,161.647082026393,161.70472717285156,150300000,0.0,0.0,0.0
2014-09-26,162.0012052903277,163.3930834636835,161.77059959419316,162.98951721191406,103547000,0.0,0.0,0.0
2014-09-29,161.58936343730184,162.98124123017644,161.4658291935231,162.69297790527344,95112000,0.0,0.0,0.0
2014-09-30,162.8165626114416,163.31895626484734,161.92707814801506,162.26475524902344,131302000,0.0,0.0,0.0
2014-10-01,162.00123784905338,162.05889556820892,159.70341185537535,160.0657958984375,177798000,0.0,0.0,0.0
2014-10-02,159.92570974928026,160.6504775460409,158.41854159375413,160.09043884277344,157285000,0.0,0.0,0.0
2014-10-03,161.1611214503601,162.19885956599353,160.66697181311898,161.8529510498047,121569000,0.0,0.0,0.0
2014-10-06,162.5282754070243,162.74241820412692,161.0787523644065,161.6634979248047,104778000,0.0,0.0,0.0
2014-10-07,160.83168046096915,161.19406438405736,159.13507624566202,159.1680145263672,147913000,0.0,0.0,0.0
2014-10-08,159.25868204811766,162.1824490314447,158.42685499068276,161.95184326171875,186461000,0.0,0.0,0.0
2014-10-09,161.69644989634725,161.9188241229382,158.60796784339496,158.73974609375,210705000,0.0,0.0,0.0
2014-10-10,158.69857860206253,159.4892230437084,156.88667147563507,156.92784118652344,221909000,0.0,0.0,0.0
2014-10-13,156.8620209320866,157.43029133042367,154.25945586268625,154.3500518798828,230939000,0.0,0.0,0.0
2014-10-14,155.18182629655522,156.3348672670388,154.0452607509968,154.58883666992188,215847000,0.0,0.0,0.0
2014-10-15,152.4969504462394,154.58064611941268,149.8284964207241,153.54290771484375,380715000,0.0,0.0,0.0
2014-10-16,150.76735581372168,154.49001014298076,150.62734611872068,153.41110229492188,270391000,0.0,0.0,0.0
2014-10-17,155.18187068795575,156.2772542680809,154.5229917402098,155.22305297851562,214625000,0.0,0.0,0.0
2014-10-20,154.94299373055915,156.8537283646901,154.89358002140185,156.73019409179688,130011000,0.0,0.0,0.0
2014-10-21,157.86679951798848,159.9422639611553,157.7020829104197,159.835205078125,154949000,0.0,0.0,0.0
2014-10-22,160.11517817501925,160.52697585816037,158.63270400229771,158.69859313964844,151822000,0.0,0.0,0.0
2014-10-23,160.28811398026255,161.58939606812112,159.99161916825597,160.54342651367188,154944000,0.0,0.0,0.0
2014-10-24,160.80703290143987,161.8282959187879,160.18110480071934,161.77886962890625,117927000,0.0,0.0,0.0
2014-10-27,161.20235068067757,161.7953404717358,160.62583631911278,161.55650329589844,82954000,0.0,0.0,0.0
2014-10-28,162.1000323922669,163.41777732726365,162.025899264564,163.4095458984375,106736000,0.0,0.0,0.0
2014-10-29,163.5248289659653,163.99427169363452,162.0835373704379,163.16244506835938,142557000,0.0,0.0,0.0
2014-10-30,162.72591564097064,164.67783193783723,162.57766199331334,164.20838928222656,113330000,0.0,0.0,0.0
2014-10-31,166.18511590074576,166.21806676165906,165.35328888521866,166.08628845214844,146903000,0.0,0.0,0.0
2014-11-03,166.30036837975288,166.73687290152958,165.79797472318964,166.1768341064453,93600000,0.0,0.0,0.0
2014-11-04,165.7321075168148,166.03684637640666,164.76850235631645,165.600341796875,93343000,0.0,0.0,0.0
2014-11-05,166.81104839478155,166.8522306884675,165.91333220095734,166.64633178710938,91709000,0.0,0.0,0.0
2014-11-06,166.6874874912074,167.40401153217255,166.06979088566652,167.31341552734375,107089000,0.0,0.0,0.0
2014-11-07,167.329838953783,167.68399143244113,166.86862764237625,167.4698486328125,89540000,0.0,0.0,0.0
2014-11-10,167.50281386790624,168.0463772075769,167.29691504569357,167.99696350097656,66319000,0.0,0.0,0.0
2014-11-11,168.0628852141242,168.26878407625404,167.72520806413468,168.16171264648438,54499400,0.0,0.0,0.0
2014-11-12,167.4781360691182,168.2111355006751,167.44518521429038,167.98052978515625,90120300,0.0,0.0,0.0
2014-11-13,168.14524553511268,168.6970529636227,167.36283239221245,168.16995239257812,85357900,0.0,0.0,0.0
2014-11-14,168.09583300624917,168.41703472263535,167.78286272005323,168.2111358642578,80417500,0.0,0.0,0.0
2014-11-17,167.8899005193875,168.49112154664553,167.72517141202565,168.3181610107422,80441000,0.0,0.0,0.0
2014-11-18,168.3759083601472,169.59482648780156,168.3759083601472,169.29010009765625,76068100,0.0,0.0,0.0
2014-11-19,169.09238534733024,169.2900527859263,168.26055843982735,169.0182647705078,82373000,0.0,0.0,0.0
2014-11-20,168.22757592610955,169.421799196511,168.1616867923099,169.31472778320312,72840300,0.0,0.0,0.0
2014-11-21,171.01140628270917,171.17612290509254,169.64423443948903,170.2207489013672,142327300,0.0,0.0,0.0
2014-11-24,170.62427419823754,170.80546620932492,170.4101438974387,170.69839477539062,65880800,0.0,0.0,0.0
2014-11-25,170.92898435132895,171.13488320200935,170.31953179623883,170.57484436035156,79108300,0.0,0.0,0.0
2014-11-26,170.7231348143842,171.11022577084086,170.50900447196926,171.0113983154297,62167800,0.0,0.0,0.0
2014-11-28,170.8878059910944,171.20076368269216,170.41011917362974,170.64895629882812,57890100,0.0,0.0,0.0
2014-12-01,169.99009802858615,170.10540089037895,169.15003970712553,169.46299743652344,103968400,0.0,0.0,0.0
2014-12-02,169.50417894764968,170.76427899114628,169.47947208931203,170.55838012695312,74507200,0.0,0.0,0.0
2014-12-03,170.73132113218233,171.4313696499539,170.56660457312242,171.2172393798828,68952000,0.0,0.0,0.0
2014-12-04,170.92902253281642,171.5302563593939,170.23720525609116,171.02786254882812,91316600,0.0,0.0,0.0
2014-12-05,171.20078989333257,171.69495221245316,170.93724587231947,171.307861328125,91025500,0.0,0.0,0.0
2014-12-08,170.91249963909075,171.4066492773018,169.6029735652243,170.16302490234375,108588200,0.0,0.0,0.0
2014-12-09,168.3182044724072,170.1548314437846,167.93935758861193,170.04776000976562,125180100,0.0,0.0,0.0
2014-12-10,169.58655823487155,169.64420338697136,167.1322345124419,167.32167053222656,159856400,0.0,0.0,0.0
2014-12-11,167.91463982072247,169.81714324797602,167.77463010606192,168.16995239257812,159012800,0.0,0.0,0.0
2014-12-12,166.89331785517732,167.86516665052395,165.4190880912561,165.4520263671875,202330200,0.0,0.0,0.0
2014-12-15,166.3497566334868,166.80273651141,163.71425448065943,164.3154754638672,189965800,0.0,0.0,0.0
2014-12-16,163.5495490179996,166.69567639131327,162.95655942260927,162.99774169921875,259543800,0.0,0.0,0.0
2014-12-17,163.4342614875855,166.6462782908317,163.31071464618827,166.19329833984375,253910100,0.0,0.0,0.0
2014-12-18,168.622925732917,175.40111231645395,167.9475714766781,170.3030548095703,257633900,0.0,0.0,0.0
2014-12-19,170.95316765543888,171.69850225540927,170.2740984987699,171.0277099609375,245084600,1.135,0.0,0.0
2014-12-22,171.21816004761135,171.81442260742188,170.9780047060016,171.81442260742188,148318900,0.0,0.0,0.0
2014-12-23,172.39412816416552,172.44381460744134,171.7564559904556,172.0463104248047,122167900,0.0,0.0,0.0
2014-12-24,172.2698709151854,172.5348694281806,172.02142612170877,172.06283569335938,42963400,0.0,0.0,0.0
2014-12-26,172.51002867949322,172.9572318414319,172.46034224737275,172.61769104003906,57326700,0.0,0.0,0.0
2014-12-29,172.43550838538636,173.05661409343963,172.3692555934893,172.84957885742188,79643900,0.0,0.0,0.0
2014-12-30,172.42720926279756,172.55970219305735,171.84750056765225,171.9220428466797,73540800,0.0,0.0,0.0
2014-12-31,172.24503508191177,172.4106607391859,170.0918636280654,170.21607971191406,130333800,0.0,0.0,0.0
2015-01-02,170.91174406115695,171.3258145622169,169.08982374735015,170.125,121465900,0.0,0.0,0.0
2015-01-05,169.08155533396388,169.24718101537695,166.74620416225187,167.0526123046875,169632600,0.0,0.0,0.0
2015-01-06,167.35901221336937,167.88074508876025,164.68412031268113,165.47914123535156,209151400,0.0,0.0,0.0
2015-01-07,166.80415376773578,167.88073956316435,166.35696320099726,167.54119873046875,125346700,0.0,0.0,0.0
2015-01-08,168.9490503774883,170.72956120963863,168.93249665478461,170.5142364501953,147217800,0.0,0.0,0.0
2015-01-09,170.92831011812547,170.94487647756347,168.53498295474012,169.14781188964844,158567300,0.0,0.0,0.0
2015-01-12,169.2803208086118,169.43766963528094,167.21824497501035,167.82278442382812,144396100,0.0,0.0,0.0
2015-01-13,169.04015605583254,170.16642844907784,166.0505662011731,167.3507537841797,214553300,0.0,0.0,0.0
2015-01-14,165.3383521156499,166.53916672214785,164.4439709204368,166.3404083251953,192991100,0.0,0.0,0.0
2015-01-15,166.97805285767345,167.29273780529536,164.70066539430715,164.8166046142578,176613900,0.0,0.0,0.0
2015-01-16,164.60955928064396,167.1353913848999,164.42736728384997,166.97804260253906,211879600,0.0,0.0,0.0
2015-01-20,167.61571710165006,167.88072826145347,165.7689663888203,167.3341522216797,130991100,0.0,0.0,0.0
2015-01-21,166.87042960463523,168.65921739145298,166.40667261614846,168.17889404296875,122942700,0.0,0.0,0.0
2015-01-22,168.93243212391317,170.81230248347842,167.5577154788659,170.6798095703125,174356000,0.0,0.0,0.0
2015-01-23,170.42308743081597,170.67982169003744,169.61151299568783,169.7440185546875,117516800,0.0,0.0,0.0
2015-01-26,169.52875477378714,170.2326670631215,168.81655298688875,170.14157104492188,92009700,0.0,0.0,0.0
2015-01-27,168.08783834292518,169.04019577015615,167.06922809624018,167.89736938476562,134044600,0.0,0.0,0.0
2015-01-28,169.08154787208377,169.18092074926022,165.55367173160218,165.744140625,168514300,0.0,0.0,0.0
2015-01-29,165.9429070087455,167.53293630229993,164.53505711997988,167.27621459960938,173585400,0.0,0.0,0.0
2015-01-30,166.10027140317112,167.42528962048652,164.90774616208577,165.17274475097656,197729700,0.0,0.0,0.0
2015-02-02,165.66965690875878,167.30937301902216,163.8560255787795,167.21827697753906,163107000,0.0,0.0,0.0
2015-02-03,168.11260679625465,169.64467255315608,167.7399459094598,169.63638305664062,124212900,0.0,0.0,0.0
2015-02-04,168.87449351685765,170.0835848102543,168.53495270967596,168.9904327392578,134306700,0.0,0.0,0.0
2015-02-05,169.65300356580246,170.84552889333736,169.57847389193944,170.6964569091797,97953200,0.0,0.0,0.0
2015-02-06,171.06084433281987,171.62398692003654,169.70269326962097,170.22442626953125,125672000,0.0,0.0,0.0
2015-02-09,169.57844839821885,170.29892707677755,169.05671548674957,169.46250915527344,87219000,0.0,0.0,0.0
2015-02-10,170.49765727271208,171.5245439299293,169.50387805595938,171.267822265625,96164200,0.0,0.0,0.0
2015-02-11,171.10223469296227,171.7978701903845,170.45628564015155,171.3672332763672,91087800,0.0,0.0,0.0
2015-02-12,172.1622743600259,173.07323473881834,171.40038596886853,173.0152587890625,97545900,0.0,0.0,0.0
2015-02-13,173.13942875474757,173.77708816692638,172.88269445414045,173.72740173339844,93670400,0.0,0.0,0.0
2015-02-17,173.41267062648163,174.17457124809536,173.1642385068524,174.0006561279297,76968200,0.0,0.0,0.0
2015-02-18,173.62804566701706,174.09180260672233,173.3630344806547,174.01727294921875,80652900,0.0,0.0,0.0
2015-02-19,173.42097167592283,174.25738935272804,173.28018925327794,173.89300537109375,91462500,0.0,0.0,0.0
2015-02-20,173.47897194148132,175.01103783545233,172.8578661957788,174.93650817871094,140896400,0.0,0.0,0.0
2015-02-23,174.68809573958757,174.9116973876953,174.30714525156807,174.9116973876953,74411100,0.0,0.0,0.0
2015-02-24,174.83714993892866,175.60732775468037,174.53901862902975,175.4085693359375,72472300,0.0,0.0,0.0
2015-02-25,175.28427314308,175.76459629161576,174.91988919340287,175.25942993164062,73061700,0.0,0.0,0.0
2015-02-26,175.16839895868685,175.32574778048672,174.44790765025743,175.05245971679688,72697900,0.0,0.0,0.0
2015-02-27,174.95311495836134,175.21812622238346,174.40655134007275,174.45623779296875,108076000,0.0,0.0,0.0
2015-03-02,174.55557617747365,175.6155957510603,174.50588973440398,175.55763244628906,87491400,0.0,0.0,0.0
2015-03-03,175.1269362441758,175.6072594252525,173.97582103594183,174.8370819091797,110325800,0.0,0.0,0.0
2015-03-04,174.24088012505203,174.31542242677207,173.1311740981912,174.10009765625,114497200,0.0,0.0,0.0
2015-03-05,174.42306608608567,174.57213804789114,173.7854065678499,174.2905731201172,76873000,0.0,0.0,0.0
2015-03-06,173.4292777790329,173.8599146150726,171.50799732884414,171.83924865722656,188128000,0.0,0.0,0.0
2015-03-09,172.03799406671536,172.90753189727454,171.88064527484585,172.5514373779297,89818900,0.0,0.0,0.0
2015-03-10,171.18499681365492,171.2678033149367,169.7108945082944,169.75230407714844,157121300,0.0,0.0,0.0
2015-03-11,170.00900773205714,170.18292284827945,169.2719629755435,169.3547821044922,110145700,0.0,0.0,0.0
2015-03-12,169.98422177872797,171.57425102601943,169.93453533919217,171.5080108642578,93993500,0.0,0.0,0.0
2015-03-13,171.23472289413294,172.19535687729632,169.42109203161417,170.45626831054688,162410900,0.0,0.0,0.0
2015-03-16,171.18499278596744,172.8247080553119,170.48106804128992,172.73361206054688,136099200,0.0,0.0,0.0
2015-03-17,171.99659798758267,172.60113735012428,171.40861234601115,172.22019958496094,94510400,0.0,0.0,0.0
2015-03-18,171.7481739993735,174.9613653571674,171.11050184470795,174.2905731201172,228808500,0.0,0.0,0.0
2015-03-19,173.87646427986863,174.2988115784741,173.10628669249752,173.49551391601562,117917300,0.0,0.0,0.0
2015-03-20,174.44466325815185,175.53436844942433,174.2616579764139,175.02694702148438,177715100,0.931,0.0,0.0
2015-03-23,175.03532925688862,175.60929943829044,174.6859588623047,174.6859588623047,71784500,0.0,0.0,0.0
2015-03-24,174.56110680667695,175.01860728358153,173.6377666615093,173.70431518554688,77805300,0.0,0.0,0.0
2015-03-25,173.91231373233074,174.14522727250312,171.11733855742628,171.15892028808594,159521700,0.0,0.0,0.0
2015-03-26,170.4934293880964,171.66631068398317,169.79467620136552,170.7512969970703,153067200,0.0,0.0,0.0
2015-03-27,170.6348667174056,171.3169670121619,170.44353491288456,171.1422882080078,118939000,0.0,0.0,0.0
2015-03-30,172.17374153535073,173.52964087435808,172.15711392232274,173.2301788330078,96180400,0.0,0.0,0.0
2015-03-31,172.40659776093383,173.10535075380096,171.6579492527271,171.71617126464844,126768700,0.0,0.0,0.0
2015-04-01,171.6829788209666,171.7079329360202,170.11911991581752,171.1090087890625,137303600,0.0,0.0,0.0
2015-04-02,171.04245064458402,172.17375033720432,170.85944534924582,171.7245635986328,86900900,0.0,0.0,0.0
2015-04-06,170.83450255255133,173.39656416417543,170.701418168536,172.88082885742188,114368200,0.0,0.0,0.0
2015-04-07,172.90574608963576,173.65439477476426,172.39001089289536,172.42327880859375,81236300,0.0,0.0,0.0
2015-04-08,172.64788540538498,173.44644234245783,172.2569207428978,173.0055694580078,89351900,0.0,0.0,0.0
2015-04-09,172.83920477224896,174.0037722627483,172.34842366502664,173.77085876464844,85548900,0.0,0.0,0.0
2015-04-10,174.02046705060823,174.76080219267658,173.82083409992583,174.71920776367188,72722900,0.0,0.0,0.0
2015-04-13,174.57774157166983,175.20994622951594,173.87900107989284,173.9289093017578,74436600,0.0,0.0,0.0
2015-04-14,173.72928217590538,174.444662996307,173.10540399623537,174.26165771484375,75099900,0.0,0.0,0.0
2015-04-15,174.72747421521345,175.55098523943107,174.64428538579418,175.04356384277344,99529300,0.0,0.0,0.0
2015-04-16,174.7108915740687,175.50113494303832,174.5112459332694,174.99371337890625,68934900,0.0,0.0,0.0
2015-04-17,173.8041604387327,174.04538777213105,172.1987071756499,172.9806365966797,191113200,0.0,0.0,0.0
2015-04-20,173.9039222881731,174.89381081065358,173.8207461650796,174.5610809326172,92189500,0.0,0.0,0.0
2015-04-21,175.2432242976131,175.4012754712299,174.05370263148143,174.35316467285156,72559800,0.0,0.0,0.0
2015-04-22,174.69421298498898,175.39296622825637,173.77087272447622,175.2099609375,78264600,0.0,0.0,0.0
2015-04-23,174.81066901866583,176.29966545157106,174.6942122607432,175.6508331298828,102585900,0.0,0.0,0.0
2015-04-24,176.0667066243413,176.32457418674727,175.60919351708972,176.05838012695312,61327400,0.0,0.0,0.0
2015-04-27,176.62406528021913,176.74883583330077,175.13506898499944,175.32640075683594,79358100,0.0,0.0,0.0
2015-04-28,175.30150513246107,175.93369730038367,174.12861077084412,175.8837890625,86863500,0.0,0.0,0.0
2015-04-29,174.9936565199954,175.75894552181222,174.35315076294765,175.1600341796875,125684900,0.0,0.0,0.0
2015-04-30,174.58606924936552,174.9770339137259,172.7061082608666,173.4048614501953,161304900,0.0,0.0,0.0
2015-05-01,174.18677366593695,175.32639971290897,174.08695722406594,175.28480529785156,103399700,0.0,0.0,0.0
2015-05-04,175.70909101756808,176.366249972887,175.60096073711145,175.78396606445312,70927200,0.0,0.0,0.0
2015-05-05,175.54267680425372,175.90037355030015,173.62944790457593,173.77085876464844,113326200,0.0,0.0,0.0
2015-05-06,174.31992371713588,174.62769963503646,171.99077538693658,173.05552673339844,135060200,0.0,0.0,0.0
2015-05-07,172.95571305311998,174.17020182035276,172.6229830117935,173.74595642089844,88244900,0.0,0.0,0.0
2015-05-08,175.417941256813,176.23313866284923,175.33475240824686,176.0334930419922,155877300,0.0,0.0,0.0
2015-05-11,175.9919139186372,176.25809539088837,175.1184817670937,175.19334411621094,75708100,0.0,0.0,0.0
2015-05-12,174.36150511096568,175.20998313991484,173.53798119820593,174.66928100585938,119727600,0.0,0.0,0.0
2015-05-13,175.07685427494943,175.70073245209886,174.46961640318415,174.70252990722656,94667900,0.0,0.0,0.0
2015-05-14,175.71739318173817,176.61577938439606,175.4428852287453,176.52427673339844,95934000,0.0,0.0,0.0
2015-05-15,176.71556091308594,176.85697176525187,176.23309363890243,176.71556091308594,76510100,0.0,0.0,0.0
2015-05-18,176.5492521915636,177.51417435447638,176.48270364708046,177.26463317871094,74549700,0.0,0.0,0.0
2015-05-19,177.38106661495368,177.65557456500738,176.9235533648642,177.2063751220703,72114600,0.0,0.0,0.0
2015-05-20,177.30616047556347,177.83022216944553,176.76547117029347,177.08157348632812,76857500,0.0,0.0,0.0
2015-05-21,176.94020486820656,177.80531050170612,176.77382717194772,177.59735107421875,64764600,0.0,0.0,0.0
2015-05-22,177.214677429024,177.63059623069003,177.1065471717183,177.173095703125,57433500,0.0,0.0,0.0
2015-05-26,176.68230992815077,177.1065552486118,174.85226965592858,175.2681884765625,124308600,0.0,0.0,0.0
2015-05-27,175.72569227161335,177.1647677596547,175.31808727988246,176.93185424804688,93214000,0.0,0.0,0.0
2015-05-28,176.62405006125587,176.84032323223988,176.04176637565863,176.73219299316406,74974600,0.0,0.0,0.0
2015-05-29,176.66568430602715,176.70726603429128,175.3680196018721,175.6342010498047,124919600,0.0,0.0,0.0
2015-06-01,176.29965816611687,176.63238811990755,175.20162647150613,175.99188232421875,93338800,0.0,0.0,0.0
2015-06-02,175.53443889974955,176.5076877289666,174.910560468751,175.8172607421875,91531000,0.0,0.0,0.0
2015-06-03,176.34955328512183,176.90688289736408,175.7922236728796,176.2830047607422,87820900,0.0,0.0,0.0
2015-06-04,175.57596623076313,176.2331123420793,174.47793451929695,174.79403686523438,151882800,0.0,0.0,0.0
2015-06-05,174.644277266899,175.16833894364447,173.8373938918091,174.4945526123047,121704700,0.0,0.0,0.0
2015-06-08,174.38644350417422,174.53618088064647,173.34664644724396,173.4215087890625,89063300,0.0,0.0,0.0
2015-06-09,173.39659118652344,173.9372933856817,172.7643990122124,173.39659118652344,105034700,0.0,0.0,0.0
2015-06-10,174.16180006317958,175.8587555420628,174.10357804288222,175.47610473632812,134551300,0.0,0.0,0.0
2015-06-11,175.91702581659672,176.42444729989205,175.6841122858548,176.04180908203125,73876400,0.0,0.0,0.0
2015-06-12,175.21829093363948,175.9170315486328,174.41972116447866,174.69422912597656,135382400,0.0,0.0,0.0
2015-06-15,173.55463763657374,174.22842422198158,172.84757043126274,173.9456024169922,124384200,0.0,0.0,0.0
2015-06-16,173.79579778471862,174.9770181704441,173.62111902272818,174.89382934570312,85308200,0.0,0.0,0.0
2015-06-17,175.1767120361328,175.7839627439491,174.15355513829485,175.1767120361328,126708600,0.0,0.0,0.0
2015-06-18,175.7755955789997,177.46422483733193,175.2099521217295,176.99839782714844,165867900,0.0,0.0,0.0
2015-06-19,176.75602447729432,176.83125097118443,175.83654703671488,176.2126922607422,130478700,1.03,0.0,0.0
2015-06-22,177.1321997686312,177.70059482505215,176.90650749407396,177.115478515625,70696000,0.0,0.0,0.0
2015-06-23,177.32445349767062,177.57522128004848,176.84800619027394,177.24085998535156,68476800,0.0,0.0,0.0
2015-06-24,176.97333157401434,177.34947675949232,175.92847675070024,175.95355224609375,92307300,0.0,0.0,0.0
2015-06-25,176.4551256776023,176.5805031815804,175.34339837554282,175.4186248779297,97107400,0.0,0.0,0.0
2015-06-26,175.77801604409242,176.02042951258704,174.83347592995116,175.38516235351562,104174800,0.0,0.0,0.0
2015-06-29,173.90560784580808,175.39347982436033,171.6320031417022,171.7072296142578,202621300,0.0,0.0,0.0
2015-06-30,173.245313432343,173.2954771862415,171.59026668186704,172.0667266845703,182925100,0.0,0.0,0.0
2015-07-01,173.6381420409531,173.8889097374112,172.66015950388396,173.44589233398438,135979900,0.0,0.0,0.0
2015-07-02,173.92237406091246,174.08954829467416,172.86915215451845,173.28709411621094,104373700,0.0,0.0,0.0
2015-07-06,171.99984285723042,173.57129600001744,171.79922611887224,172.79393005371094,117975400,0.0,0.0,0.0
2015-07-07,172.99456494205364,174.00597747860348,170.61229034809537,173.88059997558594,173820200,0.0,0.0,0.0
2015-07-08,172.54315319146906,172.82735065650917,170.72928665813495,170.9633331298828,164020100,0.0,0.0,0.0
2015-07-09,173.06142005787194,173.32055481517588,171.16397253584222,171.2726287841797,144113100,0.0,0.0,0.0
2015-07-10,173.2703487371135,173.84711060466248,171.31438368987548,173.42916870117188,129456900,0.0,0.0,0.0
2015-07-13,174.69139531345752,175.45204003194522,174.6495985640824,175.3433837890625,106069400,0.0,0.0,0.0
2015-07-14,175.30156255048627,176.41328960475772,175.24304455862048,176.10400390625,81709600,0.0,0.0,0.0
2015-07-15,176.1458189590258,176.60555767656038,175.56905700017123,176.04551696777344,97914100,0.0,0.0,0.0
2015-07-16,177.09870845121955,177.45814514160156,176.8563077450448,177.45814514160156,106683300,0.0,0.0,0.0
2015-07-17,177.44982256502612,177.66716058487873,177.04024753606447,177.608642578125,89030000,0.0,0.0,0.0
2015-07-20,177.83427547271813,178.1936993785049,177.38290384028775,177.70053100585938,70446800,0.0,0.0,0.0
2015-07-21,177.56682331473462,177.82595805590807,176.69750960925847,176.99842834472656,77965000,0.0,0.0,0.0
2015-07-22,176.3129951546989,177.01514736499615,176.27956540876897,176.6807861328125,88667900,0.0,0.0,0.0
2015-07-23,176.81452935695242,176.91483134859936,175.3266569594978,175.6860809326172,90509100,0.0,0.0,0.0
2015-07-24,175.78635043164496,175.8448556601876,173.52946691847038,173.8638153076172,117755000,0.0,0.0,0.0
2015-07-27,172.97779195349062,173.4876815708872,172.40938434913616,172.85240173339844,132361100,0.0,0.0,0.0
2015-07-28,173.68824180021605,175.11760832023498,172.8607252269266,174.9755096435547,123544800,0.0,0.0,0.0
2015-07-29,175.10090217541983,176.40487861934005,174.95880348648723,176.17919921875,105791300,0.0,0.0,0.0
2015-07-30,175.66935241801707,176.38821303691228,175.05079377933856,176.22103881835938,91304400,0.0,0.0,0.0
2015-07-31,176.72256386550384,176.74763936089735,175.66935479525043,175.95355224609375,103266900,0.0,0.0,0.0
2015-08-03,175.92009972351912,175.97860495366947,174.4071394214331,175.36004638671875,113965700,0.0,0.0,0.0
2015-08-04,175.28485598354138,175.7445946917955,174.53256555518115,175.0173797607422,81820800,0.0,0.0,0.0
2015-08-05,175.91174338222967,176.63060396132454,175.30990602510028,175.5941162109375,85786800,0.0,0.0,0.0
2015-08-06,175.77799111739955,175.8866600881819,173.57125849064948,174.15638732910156,116030800,0.0,0.0,0.0
2015-08-07,173.997608504689,174.14806149557737,172.91931105168084,173.8220672607422,117858000,0.0,0.0,0.0
2015-08-10,174.93372688928238,176.09560463690917,174.93372688928238,176.01202392578125,80270700,0.0,0.0,0.0
2015-08-11,174.67467215788415,175.09261413792316,173.66324695417575,174.4239044189453,126081400,0.0,0.0,0.0
2015-08-12,173.1199407509743,174.81678429962358,171.65714370871953,174.6328887939453,172123700,0.0,0.0,0.0
2015-08-13,174.47403258091833,175.15946346067116,173.87219518806353,174.41552734375,89383300,0.0,0.0,0.0
2015-08-14,174.22325170871736,175.12600772977814,174.0811529953894,175.05078125,72786500,0.0,0.0,0.0
2015-08-17,174.457325100876,176.02877807617188,173.99758642941626,176.02877807617188,79072600,0.0,0.0,0.0
2015-08-18,175.75296740093785,176.10403715468834,175.28487439593715,175.5189208984375,71692700,0.0,0.0,0.0
2015-08-19,174.77493847324834,175.54395002898568,173.32050884254755,174.13131713867188,172946000,0.0,0.0,0.0
2015-08-20,172.61836329246614,174.10623547356118,170.43670600935428,170.49522399902344,194327900,0.0,0.0,0.0
2015-08-21,168.62285717821266,170.4701662267819,165.10379306833215,165.3629150390625,346588500,0.0,0.0,0.0
2015-08-24,156.7198115160276,165.0702800247892,152.46515454939203,158.39993286132812,507244300,0.0,0.0,0.0
2015-08-25,163.35678309850042,163.3735043476429,156.243415760208,156.53598022460938,369833100,0.0,0.0,0.0
2015-08-26,160.55658221227628,162.82182045521694,157.45544730866962,162.54598999023438,339257000,0.0,0.0,0.0
2015-08-27,164.6858505688254,166.6919668394145,163.17290274119117,166.56658935546875,274143900,0.0,0.0,0.0
2015-08-28,165.92293231844926,167.0430135359747,165.43811818969027,166.57492065429688,160414400,0.0,0.0,0.0
2015-08-31,165.5969474230745,166.44955250791443,164.67747010073978,165.22915649414062,163298800,0.0,0.0,0.0
2015-09-01,161.42589041638857,162.8051064676503,159.42812845841777,160.29745483398438,256000400,0.0,0.0,0.0
2015-09-02,162.6797172217289,163.38186937689952,160.84077523011493,163.34007263183594,160269300,0.0,0.0,0.0
2015-09-03,164.05062394326157,165.54686376226337,162.96398471711137,163.4571533203125,152087800,0.0,0.0,0.0
2015-09-04,161.20018706006013,162.04442505995004,160.16368661345783,160.98284912109375,207081000,0.0,0.0,0.0
2015-09-08,163.78302979483357,165.17895383511973,163.13939587053403,165.0284881591797,116025700,0.0,0.0,0.0
2015-09-09,166.60838901088866,166.7337664970237,162.45404490926228,162.8218231201172,149347700,0.0,0.0,0.0
2015-09-10,162.62952761149262,164.8529812733041,162.3704057100358,163.70782470703125,158611100,0.0,0.0,0.0
2015-09-11,163.31499490982625,164.51866972562667,162.60448851715708,164.45179748535156,119691200,0.0,0.0,0.0
2015-09-14,164.62734674878465,164.67749774668127,163.35679953223493,163.84161376953125,79452000,0.0,0.0,0.0
2015-09-15,164.34310579897624,166.3325132199818,163.79978645933429,165.88949584960938,113806200,0.0,0.0,0.0
2015-09-16,166.1904500829999,167.51950247858431,165.84773460854305,167.32723999023438,99581600,0.0,0.0,0.0
2015-09-17,167.19352434689554,169.59250738984824,166.5749655837949,166.95111083984375,276046600,0.0,0.0,0.0
2015-09-18,164.441307212403,166.9367768216482,163.81113514057012,164.22283935546875,223657500,1.033,0.0,0.0
2015-09-21,165.05469450473444,166.09657093916724,164.02121575026516,165.07150268554688,105726200,0.0,0.0,0.0
2015-09-22,162.90370344182836,163.3910381019392,161.79459432139305,162.9289093017578,153890900,0.0,0.0,0.0
2015-09-23,163.09695421628368,163.5674807006895,162.08868134671624,162.66844177246094,92790600,0.0,0.0,0.0
2015-09-24,161.45005872283912,162.54235940310477,160.11409718094163,162.08023071289062,159378800,0.0,0.0,0.0
2015-09-25,163.54227425169978,163.84475739356947,161.16442315717407,162.03826904296875,155054800,0.0,0.0,0.0
2015-09-28,161.13922670151618,161.2484606488369,157.66067677744184,157.9715576171875,178515900,0.0,0.0,0.0
2015-09-29,158.19000695761784,159.42514531239374,157.06408971646624,158.06396484375,159045600,0.0,0.0,0.0
2015-09-30,159.95451653263208,161.181257479425,159.17310910158233,161.01321411132812,163452000,0.0,0.0,0.0
2015-10-01,161.39127453747872,161.7357716895095,159.49236059313813,161.43328857421875,131079000,0.0,0.0,0.0
2015-10-02,159.45034541254506,163.86994767897548,158.90418858061045,163.84474182128906,211003300,0.0,0.0,0.0
2015-10-05,165.07150392864102,166.98722628735067,164.96226998386578,166.76036071777344,126320800,0.0,0.0,0.0
2015-10-06,166.6258571171056,167.18880916461603,165.52515887340002,166.18893432617188,110274500,0.0,0.0,0.0
2015-10-07,167.12158476076627,167.9030045930181,165.92846082092828,167.55010986328125,124307300,0.0,0.0,0.0
2015-10-08,167.16363441027735,169.34823595046055,166.8611513173425,169.06256103515625,153055200,0.0,0.0,0.0
2015-10-09,169.20540514856876,169.642315217085,168.53321904661914,169.16339111328125,107069200,0.0,0.0,0.0
2015-10-12,169.23900049794267,169.52467541066562,168.81048812885825,169.32302856445312,56395600,0.0,0.0,0.0
2015-10-13,168.591991718698,169.8607460752655,168.08786186770175,168.2559051513672,88038700,0.0,0.0,0.0
2015-10-14,168.19714460448515,168.77690504339486,167.15526817132374,167.4493408203125,99106200,0.0,0.0,0.0
2015-10-15,168.11315237165064,170.02887497602552,167.74344926889634,170.02047729492188,134142200,0.0,0.0,0.0
2015-10-16,170.42375399346568,170.8102523905057,169.6591420581285,170.79345703125,114580100,0.0,0.0,0.0
2015-10-19,170.14646115682586,170.87745666503906,169.83558036751842,170.87745666503906,76523900,0.0,0.0,0.0
2015-10-20,170.44055678943275,171.27237577728562,170.18848537882585,170.6590118408203,78448500,0.0,0.0,0.0
2015-10-21,171.07915659863906,171.23039177900486,169.43230087185302,169.60035705566406,102038000,0.0,0.0,0.0
2015-10-22,170.54980785192444,172.6755878044173,169.60035708185666,172.4655303955078,174911700,0.0,0.0,0.0
2015-10-23,174.13757825267706,174.7257363870614,173.3393627259493,174.3560333251953,144442300,0.0,0.0,0.0
2015-10-26,174.17954634407485,174.2383557315556,173.55777201125318,173.92747497558594,69033000,0.0,0.0,0.0
2015-10-27,173.2553463797978,173.9275326450187,172.9108491560002,173.59144592285156,77905800,0.0,0.0,0.0
2015-10-28,173.92751866965267,175.59116960621006,173.26374295939777,175.5659637451172,135906700,0.0,0.0,0.0
2015-10-29,175.06178141271815,175.83479083740704,174.94414982245857,175.465087890625,90525500,0.0,0.0,0.0
2015-10-30,175.65837148776131,175.97766279002747,174.54927525080592,174.7089080810547,131076900,0.0,0.0,0.0
2015-11-02,175.0365954494891,176.96911282037263,174.91055334646418,176.77586364746094,86270800,0.0,0.0,0.0
2015-11-03,176.42295591692965,177.8429455558606,176.19609040480495,177.28839111328125,95246100,0.0,0.0,0.0
2015-11-04,177.58250317548837,177.7085324673243,176.21292504007855,176.75067138671875,96224500,0.0,0.0,0.0
2015-11-05,176.80946669781952,177.27159543254461,175.6835623774952,176.57420349121094,78408700,0.0,0.0,0.0
2015-11-06,176.22978338559173,176.71711815422435,175.15429038615696,176.48184204101562,110471500,0.0,0.0,0.0
2015-11-09,175.8684243134523,176.0196722814713,173.88548229652773,174.83494567871094,131008700,0.0,0.0,0.0
2015-11-10,174.35600725233144,175.2718670898659,174.0871404971983,175.23825073242188,75874600,0.0,0.0,0.0
2015-11-11,175.50713169043908,175.55754340611824,174.48205073534925,174.5492706298828,67846000,0.0,0.0,0.0
2015-11-12,173.5073939278004,173.9779204023647,172.0958145041074,172.11260986328125,121315200,0.0,0.0,0.0
2015-11-13,171.70086426962504,171.9697309814071,170.0960232138523,170.18003845214844,153577100,0.0,0.0,0.0
2015-11-16,169.9952579618973,172.82682759682015,169.87761351044455,172.76800537109375,117645200,0.0,0.0,0.0
2015-11-17,173.07884483987456,173.96107538240946,172.14618976784206,172.6419219970703,121123700,0.0,0.0,0.0
2015-11-18,173.1208991254109,175.5239562662432,173.07889790260933,175.38111877441406,121342500,0.0,0.0,0.0
2015-11-19,175.2634771977379,175.64998842848777,174.93578818898956,175.22987365722656,88220500,0.0,0.0,0.0
2015-11-20,175.98608560962322,176.54903789817084,175.4903532269914,175.8684539794922,94011500,0.0,0.0,0.0
2015-11-23,175.92724764453766,176.43137762573497,175.20464979935923,175.66677856445312,64931200,0.0,0.0,0.0
2015-11-24,174.6585200725292,176.3053757035368,174.2720216423702,175.90206909179688,98874400,0.0,0.0,0.0
2015-11-25,176.02805092668055,176.22971058860594,175.6163339247472,175.87681579589844,51980100,0.0,0.0,0.0
2015-11-27,175.9692877723704,176.28018145811757,175.49036354328518,176.07852172851562,37317800,0.0,0.0,0.0
2015-11-30,176.23812958132908,176.35576119312486,175.23825447062276,175.3474884033203,112822700,0.0,0.0,0.0
2015-12-01,175.97767012472167,177.1371909479036,175.70039284870492,177.01954650878906,97858400,0.0,0.0,0.0
2015-12-02,176.9691504800534,177.2884418239364,174.96100229166035,175.21307373046875,108441300,0.0,0.0,0.0
2015-12-03,175.46513794700394,175.73400473534974,172.03699985461813,172.7595977783203,166224200,0.0,0.0,0.0
2015-12-04,172.75960548838586,176.42300699189977,172.75960548838586,176.12892150878906,192913900,0.0,0.0,0.0
2015-12-07,175.80122188532042,176.22133665250286,174.0955569562305,175.06182861328125,102027100,0.0,0.0,0.0
2015-12-08,173.49899964415422,175.01140253603222,172.90243103880024,173.885498046875,103372400,0.0,0.0,0.0
2015-12-09,173.2469150156054,175.3390781729682,171.55804558972366,172.53271484375,162401500,0.0,0.0,0.0
2015-12-10,172.59997234359287,174.28882931654118,172.36470906838275,172.9780731201172,116128900,0.0,0.0,0.0
2015-12-11,170.8606570674319,171.5244326656426,169.3146251963517,169.62551879882812,211173300,0.0,0.0,0.0
2015-12-14,169.78521039920295,170.60863186087278,168.00391483485856,170.4825897216797,182385200,0.0,0.0,0.0
2015-12-15,171.99495481644678,173.17968134195252,170.45733348308715,172.27223205566406,154069600,0.0,0.0,0.0
2015-12-16,173.39816935138043,175.09543664417558,172.07901561545526,174.79295349121094,197017000,0.0,0.0,0.0
2015-12-17,175.1038164735659,175.1710363696927,172.1126016107863,172.12940979003906,173092500,0.0,0.0,0.0
2015-12-18,171.38729453922076,171.52252154037956,168.9023162201679,169.0629119873047,251393500,1.212,0.0,0.0
2015-12-21,170.23779486925858,170.63505404180987,169.12208496408795,170.45755004882812,99094300,0.0,0.0,0.0
2015-12-22,171.34505501864547,172.30016920397958,170.35613730247303,172.00433349609375,111026200,0.0,0.0,0.0
2015-12-23,173.0101957676597,174.17661773301222,172.91721991683897,174.1343536376953,110987200,0.0,0.0,0.0
2015-12-24,173.88072499338642,174.3963158340677,173.62715340175535,173.84690856933594,48539600,0.0,0.0,0.0
2015-12-28,173.15381035082765,173.49189717640118,172.37620033426,173.44964599609375,65899900,0.0,0.0,0.0
2015-12-29,174.5484811237396,175.63037473039074,174.514677591052,175.3007354736328,92640700,0.0,0.0,0.0
2015-12-30,175.05562110545048,175.14014928136507,173.91455521654785,174.05824279785156,63317700,0.0,0.0,0.0
2015-12-31,173.38206059532405,174.0244308507707,172.3170623779297,172.3170623779297,114877900,0.0,0.0,0.0
2016-01-04,169.46023208562661,169.9166507852404,167.85428673376003,169.908203125,222353500,0.0,0.0,0.0
2016-01-05,170.229360174468,170.6519752820483,169.08830712231494,170.195556640625,110845800,0.0,0.0,0.0
2016-01-06,167.64294053081133,169.0967373830813,167.01747849014774,168.0486602783203,152112600,0.0,0.0,0.0
2016-01-07,165.09880025596934,166.8822363182375,163.6280952098052,164.01690673828125,213436100,0.0,0.0,0.0
2016-01-08,164.98044314289444,165.53829802935783,161.9291623754755,162.21653747558594,209817200,0.0,0.0,0.0
2016-01-11,163.13785340380966,163.4759531747563,160.44158027718976,162.3771514892578,187941300,0.0,0.0,0.0
2016-01-12,163.8224957637583,164.43951009387482,161.55727250549293,163.687255859375,172330500,0.0,0.0,0.0
2016-01-13,164.35503341887548,164.70158094597977,159.22449207445186,159.60484313964844,221168900,0.0,0.0,0.0
2016-01-14,160.2133823150846,163.34917904316922,158.61589779958007,162.2250213623047,240795600,0.0,0.0,0.0
2016-01-15,157.8636269070395,159.545626525403,156.8070892986453,158.74266052246094,324846400,0.0,0.0,0.0
2016-01-19,160.55990909796947,160.68668844906233,157.38183579391037,158.95396423339844,195244400,0.0,0.0,0.0
2016-01-20,156.39290793131943,158.48062709063498,153.00354022959485,156.9169464111328,286547800,0.0,0.0,0.0
2016-01-21,157.39032886210708,159.63863150145605,156.0633111929954,157.79603576660156,195772900,0.0,0.0,0.0
2016-01-22,160.4077739585961,161.2360958795288,159.64707199611334,161.0332489013672,168319600,0.0,0.0,0.0
2016-01-25,160.52607657353218,160.72047585810714,158.40455396249536,158.5989532470703,130371700,0.0,0.0,0.0
2016-01-26,159.25826297444084,161.0416991030109,158.92017607403994,160.7627716064453,141036800,0.0,0.0,0.0
2016-01-27,160.23867271504818,161.91222416719484,158.1086899322901,159.01309204101562,185681700,0.0,0.0,0.0
2016-01-28,160.55991190958068,160.76275887488137,158.1932651026348,159.84146118164062,143798800,0.0,0.0,0.0
2016-01-29,160.61062728231084,163.873215985602,160.49229558414746,163.73797607421875,210529300,0.0,0.0,0.0
2016-02-01,162.73216408290494,164.4648885160024,162.14895320031806,163.67881774902344,136061600,0.0,0.0,0.0
2016-02-02,162.2503594786988,162.25880713586815,160.2048914913047,160.72894287109375,182564900,0.0,0.0,0.0
2016-02-03,161.78546543303634,162.09819638281365,158.14252646594213,161.69248962402344,205054900,0.0,0.0,0.0
2016-02-04,161.19382124474708,162.91808479426678,160.55989873581998,161.94607543945312,139531800,0.0,0.0,0.0
2016-02-05,161.43051462671764,162.00526495100985,158.22708506365447,158.8610076904297,180788300,0.0,0.0,0.0
2016-02-08,157.01838510563053,157.31420787559784,154.50805090359978,156.72254943847656,191526700,0.0,0.0,0.0
2016-02-09,154.98135312452078,158.00727767795794,154.84611324681546,156.73097229003906,184513100,0.0,0.0,0.0
2016-02-10,157.5593258347249,159.19061352791783,156.46897192310036,156.59576416015625,148214100,0.0,0.0,0.0
2016-02-11,154.11926880693227,155.6068821864375,153.06273107589232,154.5587921142578,219058900,0.0,0.0,0.0
2016-02-12,156.33376755034035,157.7621956092723,155.48853743639367,157.74530029296875,127632400,0.0,0.0,0.0
2016-02-16,159.55409807548358,160.43313175148,158.5905362261157,160.40777587890625,120250700,0.0,0.0,0.0
2016-02-17,161.57417270331123,163.39987263036465,161.44738046279596,163.02796936035156,136009500,0.0,0.0,0.0
2016-02-18,163.29845066594467,163.35762296284307,162.04751374504974,162.36024475097656,102343000,0.0,0.0,0.0
2016-02-19,161.58262196190358,162.43629964221327,160.97405531352098,162.28416442871094,114793000,0.0,0.0,0.0
2016-02-22,163.86479424035417,164.77764451261012,163.79717426864735,164.6339569091797,103640300,0.0,0.0,0.0
2016-02-23,163.97463734194952,164.24511716120486,162.43631238860692,162.55465698242188,111455300,0.0,0.0,0.0
2016-02-24,161.126197029946,163.5773588406894,160.01894780722012,163.29843139648438,150812200,0.0,0.0,0.0
2016-02-25,163.74639621495925,165.28472092975863,162.98569441134163,165.27626037597656,110728300,0.0,0.0,0.0
2016-02-26,166.14683875333813,166.23980165607202,164.7352935462606,164.89588928222656,129833700,0.0,0.0,0.0
2016-02-29,164.91286205285977,165.8595157337722,163.40835335404287,163.60275268554688,125918100,0.0,0.0,0.0
2016-03-01,164.82832871075618,167.5330755380809,164.35500188513095,167.44854736328125,141799700,0.0,0.0,0.0
2016-03-02,167.13582028123787,168.25151741126524,166.7216528504338,168.2008056640625,102415000,0.0,0.0,0.0
2016-03-03,168.023264053551,168.87695459773252,167.4485138509449,168.86004638671875,95172200,0.0,0.0,0.0
2016-03-04,169.05445926898167,170.18707734864023,168.22613742329827,169.40945434570312,129293600,0.0,0.0,0.0
2016-03-07,168.4881705921291,169.95042799930107,168.41210297594696,169.54470825195312,100219000,0.0,0.0,0.0
2016-03-08,168.47134899335737,168.97847955366447,167.53314262501627,167.6937255859375,123974900,0.0,0.0,0.0
2016-03-09,168.50506444392124,168.8685071772735,167.71899378547243,168.52197265625,94801200,0.0,0.0,0.0
2016-03-10,169.01218871936663,169.950394492203,166.83149387176897,168.6571807861328,156838700,0.0,0.0,0.0
2016-03-11,170.11098495754135,171.4210940354424,168.6402930134651,171.3788299560547,137964500,0.0,0.0,0.0
2016-03-14,170.87171300803712,171.61550669502927,170.54207379862802,171.15908813476562,73612000,0.0,0.0,0.0
2016-03-15,170.19550799686036,171.18442551829193,169.93348876859892,170.88014221191406,93169100,0.0,0.0,0.0
2016-03-16,170.39835726365493,172.2747687203931,170.3560931881602,171.86904907226562,129303200,0.0,0.0,0.0
2016-03-17,171.78461826298835,173.466618378712,171.38735897298923,172.95948791503906,134278500,0.0,0.0,0.0
2016-03-18,173.46075584484467,173.9790061650991,173.14641175285357,173.63917541503906,138372400,1.05,0.0,0.0
2016-03-21,173.37569122009475,174.11482974798653,173.14629848382694,173.88543701171875,72926700,0.0,0.0,0.0
2016-03-22,173.1123181271733,174.36121548595858,172.95090704313338,173.7919921875,97471900,0.0,0.0,0.0
2016-03-23,173.40967524526823,173.59658593127878,172.47512181521557,172.64505004882812,81052500,0.0,0.0,0.0
2016-03-24,171.61711301179898,172.60264013840452,171.39622436495685,172.5686492919922,84360900,0.0,0.0,0.0
2016-03-28,172.98487611595067,173.1972734387705,172.2202509392807,172.6705322265625,62408200,0.0,0.0,0.0
2016-03-29,172.26277511969204,174.37825779840784,171.95692235847662,174.26780700683594,92922900,0.0,0.0,0.0
2016-03-30,175.27029365995045,175.7545528708756,174.66707948932915,175.03240966796875,86365300,0.0,0.0,0.0
2016-03-31,174.93895959263287,175.36375430022682,174.4461961761792,174.6076202392578,94584100,0.0,0.0,0.0
2016-04-01,173.6136198276081,175.98396883290673,173.29926289671315,175.79705810546875,114423500,0.0,0.0,0.0
2016-04-04,175.72062303336168,175.9245292095298,174.9220067146725,175.2278594970703,63497000,0.0,0.0,0.0
2016-04-05,173.88550629771035,175.23635068476798,173.2228274299572,173.4777069091797,99662200,0.0,0.0,0.0
2016-04-06,173.47767256669442,175.4317309022867,173.29925307744682,175.37225341796875,91839800,0.0,0.0,0.0
2016-04-07,174.2847407131096,174.64156664755637,172.54308013301934,173.2737274169922,113859000,0.0,0.0,0.0
2016-04-08,174.45469511985496,174.88799403753805,173.2057975871912,173.7410430908203,95040600,0.0,0.0,0.0
2016-04-11,174.378274101007,175.07494383034904,173.2398270914916,173.33328247070312,83757500,0.0,0.0,0.0
2016-04-12,173.50314933463957,175.22781478977706,173.06135921418053,174.94744873046875,115350600,0.0,0.0,0.0
2016-04-13,175.86504055903507,176.79959426922812,175.72910311687826,176.71463012695312,96336400,0.0,0.0,0.0
2016-04-14,176.77410027514344,177.22438169033626,176.37479215771472,176.72311401367188,65212900,0.0,0.0,0.0
2016-04-15,176.7230966456095,176.85903406875903,176.20484656309486,176.52769470214844,75761600,0.0,0.0,0.0
2016-04-18,176.5276603478933,177.80204427357182,175.86498174363675,177.76806640625,82531000,0.0,0.0,0.0
2016-04-19,178.19293293404994,178.58373690257392,177.51325864008908,178.328857421875,88316100,0.0,0.0,0.0
2016-04-20,178.3713025834669,179.19540538775044,177.89553456526323,178.49874877929688,81100300,0.0,0.0,0.0
2016-04-21,178.51578027545395,178.62623108277452,177.26688240272492,177.53875732421875,85695000,0.0,0.0,0.0
2016-04-22,177.18193121254043,177.81061928200282,176.63819433326253,177.53875732421875,99251700,0.0,0.0,0.0
2016-04-25,176.93545717274523,177.27530065986903,176.32375185962587,177.23281860351562,66166500,0.0,0.0,0.0
2016-04-26,177.59820820254464,178.00602055342202,177.02049348436483,177.4962615966797,75864200,0.0,0.0,0.0
2016-04-27,177.11391414050013,178.25236089517963,176.75708812621428,177.86155700683594,77329400,0.0,0.0,0.0
2016-04-28,177.10542335757836,178.20987927726677,175.83103917605519,176.24732971191406,97216200,0.0,0.0,0.0
2016-04-29,175.62713099075808,175.975465774266,174.19132275546949,175.29579162597656,142424100,0.0,0.0,0.0
2016-05-02,175.7970003788329,176.8674781323399,175.36371454225448,176.68907165527344,62188000,0.0,0.0,0.0
2016-05-03,175.45720462796479,175.69508862030605,174.40370911637817,175.15135192871094,106422100,0.0,0.0,0.0
2016-05-04,174.15737972419933,174.8880273111376,173.67310742140722,174.1743621826172,92243800,0.0,0.0,0.0
2016-05-05,174.64162030796456,174.9984463520497,173.71557083900257,174.14036560058594,67619200,0.0,0.0,0.0
2016-05-06,173.36719024929846,174.819993654363,173.2142703980832,174.7775115966797,89315000,0.0,0.0,0.0
2016-05-09,174.65010467730497,175.35525249343715,174.4716851936592,174.92196655273438,74374900,0.0,0.0,0.0
2016-05-10,175.6271225310977,177.11390398724373,175.5591538231721,177.09690856933594,77472200,0.0,0.0,0.0
2016-05-11,176.63814026364022,177.17337278546606,175.44021606445312,175.44021606445312,81727000,0.0,0.0,0.0
2016-05-12,176.11133109991084,176.28125930270588,174.48012146995245,175.4911346435547,89586300,0.0,0.0,0.0
2016-05-13,175.19389048258486,175.74611857922153,173.63913984035443,173.96197509765625,96474600,0.0,0.0,0.0
2016-05-16,174.13188481970954,176.15389919084058,174.07240732693987,175.67813110351562,77486800,0.0,0.0,0.0
2016-05-17,175.40626130233449,175.69511863327767,173.51166730323104,174.03842163085938,114924900,0.0,0.0,0.0
2016-05-18,173.6900778878326,175.27031486213005,173.00191247323167,174.08938598632812,120062100,0.0,0.0,0.0
2016-05-19,173.36723352412886,173.77503285953244,172.27975998724793,173.48617553710938,115430500,0.0,0.0,0.0
2016-05-20,174.09783542696925,175.10035752842842,174.04686214385677,174.5821075439453,104990400,0.0,0.0,0.0
2016-05-23,174.59911999939837,174.87948606839956,174.1573428273716,174.34425354003906,58682600,0.0,0.0,0.0
2016-05-24,175.15984187421589,176.91849812298545,175.1343552297733,176.60414123535156,93537800,0.0,0.0,0.0
2016-05-25,177.28382816638836,178.21838174260373,176.60415401675047,177.8020782470703,76621400,0.0,0.0,0.0
2016-05-26,177.93799146228565,178.16738421136841,177.53868343983595,177.85302734375,55280700,0.0,0.0,0.0
2016-05-27,178.01447682514024,178.62618226762407,177.96350353221763,178.61769104003906,64211200,0.0,0.0,0.0
2016-05-31,178.88952210957774,178.99997286768894,177.71708471948654,178.27781677246094,109879400,0.0,0.0,0.0
2016-06-01,177.6661982956168,178.82164083465034,177.47079628963837,178.6432342529297,69936200,0.0,0.0,0.0
2016-06-02,178.2439056825398,179.20393314220095,177.768137567361,179.18695068359375,63044700,0.0,0.0,0.0
2016-06-03,178.62618571632788,179.000007156586,177.44525687389782,178.65167236328125,101757100,0.0,0.0,0.0
2016-06-06,179.00851950026603,179.91758656119194,178.8470954080487,179.56076049804688,64887000,0.0,0.0,0.0
2016-06-07,179.71363123818466,180.40179652627143,179.6881445951966,179.841064453125,60974800,0.0,0.0,0.0
2016-06-08,179.97705619946709,180.55478386360957,179.84962294605026,180.42733764648438,66170900,0.0,0.0,0.0
2016-06-09,179.696666493861,180.2998807295177,179.4248046010163,180.18093872070312,73786900,0.0,0.0,0.0
2016-06-10,178.80457540285207,179.14440594805325,177.92948646973554,178.47323608398438,113829200,0.0,0.0,0.0
2016-06-13,177.8700380378212,178.72811866843432,177.01195740720803,177.09690856933594,117751200,0.0,0.0,0.0
2016-06-14,176.71458780328072,177.34328859989924,175.79702973404218,176.74856567382812,125059300,0.0,0.0,0.0
2016-06-15,176.74860304695576,177.87006746772474,176.3153170464083,176.50222778320312,109124500,0.0,0.0,0.0
2016-06-16,176.50218940963708,177.19885890690085,174.66707328210333,177.0289306640625,149533100,0.0,0.0,0.0
2016-06-17,176.92477447777986,176.95039366641055,175.71208510180838,176.3696746826172,117055700,1.078,0.0,0.0
2016-06-20,178.33391227724638,179.00857269505818,177.42011769051902,177.50552368164062,82789600,0.0,0.0,0.0
2016-06-21,177.88977784142367,178.41925836011498,177.44569026029347,178.00933837890625,72461700,0.0,0.0,0.0
2016-06-22,178.18870321431743,178.91461497918837,177.57381662154108,177.71900939941406,95560500,0.0,0.0,0.0
2016-06-23,179.17939359791376,180.08463987775824,178.71823507028353,180.0334014892578,102731400,0.0,0.0,0.0
2016-06-24,173.9015591226571,180.06749458914365,173.12440913565385,173.56849670410156,333444400,0.0,0.0,0.0
2016-06-27,172.15942810806536,172.16797652592734,169.6486431080972,170.4599609375,230775800,0.0,0.0,0.0
2016-06-28,172.06546850005265,173.55998198159097,171.75802520546267,173.53436279296875,159382400,0.0,0.0,0.0
2016-06-29,174.93494221304724,176.71981526094208,174.83246545427784,176.48924255371094,137328600,0.0,0.0,0.0
2016-06-30,176.95896414285914,178.94879087388307,176.40385124737338,178.89755249023438,165021900,0.0,0.0,0.0
2016-07-01,178.89753468670352,179.76009082936653,178.73527113388084,179.27330017089844,106055300,0.0,0.0,0.0
2016-07-05,178.4449231161789,178.55594829759565,177.3859618083562,177.9837646484375,109803700,0.0,0.0,0.0
2016-07-06,177.4884035203763,179.17079955807648,176.83081401059002,179.05123901367188,96021500,0.0,0.0,0.0
2016-07-07,179.23060609567406,179.8967311122073,178.17164480330044,178.94024658203125,85593800,0.0,0.0,0.0
2016-07-08,180.23830150772062,181.8523753049966,180.0077158135036,181.60470581054688,133971000,0.0,0.0,0.0
2016-07-11,182.06588969319793,182.8174205815549,181.86092316970357,182.24522399902344,73633900,0.0,0.0,0.0
2016-07-12,183.2102423357317,183.8678318111423,182.27082879943083,183.5689239501953,101275600,0.0,0.0,0.0
2016-07-13,183.98743791332976,183.99597329991124,183.05657256209142,183.54335021972656,87324100,0.0,0.0,0.0
2016-07-14,184.80722103730116,185.03780671506956,184.17526381610546,184.56809997558594,91230900,0.0,0.0,0.0
2016-07-15,185.13181569367885,185.32823384517283,183.87642314550487,184.3205108642578,107155400,0.0,0.0,0.0
2016-07-18,184.44003045308074,184.97805943448904,184.18382555569,184.8157958984375,58725900,0.0,0.0,0.0
2016-07-19,184.39735919584626,184.66209952396133,184.14970267212968,184.62794494628906,54345700,0.0,0.0,0.0
2016-07-20,184.6278980357667,185.63562071011253,184.6278980357667,185.39649963378906,58159500,0.0,0.0,0.0
2016-07-21,185.28552597358498,185.50756329594216,184.2521708690835,184.69625854492188,67777300,0.0,0.0,0.0
2016-07-22,184.81583016905816,185.57589658587986,184.55108983740817,185.524658203125,62787500,0.0,0.0,0.0
2016-07-25,185.31969040962014,185.37092879203456,184.44006342850685,185.02078247070312,55873100,0.0,0.0,0.0
2016-07-26,184.9182879161025,185.46485232781606,184.2606983324223,185.10617065429688,70080500,0.0,0.0,0.0
2016-07-27,185.48188191955109,185.55020407993706,184.14108395532557,184.90969848632812,84083900,0.0,0.0,0.0
2016-07-28,184.71329695254167,185.41358943524244,184.2521385850259,185.12322998046875,65035700,0.0,0.0,0.0
2016-07-29,184.85851447376473,185.7808313323452,184.5766903659838,185.42214965820312,79519400,0.0,0.0,0.0
2016-08-01,185.48190398954972,185.87474016961207,184.81577913542557,185.26840209960938,73311400,0.0,0.0,0.0
2016-08-02,185.02077583861927,185.17450401147684,183.24445116667687,184.0813751220703,92295500,0.0,0.0,0.0
2016-08-03,184.021551542253,184.67914103418707,183.72265670491691,184.61935424804688,53993600,0.0,0.0,0.0
2016-08-04,184.73038992226645,185.13177455425006,182.97113627457105,184.8157958984375,46585500,0.0,0.0,0.0
2016-08-05,184.81577807088328,186.3700650445132,184.81577807088328,186.32736206054688,71892200,0.0,0.0,0.0
2016-08-08,186.51531033587415,186.6178001396486,185.95167505518037,186.21641540527344,39906500,0.0,0.0,0.0
2016-08-09,186.28467210770165,186.82268800608992,186.00284805086918,186.32736206054688,51251700,0.0,0.0,0.0
2016-08-10,186.43842506927075,186.51528263734355,185.51609515902592,185.86624145507812,57941100,0.0,0.0,0.0
2016-08-11,186.3956820855218,186.97641399232035,186.130941831544,186.72874450683594,72504300,0.0,0.0,0.0
2016-08-12,186.4213812843203,186.78007607457377,186.16518933574864,186.5665740966797,61313500,0.0,0.0,0.0
2016-08-15,186.93372379061915,187.45466894994817,186.92518840578887,187.10452270507812,49813500,0.0,0.0,0.0
2016-08-16,186.68609078081792,186.75439993028866,186.1395263671875,186.1395263671875,53213600,0.0,0.0,0.0
2016-08-17,186.1736454007436,186.62626835854013,185.33672165270184,186.4896240234375,75134300,0.0,0.0,0.0
2016-08-18,186.46405439829022,186.94229666713656,186.35304224874523,186.90814208984375,52989300,0.0,0.0,0.0
2016-08-19,186.4383933060478,186.814158727439,185.95161576006123,186.6348114013672,75443000,0.0,0.0,0.0
2016-08-22,186.3956960351544,186.8568674414081,186.0284790182505,186.62628173828125,61368800,0.0,0.0,0.0
2016-08-23,187.24121159746008,187.54011954222074,186.94230365269942,187.00209045410156,53399200,0.0,0.0,0.0
2016-08-24,186.85691334206635,186.95085472337053,185.62713999813016,186.0456085205078,71728900,0.0,0.0,0.0
2016-08-25,185.66126030541366,186.33593365509222,185.50754518135895,185.91746520996094,69224800,0.0,0.0,0.0
2016-08-26,186.10538138806305,187.13018815932588,184.67918990146075,185.56735229492188,122506300,0.0,0.0,0.0
2016-08-29,185.69545453958983,186.7458804646386,185.66128693081814,186.48114013671875,70502200,0.0,0.0,0.0
2016-08-30,186.39569756726482,186.6775216442648,185.618560540398,186.1736602783203,58114500,0.0,0.0,0.0
2016-08-31,185.8405984014118,185.96015894676873,184.86703023747037,185.64418029785156,85269500,0.0,0.0,0.0
2016-09-01,185.63562616037814,185.9430694148379,184.49125911421413,185.6527099609375,97844200,0.0,0.0,0.0
2016-09-02,186.5067078231056,186.91662779729242,185.91744053020645,186.4896240234375,79293900,0.0,0.0,0.0
2016-09-06,186.7714596195121,187.13014124798053,186.0540963625752,187.05328369140625,56702100,0.0,0.0,0.0
2016-09-07,186.89102937094438,187.21555644507737,186.42987097765442,187.0362091064453,76554900,0.0,0.0,0.0
2016-09-08,186.70316378265807,186.97645250829927,186.30177911132483,186.60922241210938,74102900,0.0,0.0,0.0
2016-09-09,185.2940517287419,185.34529010576694,182.11714204195624,182.14276123046875,221589100,0.0,0.0,0.0
2016-09-12,181.38271431036313,185.1574271849525,181.31439212331006,184.75604248046875,168110900,0.0,0.0,0.0
2016-09-13,183.4749893762381,183.7397296468542,181.47661472276025,182.10003662109375,182828800,0.0,0.0,0.0
2016-09-14,182.15128357066425,183.35543746900495,181.4766232696146,182.03172302246094,134185500,0.0,0.0,0.0
2016-09-15,181.869462942387,184.23505459523517,181.69011561396283,183.8507537841797,134427900,0.0,0.0,0.0
2016-09-16,183.23450685016985,183.41476016392667,182.4534440824219,183.1400909423828,155236400,1.082,0.0,0.0
2016-09-19,183.79240053228875,184.43614170473515,182.84824157392163,183.17440795898438,80250500,0.0,0.0,0.0
2016-09-20,184.0327724354804,184.18726406635741,183.1487020669267,183.1830291748047,69665300,0.0,0.0,0.0
2016-09-21,183.8868160593742,185.42320589187506,183.20015619075215,185.2429656982422,110284400,0.0,0.0,0.0
2016-09-22,186.25580196538942,186.71071140169641,186.00689444431455,186.41029357910156,76678700,0.0,0.0,0.0
2016-09-23,186.01542597277043,186.15276054824494,185.29443909694828,185.38885498046875,73630900,0.0,0.0,0.0
2016-09-26,184.55636130939294,184.7366015572081,183.6894478895862,183.88687133789062,89827300,0.0,0.0,0.0
2016-09-27,183.72371378369493,185.12276887776125,183.3546287401567,185.0283660888672,78494800,0.0,0.0,0.0
2016-09-28,185.25156939742342,186.10131257383443,184.29025330876007,185.94680786132812,87411000,0.0,0.0,0.0
2016-09-29,185.7408102180015,186.1442224638383,183.71517048673903,184.26449584960938,128070600,0.0,0.0,0.0
2016-09-30,185.09706656577902,186.35880049344547,184.84815903920278,185.6549835205078,117202900,0.0,0.0,0.0
2016-10-03,185.24297362107262,185.43179232349547,184.57347072524445,185.20863342285156,83512100,0.0,0.0,0.0
2016-10-04,185.32024096800765,185.54339989459726,183.6722648793966,184.26449584960938,119948100,0.0,0.0,0.0
2016-10-05,184.89109370191122,185.50908641765957,184.8224263893891,185.07992553710938,72816000,0.0,0.0,0.0
2016-10-06,184.85671842430108,185.43179232349547,184.31598472332772,185.20863342285156,62927400,0.0,0.0,0.0
2016-10-07,185.48330296661467,185.65496466719526,183.8439055676314,184.57347106933594,89788300,0.0,0.0,0.0
2016-10-10,185.53480529785156,185.9982932119312,185.38889219347558,185.53480529785156,51855000,0.0,0.0,0.0
2016-10-11,185.10560987157612,185.17427716025622,182.46197819364937,183.19154357910156,130367400,0.0,0.0,0.0
2016-10-12,183.32892303528274,183.95550728652148,182.83109489319347,183.4319305419922,73866100,0.0,0.0,0.0
2016-10-13,182.10148928388656,183.32888272011377,181.28608649304968,182.8310546875,101357000,0.0,0.0,0.0
2016-10-14,183.8095768470923,184.27307787424564,182.84826078625434,182.92550659179688,93346200,0.0,0.0,0.0
2016-10-17,182.89974523544126,183.15724433290873,182.11009094096957,182.29034423828125,58275700,0.0,0.0,0.0
2016-10-18,183.88683998103164,183.9469156877419,183.0542669102728,183.4319305419922,76869700,0.0,0.0,0.0
2016-10-19,183.69798368773058,184.23013886318134,183.33749020465612,183.921142578125,66519200,0.0,0.0,0.0
2016-10-20,183.5692434846294,184.13573890575714,182.91692375835873,183.5778350830078,73639800,0.0,0.0,0.0
2016-10-21,183.5778567150174,183.74951844247977,182.61652746671754,183.66368103027344,89089100,0.0,0.0,0.0
2016-10-24,184.53917910143065,184.81384835221098,184.09284811738794,184.44476318359375,60146600,0.0,0.0,0.0
2016-10-25,184.26449104867996,184.52199017077416,183.66366849509308,183.82675170898438,66542300,0.0,0.0,0.0
2016-10-26,183.00271703466322,184.04127862602974,182.7623749861479,183.45762634277344,75705500,0.0,0.0,0.0
2016-10-27,184.17863554887782,184.2129626474341,182.89115325338958,182.96839904785156,77220200,0.0,0.0,0.0
2016-10-28,182.9426715562345,183.62073988076526,181.71527791279635,182.42767333984375,140623200,0.0,0.0,0.0
2016-10-31,182.76243263577368,182.9856046590172,182.2731960789508,182.436279296875,61272500,0.0,0.0,0.0
2016-11-01,182.76238606690387,182.81389635703093,179.9041870698058,181.11441040039062,122781800,0.0,0.0,0.0
2016-11-02,180.80544627520825,181.19170148659722,179.58663113120068,180.02438354492188,103330800,0.0,0.0,0.0
2016-11-03,180.23893794516417,180.4535183218848,178.92570708738964,179.2003631591797,88939300,0.0,0.0,0.0
2016-11-04,179.31195648407876,180.15310792810095,178.8570471145705,179.00296020507812,109122100,0.0,0.0,0.0
2016-11-07,179.0029616433653,182.985573106403,179.0029616433653,182.95123291015625,109794900,0.0,0.0,0.0
2016-11-08,182.5564380960772,184.34174874139194,182.29036047387703,183.77525329589844,106772100,0.0,0.0,0.0
2016-11-09,182.28175479937755,186.3416254149627,182.25600619902065,185.7236328125,258429000,0.0,0.0,0.0
2016-11-10,186.513269641377,187.38016966505043,184.7279593011942,186.18710327148438,172113300,0.0,0.0,0.0
2016-11-11,185.4661845822042,185.99833993147277,184.81386469932812,185.7580108642578,100552700,0.0,0.0,0.0
2016-11-14,186.28153322319332,186.48753511924482,185.15713403826015,185.90386962890625,94580000,0.0,0.0,0.0
2016-11-15,186.2901380354216,187.35446166992188,186.0841492072247,187.35446166992188,91652600,0.0,0.0,0.0
2016-11-16,186.7364705811207,187.23429874841773,186.61630606466625,187.00254821777344,65617700,0.0,0.0,0.0
2016-11-17,187.15704272236283,188.02394289397336,187.04545671426322,187.9638671875,69797200,0.0,0.0,0.0
2016-11-18,188.03249293841097,188.2041546150475,187.36299013471958,187.54324340820312,86265800,0.0,0.0,0.0
2016-11-21,188.11833644572866,188.98523651431762,187.97242335083433,188.95948791503906,72402600,0.0,0.0,0.0
2016-11-22,189.2684939642912,189.508822967917,188.5990041546267,189.32858276367188,67429000,0.0,0.0,0.0
2016-11-23,188.81360218249452,189.48309205465273,188.61619186043498,189.4315948486328,56620200,0.0,0.0,0.0
2016-11-25,189.77494344970924,190.16976411893134,189.69768453881755,190.13543701171875,37872300,0.0,0.0,0.0
2016-11-28,189.8264022966704,190.10105838971697,189.13974241863227,189.24273681640625,76572500,0.0,0.0,0.0
2016-11-29,189.27713245364487,190.0667869607499,188.9767145762134,189.61187744140625,69886700,0.0,0.0,0.0
2016-11-30,190.22982340366502,190.39290660575261,189.0968325872345,189.15692138671875,113291800,0.0,0.0,0.0
2016-12-01,189.45731297095935,189.45731297095935,188.1011633438361,188.461669921875,79040500,0.0,0.0,0.0
2016-12-02,188.54749754901323,189.0453256308212,188.19558256234671,188.5560760498047,74840300,0.0,0.0,0.0
2016-12-05,189.38866909419724,190.0324103393807,189.19125877948673,189.6890869140625,67837800,0.0,0.0,0.0
2016-12-06,189.87789579459584,190.32422667116327,189.39723781842213,190.28988647460938,59877400,0.0,0.0,0.0
2016-12-07,190.1354505125515,192.83915896807855,190.0152859833492,192.77908325195312,110738100,0.0,0.0,0.0
2016-12-08,192.75328364138,193.72317812153088,192.4871929499584,193.2510986328125,99714400,0.0,0.0,0.0
2016-12-09,193.4742805845847,194.43559661331304,193.43994038530235,194.41842651367188,88005800,0.0,0.0,0.0
2016-12-12,194.32400972798507,194.80468083711352,193.77468441450114,194.1952667236328,102016100,0.0,0.0,0.0
2016-12-13,194.85619858223612,195.98917643082981,194.83902848086277,195.49134826660156,110477500,0.0,0.0,0.0
2016-12-14,195.1909472602173,195.89476426659184,193.4399636012316,193.87771606445312,142501800,0.0,0.0,0.0
2016-12-15,194.11795392171305,195.53417886857585,193.88620349691848,194.6758575439453,124972600,0.0,0.0,0.0
2016-12-16,195.1326156092827,195.19305856587152,193.97568893933607,194.29513549804688,156420200,1.329,0.0,0.0
2016-12-19,194.47647044038382,195.14127715795195,194.32969732660885,194.7182159423828,90341100,0.0,0.0,0.0
2016-12-20,195.2535152040126,195.6161466451417,195.0204119300411,195.4693603515625,89838800,0.0,0.0,0.0
2016-12-21,195.33989514643187,195.5125686620086,194.92547607421875,194.92547607421875,67909000,0.0,0.0,0.0
2016-12-22,194.77868992388466,194.8995626941334,194.1915842011451,194.5887451171875,56219100,0.0,0.0,0.0
2016-12-23,194.63189851824896,194.88228629058872,194.441966890667,194.8736572265625,36697800,0.0,0.0,0.0
2016-12-27,195.14125632425026,195.7542490766812,195.12398502619658,195.3571014404297,42672500,0.0,0.0,0.0
2016-12-28,195.61617777703253,195.63343590620065,193.63039946871237,193.7426300048828,64095000,0.0,0.0,0.0
2016-12-29,193.81166288654242,194.16565207513557,193.25909985948013,193.69943237304688,48696100,0.0,0.0,0.0
2016-12-30,194.0275091129091,194.11385243836685,192.30074799688836,192.991455078125,108998300,0.0,0.0,0.0
2017-01-03,194.2951630733348,194.97724112010118,193.29365159666258,194.4678497314453,91366500,0.0,0.0,0.0
2017-01-04,194.79591997439806,195.771544234157,194.7872909113898,195.62477111816406,78744400,0.0,0.0,0.0
2017-01-05,195.3571298332533,195.62477570835244,194.67505178947582,195.4693603515625,78379000,0.0,0.0,0.0
2017-01-06,195.58164118486133,196.63496675886233,195.03770709401715,196.1687469482422,71559900,0.0,0.0,0.0
2017-01-09,195.90974370713732,196.0478877992009,195.48668236549716,195.52122497558594,46939700,0.0,0.0,0.0
2017-01-10,195.5384831064846,196.3759635501698,195.13269306988883,195.52122497558594,63771900,0.0,0.0,0.0
2017-01-11,195.43483932065197,196.07374572753906,194.7700325488776,196.07374572753906,74650000,0.0,0.0,0.0
2017-01-12,195.5557341536737,195.77157933485879,194.2261336341972,195.58163452148438,72113200,0.0,0.0,0.0
2017-01-13,195.75427524526074,196.33273865305418,195.7197458186779,196.0305633544922,62717900,0.0,0.0,0.0
2017-01-17,195.39167499929997,195.79746496331217,194.95135560552103,195.33987426757812,61240800,0.0,0.0,0.0
2017-01-18,195.59026018207095,195.8147475980489,195.03769705481952,195.77157592773438,54793300,0.0,0.0,0.0
2017-01-19,195.8492786856164,195.98742276213324,194.6146505838759,195.0463409423828,66608800,0.0,0.0,0.0
2017-01-20,195.72839684852326,196.25505958847907,195.09813264304947,195.762939453125,129168600,0.0,0.0,0.0
2017-01-23,195.76286817143006,195.8232979462638,194.49369798439386,195.2534637451172,75061600,0.0,0.0,0.0
2017-01-24,195.46939521414495,196.91988171493335,195.3571646758191,196.50546264648438,95555300,0.0,0.0,0.0
2017-01-25,197.45514871677426,198.206298828125,197.2911042881558,198.206298828125,84437700,0.0,0.0,0.0
2017-01-26,198.05952953056786,198.32718861684924,197.72281158075904,197.9990997314453,59970700,0.0,0.0,0.0
2017-01-27,198.0768274525588,198.2236006120313,197.5069929457979,197.6883087158203,59711100,0.0,0.0,0.0
2017-01-30,196.99754148922224,197.02344185218226,195.47799644095304,196.46224975585938,79737300,0.0,0.0,0.0
2017-01-31,195.9701453099324,196.5054502961024,195.40032406693263,196.44500732421875,75880800,0.0,0.0,0.0
2017-02-01,196.4450192319056,197.36020071083536,195.93562775576842,196.52272033691406,79117700,0.0,0.0,0.0
2017-02-02,196.52269142412754,196.9371236048232,195.83199747125346,196.65220642089844,69657600,0.0,0.0,0.0
2017-02-03,197.55877248141195,198.18903668573455,197.24795491128205,198.00772094726562,80563200,0.0,0.0,0.0
2017-02-06,197.60190105740523,197.9990619046049,197.3169838967462,197.65370178222656,57790100,0.0,0.0,0.0
2017-02-07,198.0422889457671,198.2840345119611,197.47245446510473,197.6623992919922,57931200,0.0,0.0,0.0
2017-02-08,197.66241560306523,198.05093435406997,197.11848144717075,197.9214324951172,51566200,0.0,0.0,0.0
2017-02-09,197.92135251854037,199.3977258106109,197.92135251854037,199.09555053710938,65955200,0.0,0.0,0.0
2017-02-10,199.44093670024577,200.10574351134014,199.11284782674448,199.88125610351562,66015900,0.0,0.0,0.0
2017-02-13,200.37338145866036,201.22813303898968,200.34748109326944,200.9691162109375,55182100,0.0,0.0,0.0
2017-02-14,200.78782593570213,201.7807217067615,200.44247890394354,201.77207946777344,71109000,0.0,0.0,0.0
2017-02-15,201.55623814953978,203.01535375890472,201.50443741119582,202.82540893554688,86785800,0.0,0.0,0.0
2017-02-16,202.85125327687982,203.03256898514903,201.90154259654713,202.65267944335938,84722400,0.0,0.0,0.0
2017-02-17,201.98789930143897,202.97215270996094,201.9706279997756,202.97215270996094,77204100,0.0,0.0,0.0
2017-02-21,203.34342786314915,204.35358170974862,203.33478562462432,204.180908203125,88946100,0.0,0.0,0.0
2017-02-22,203.77505280839523,204.2240011466829,203.61100841880784,203.99952697753906,62115200,0.0,0.0,0.0
2017-02-23,204.5176001420342,204.53485826860089,203.37793142979874,204.13771057128906,74615900,0.0,0.0,0.0
2017-02-24,203.29161757498488,204.43990226843368,203.2484459068218,204.39674377441406,82381600,0.0,0.0,0.0
2017-02-27,204.3104117924004,204.88887529033158,204.06003718176973,204.71620178222656,56515400,0.0,0.0,0.0
2017-02-28,204.33627821574882,204.57802372176616,203.77508611409613,204.16360473632812,96961900,0.0,0.0,0.0
2017-03-01,205.82127918195025,207.48761041623703,205.80400788299661,207.02137756347656,149158200,0.0,0.0,0.0
2017-03-02,206.83148299232383,206.8401252309685,205.66592692584172,205.7177276611328,70246000,0.0,0.0,0.0
2017-03-03,205.63136858182762,206.0112581770802,205.25147898657502,205.8472137451172,81974300,0.0,0.0,0.0
2017-03-06,205.05287618633375,205.58816790002123,204.6298149833005,205.23419189453125,55391500,0.0,0.0,0.0
2017-03-07,204.9320181020003,205.28600730695996,204.4139844764914,204.62120056152344,65103700,0.0,0.0,0.0
2017-03-08,204.91475357997692,205.17377040129966,204.1031736877656,204.24131774902344,78168800,0.0,0.0,0.0
2017-03-09,204.36222212830583,204.82845511365156,203.53338398080533,204.5003662109375,90683900,0.0,0.0,0.0
2017-03-10,205.45864916144083,205.50182081927755,204.26717991067636,205.21690368652344,81991700,0.0,0.0,0.0
2017-03-13,205.15657319056223,205.36378935728325,204.82849739427172,205.32061767578125,57256800,0.0,0.0,0.0
2017-03-14,204.77661185589673,204.8284257600669,203.9218734621619,204.5348663330078,59880800,0.0,0.0,0.0
2017-03-15,205.1046957895022,206.72785555349793,204.87157933583111,206.30479431152344,96081800,0.0,0.0,0.0
2017-03-16,206.44296666784788,206.5206677716744,205.57095687412448,205.89903259277344,78344000,0.0,0.0,0.0
2017-03-17,206.16172343398011,206.3524945415205,205.53738403320312,205.53738403320312,89002100,1.033,0.0,0.0
2017-03-20,205.53740145185947,205.823558137421,204.9217418329027,205.31195068359375,52537000,0.0,0.0,0.0
2017-03-21,205.91896907394496,206.04036769204072,202.54580758029502,202.67587280273438,131809300,0.0,0.0,0.0
2017-03-22,202.7105512985133,203.4389429554005,202.086211812194,203.1527862548828,97569200,0.0,0.0,0.0
2017-03-23,203.15281936790532,204.0719823082905,202.56317266330282,202.93603515625,100410300,0.0,0.0,0.0
2017-03-24,203.2394736815472,203.81177376232333,202.0081413388864,202.78855895996094,112504900,0.0,0.0,0.0
2017-03-27,201.11499654168372,202.8406032355756,200.8375196945119,202.58045959472656,87454500,0.0,0.0,0.0
2017-03-28,202.27699348014863,204.47951500442747,202.16426146852515,204.05462646484375,93483900,0.0,0.0,0.0
2017-03-29,203.7684772006866,204.4795224816916,203.543013169195,204.24539184570312,61950400,0.0,0.0,0.0
2017-03-30,204.18469144018388,205.09518767334725,204.01126673659485,204.89573669433594,56737900,0.0,0.0,0.0
2017-03-31,204.55755506698202,205.0865090164155,204.36678392250064,204.4188232421875,73733100,0.0,0.0,0.0
2017-04-03,204.470833499766,204.6702712330258,202.83194569012235,204.0632781982422,85546500,0.0,0.0,0.0
2017-04-04,203.7771678927546,204.28010887362666,203.39562554647517,204.19338989257812,56466200,0.0,0.0,0.0
2017-04-05,204.86972342901407,205.84959218884566,203.37824716313773,203.58636474609375,108800600,0.0,0.0,0.0
2017-04-06,203.72509255115142,204.67893495482306,203.28284437874893,204.15866088867188,69135800,0.0,0.0,0.0
2017-04-07,203.90717152843487,204.6442429502869,203.46493661419655,203.95053100585938,74412300,0.0,0.0,0.0
2017-04-10,204.08930688910144,204.86972467488317,203.54300650018013,204.07196044921875,67615300,0.0,0.0,0.0
2017-04-11,203.69038704512482,203.93318424056568,202.3376560329672,203.82913208007812,88045300,0.0,0.0,0.0
2017-04-12,203.5517081391927,203.74247930396604,202.71058433945345,202.93603515625,81864400,0.0,0.0,0.0
2017-04-13,202.59781914979595,203.33489064134773,201.61795043945312,201.61795043945312,92880400,0.0,0.0,0.0
2017-04-17,202.13827125452727,203.404296875,201.93883348420877,203.404296875,68405400,0.0,0.0,0.0
2017-04-18,202.6671607588707,203.33485962442262,202.11219388179552,202.79722595214844,83225800,0.0,0.0,0.0
2017-04-19,203.3609019208942,203.7337643495707,202.198928690804,202.4243927001953,68699900,0.0,0.0,0.0
2017-04-20,203.0400655952371,204.51420866175764,202.71922923042013,204.07196044921875,92572200,0.0,0.0,0.0
2017-04-21,203.9938678484385,204.04589392299323,203.02267917287443,203.4215545654297,110389800,0.0,0.0,0.0
2017-04-24,205.66751059926793,205.86696160031948,203.39561629884614,205.65884399414062,119209900,0.0,0.0,0.0
2017-04-25,206.30050177430596,207.20231814801264,206.2137828090746,206.85546875,76698300,0.0,0.0,0.0
2017-04-26,206.82081893864392,207.7053022886498,206.6820870894239,206.72543334960938,84702500,0.0,0.0,0.0
2017-04-27,207.0462306188551,207.20230887153625,206.3611852259836,206.89881896972656,57410300,0.0,0.0,0.0
2017-04-28,207.15893639427176,207.1849494347533,206.31781280148894,206.44789123535156,63532800,0.0,0.0,0.0
2017-05-01,206.96815490722656,207.3930565995621,206.55193304892,206.96815490722656,66882500,0.0,0.0,0.0
2017-05-02,207.1068810298826,207.22827961211652,206.63863313596693,207.0461883544922,57375700,0.0,0.0,0.0
2017-05-03,207.0462769099508,207.14166249617847,206.11843409560353,206.7947998046875,73137700,0.0,0.0,0.0
2017-05-04,207.09828832596585,207.1763274642226,206.18779201859695,207.03758239746094,61462700,0.0,0.0,0.0
2017-05-05,207.4104414122922,207.8700228314147,206.96819320152605,207.85267639160156,62001300,0.0,0.0,0.0
2017-05-08,207.89598650113538,208.04339812589566,207.39304571765436,207.8179473876953,48385700,0.0,0.0,0.0
2017-05-09,208.07814260288913,208.27758035273882,207.2803651405766,207.62722778320312,51363200,0.0,0.0,0.0
2017-05-10,207.58383915389945,208.00006103515625,207.3757215975435,208.00006103515625,54293800,0.0,0.0,0.0
2017-05-11,207.54915175528123,207.739922866949,206.49124403837968,207.57516479492188,62358300,0.0,0.0,0.0
2017-05-12,207.32368755768942,207.6185108276182,206.9594917716384,207.22830200195312,53912700,0.0,0.0,0.0
2017-05-15,207.65326067299824,208.49438446850093,207.63591423134488,208.37298583984375,61918900,0.0,0.0,0.0
2017-05-16,208.6678149871021,208.69382803457566,207.7920115154225,208.18222045898438,51241800,0.0,0.0,0.0
2017-05-17,208.1822184667827,208.1822184667827,204.4275142836807,204.48822021484375,172174100,0.0,0.0,0.0
2017-05-18,204.4101211476201,206.16174090554728,204.14997750334095,205.31195068359375,107047700,0.0,0.0,0.0
2017-05-19,205.7975638266799,207.31505311972367,205.74553773938,206.64735412597656,115011400,0.0,0.0,0.0
2017-05-22,207.15900612366843,207.8613981474588,207.08964681334143,207.69664001464844,61010600,0.0,0.0,0.0
2017-05-23,208.06943948844685,208.32091653014805,207.68789723997293,208.15615844726562,48341700,0.0,0.0,0.0
2017-05-24,208.39029033859103,208.7458063164518,208.05209433598128,208.64175415039062,46927700,0.0,0.0,0.0
2017-05-25,209.15338258518736,209.91646716338164,208.94527823219389,209.63897705078125,64071700,0.0,0.0,0.0
2017-05-26,209.44818669380922,209.76035642612135,209.37014756859512,209.59561157226562,46629900,0.0,0.0,0.0
2017-05-30,209.27481388199428,209.665022836249,209.11873559287594,209.41355895996094,35201900,0.0,0.0,0.0
2017-05-31,209.7083300899503,209.74302296652962,208.6677687273157,209.36148071289062,91796000,0.0,0.0,0.0
2017-06-01,209.82107816499718,211.0437441446966,209.53492145284687,211.02639770507812,68962000,0.0,0.0,0.0
2017-06-02,211.0783768373213,211.8848207069769,210.78355358667457,211.72872924804688,88666100,0.0,0.0,0.0
2017-06-05,211.5553464319028,211.84150313700025,211.3732418990385,211.57269287109375,44698800,0.0,0.0,0.0
2017-06-06,211.00908109950316,211.56404816265064,210.81830993109696,210.8963623046875,50375400,0.0,0.0,0.0
2017-06-07,211.2345492216258,211.51202614281607,210.5668501193405,211.2865753173828,54144300,0.0,0.0,0.0
2017-06-08,211.38191262013916,211.86750704489805,210.86162531849425,211.3905792236328,65950700,0.0,0.0,0.0
2017-06-09,211.65936392855593,212.45712799171255,209.80369218282215,211.06971740722656,132256400,0.0,0.0,0.0
2017-06-12,210.82695995956365,211.07842379247697,210.1766074041648,211.02639770507812,86108100,0.0,0.0,0.0
2017-06-13,211.56398384382138,212.11028413557858,211.21713449659887,212.05825805664062,60067000,0.0,0.0,0.0
2017-06-14,212.32712560765611,212.33579221266734,210.96571442778435,211.7895050048828,78602300,0.0,0.0,0.0
2017-06-15,210.43672319414657,211.50331083741182,210.15924633684702,211.3819122314453,66464900,0.0,0.0,0.0
2017-06-16,211.5413823428988,211.59366213965603,210.54802631656844,211.4281005859375,84553100,1.183,0.0,0.0
2017-06-19,212.25592595918818,213.24928213013328,212.16007521918544,213.18829345703125,65123800,0.0,0.0,0.0
2017-06-20,212.83098609855904,212.83969496548008,211.73307054740792,211.75048828125,56906400,0.0,0.0,0.0
2017-06-21,212.14263180401596,212.25590026777624,211.22769545036692,211.69822692871094,55977600,0.0,0.0,0.0
2017-06-22,211.70692883908893,212.2036001689382,211.42808554824168,211.60235595703125,44148100,0.0,0.0,0.0
2017-06-23,211.66338581653886,212.18619711182996,211.27998288906974,211.85508728027344,66986800,0.0,0.0,0.0
2017-06-26,212.5259485409717,212.94421337382272,211.78529616275426,211.99441528320312,56700500,0.0,0.0,0.0
2017-06-27,211.77661780144203,212.0728921099807,210.26915954720386,210.28659057617188,82247700,0.0,0.0,0.0
2017-06-28,211.3061360835291,212.36920306894754,211.07086367305584,212.16879272460938,70042600,0.0,0.0,0.0
2017-06-29,212.31691400169302,212.36919380263205,209.09286441596026,210.30406188964844,106949700,0.0,0.0,0.0
2017-06-30,211.11441868238066,211.48911273716445,210.50446553085283,210.6961669921875,86820700,0.0,0.0,0.0
2017-07-03,211.6372495485141,212.07293228339097,211.05343627929688,211.05343627929688,39153800,0.0,0.0,0.0
2017-07-05,211.41937596181293,211.7504857485922,210.60899928452872,211.54136657714844,54427600,0.0,0.0,0.0
2017-07-06,210.7745599493883,210.89655056421648,209.4239410235178,209.60693359375,65400800,0.0,0.0,0.0
2017-07-07,210.18206973458612,211.11442386854364,209.6156742045538,210.96629333496094,57972300,0.0,0.0,0.0
2017-07-10,210.96629034495894,211.56753463484975,210.66130711803464,211.19284057617188,36663300,0.0,0.0,0.0
2017-07-11,211.1928196084974,211.34967228836572,209.86835382461976,211.03598022460938,50354600,0.0,0.0,0.0
2017-07-12,212.00317951526242,212.78740296452568,212.00317951526242,212.62184143066406,59610400,0.0,0.0,0.0
2017-07-13,212.63061560831196,213.0924382652271,212.40405206613906,212.97915649414062,39471600,0.0,0.0,0.0
2017-07-14,212.9791627415673,214.32978198174123,212.8833120007554,213.97251892089844,60262700,0.0,0.0,0.0
2017-07-17,213.89407029991375,214.2774732113337,213.77207967318748,213.94635009765625,33531900,0.0,0.0,0.0
2017-07-18,213.53679155799162,214.11189588275872,213.19695960171654,214.0596160888672,42742500,0.0,0.0,0.0
2017-07-19,214.37332610773834,215.22726050346031,214.36460394403895,215.2185516357422,51034300,0.0,0.0,0.0
2017-07-20,215.4712162072697,215.59320682076344,214.7654124223429,215.3143768310547,47135200,0.0,0.0,0.0
2017-07-21,214.73932347962415,215.148866342668,214.5127599322484,215.1227264404297,82340800,0.0,0.0,0.0
2017-07-24,215.04428137355856,215.2098429424349,214.59988976445536,215.0704345703125,46622300,0.0,0.0,0.0
2017-07-25,215.8197661496051,215.92433903415252,215.36666573516052,215.5932159423828,54915600,0.0,0.0,0.0
2017-07-26,215.88080257051678,215.91565134027576,215.34056021536747,215.60195922851562,47575400,0.0,0.0,0.0
2017-07-27,216.06376597515103,216.09861474020028,214.0770406718503,215.40151977539062,70766600,0.0,0.0,0.0
2017-07-28,214.92231644312002,215.2795795243739,214.4692159115618,215.1488800048828,50088400,0.0,0.0,0.0
2017-07-31,215.54966676030853,215.6455174914915,214.81772297453762,215.02685546875,65838700,0.0,0.0,0.0
2017-08-01,215.62806360855865,215.662912370428,214.98324849815106,215.50607299804688,55050400,0.0,0.0,0.0
2017-08-02,215.636811897246,215.75009366199518,214.67830457086475,215.6106719970703,47211200,0.0,0.0,0.0
2017-08-03,215.4973679738327,215.52350787130842,214.91355477024075,215.19239807128906,40856000,0.0,0.0,0.0
2017-08-04,215.68035389360682,215.9156129636254,215.2011002947134,215.58450317382812,60191800,0.0,0.0,0.0
2017-08-07,215.65421125932787,215.98532104492188,215.54963837800045,215.98532104492188,31995000,0.0,0.0,0.0
2017-08-08,215.67163772900346,216.8915572233861,215.07911566005964,215.45379638671875,61719400,0.0,0.0,0.0
2017-08-09,214.76543491687417,215.49737867450057,214.40817190565855,215.44509887695312,62632600,0.0,0.0,0.0
2017-08-10,214.6085293335297,214.7392420911625,212.35169665576768,212.4039764404297,120479500,0.0,0.0,0.0
2017-08-11,212.6305685893555,213.31023247361526,212.3952962306565,212.7176971435547,74869900,0.0,0.0,0.0
2017-08-14,213.9986367596491,215.04427263598282,213.96378799202998,214.82643127441406,73291900,0.0,0.0,0.0
2017-08-15,215.20983579521703,215.2272668271467,214.49532303787947,214.80029296875,55242700,0.0,0.0,0.0
2017-08-16,215.3231335942376,215.7239675825813,214.7480291615637,215.1750030517578,56715500,0.0,0.0,0.0
2017-08-17,214.56503005215566,214.87872214140077,211.82022094726562,211.82022094726562,128490400,0.0,0.0,0.0
2017-08-18,211.65463821371043,212.77870696105012,211.04468512785718,211.4890899658203,136748000,0.0,0.0,0.0
2017-08-21,211.42811285484936,211.91607538087405,210.72230896570784,211.6546630859375,65469700,0.0,0.0,0.0
2017-08-22,212.2385012092277,214.0247898473758,212.2210701763533,213.86795043945312,63140100,0.0,0.0,0.0
2017-08-23,212.90074016496524,213.52812440619064,212.75260962134018,213.1011505126953,50203800,0.0,0.0,0.0
2017-08-24,213.48452066897022,213.6413600571869,212.3953139308632,212.6044464111328,50741700,0.0,0.0,0.0
2017-08-25,213.39741159994543,214.01608697248088,212.95301996907025,213.1011505126953,64445900,0.0,0.0,0.0
2017-08-28,213.632659299009,213.65879919803734,212.69158304604505,213.10984802246094,40565600,0.0,0.0,0.0
2017-08-29,211.79408445606398,213.61523505816322,211.68080269268597,213.3538360595703,51135700,0.0,0.0,0.0
2017-08-30,213.33641910517255,214.63475849977831,213.1534264981007,214.3646240234375,62030800,0.0,0.0,0.0
2017-08-31,214.98328073343416,215.89821709745064,214.3994674887333,215.65423583984375,103803900,0.0,0.0,0.0
2017-09-01,216.02890882571083,216.38617183149577,215.81106747525382,215.95919799804688,62007000,0.0,0.0,0.0
2017-09-05,215.45382378294025,215.68038731715265,213.44097165164035,214.40818786621094,91398800,0.0,0.0,0.0
2017-09-06,215.08784166100486,215.47124458132453,214.55630821164922,215.14012145996094,57916900,0.0,0.0,0.0
2017-09-07,215.44512156039062,215.46255259340205,214.70445556120356,215.11399841308594,58034700,0.0,0.0,0.0
2017-09-08,214.82645079944174,215.32313553103205,214.6173315827576,214.86131286621094,63832800,0.0,0.0,0.0
2017-09-11,216.13349055292215,217.23141958108957,216.1160728162081,217.1529998779297,71364800,0.0,0.0,0.0
2017-09-12,217.51896157813033,217.91978223945418,217.33596898336484,217.8849334716797,56896000,0.0,0.0,0.0
2017-09-13,217.5973596810883,218.0243334958429,217.4840779290966,217.98947143554688,59228000,0.0,0.0,0.0
2017-09-14,217.6670944129095,218.12020817466322,217.4928239802294,217.91978454589844,95446300,0.0,0.0,0.0
2017-09-15,217.7752898829497,218.3006957249808,217.67021138693656,218.213134765625,95432400,1.235,0.0,0.0
2017-09-18,218.58085867821242,219.02745551709225,218.2918795370685,218.67718505859375,46235200,0.0,0.0,0.0
2017-09-19,218.92246408474065,218.98376878842842,218.57219348699178,218.8961944580078,47108100,0.0,0.0,0.0
2017-09-20,218.98381733204806,219.08889586227284,217.97676575683826,218.9750518798828,59574100,0.0,0.0,0.0
2017-09-21,218.8173220855253,218.90488302857233,218.2130941220602,218.3882293701172,48211400,0.0,0.0,0.0
2017-09-22,218.09051891054838,218.598420531724,218.06424928893276,218.43203735351562,51214000,0.0,0.0,0.0
2017-09-25,218.17806538469674,218.52834925293553,217.24108443133008,217.98541259765625,57064400,0.0,0.0,0.0
2017-09-26,218.414537340445,218.65972940317045,217.88036605480062,218.11680603027344,54082000,0.0,0.0,0.0
2017-09-27,218.81732089530064,219.35149208424482,217.9328658501849,218.9661865234375,81001400,0.0,0.0,0.0
2017-09-28,218.68602133962423,219.30776700909294,218.59846037226853,219.2289581298828,44778800,0.0,0.0,0.0
2017-09-29,219.2201788575793,220.07836447253501,219.03629148435007,219.99954223632812,85578000,0.0,0.0,0.0
2017-10-02,220.2272164432711,220.95404052734375,220.05206780655772,220.95404052734375,59023000,0.0,0.0,0.0
2017-10-03,220.95408949394655,221.45322580569356,220.8752672451714,221.4269561767578,66810200,0.0,0.0,0.0
2017-10-04,221.2781218713095,221.93488941177426,221.16427788846525,221.689697265625,55953600,0.0,0.0,0.0
2017-10-05,222.0223769472458,223.02066274400573,221.72464563427442,223.00315856933594,63522800,0.0,0.0,0.0
2017-10-06,222.5565537211313,223.03818577572494,222.29385747495817,222.74920654296875,80646000,0.0,0.0,0.0
2017-10-09,222.97682346929957,223.03811478657678,222.118638131727,222.38134765625,35803100,0.0,0.0,0.0
2017-10-10,222.9506507300908,223.34470850712148,222.40771391363535,222.96815490722656,43057400,0.0,0.0,0.0
2017-10-11,222.87177959620632,223.31838989257812,222.70540977810776,223.31838989257812,47674300,0.0,0.0,0.0
2017-10-12,223.00312849618692,223.35339900986267,222.74917101610296,222.98561096191406,47065100,0.0,0.0,0.0
2017-10-13,223.42347852453142,223.53732246594643,222.98563365689205,223.25709533691406,54800400,0.0,0.0,0.0
2017-10-16,223.4847814093758,223.74747763825945,223.14326294986222,223.55482482910156,38221700,0.0,0.0,0.0
2017-10-17,223.50230827128894,223.75626580094243,223.28338581701962,223.7124786376953,31561000,0.0,0.0,0.0
2017-10-18,224.08896842587438,224.1327555792695,223.7386979226399,223.9313507080078,40888300,0.0,0.0,0.0
2017-10-19,223.15197549747748,224.02766507050282,222.73164824377483,223.9926300048828,61903800,0.0,0.0,0.0
2017-10-20,224.78961125835886,225.17491695782516,223.97521269140185,225.14862060546875,89176400,0.0,0.0,0.0
2017-10-23,225.47257490375944,225.49884452362673,224.19404880641378,224.27285766601562,63915300,0.0,0.0,0.0
2017-10-24,224.70202726520085,224.90341883312888,224.30795613188522,224.6669921875,66935900,0.0,0.0,0.0
2017-10-25,224.33418815270767,224.44803209320048,222.42519095900735,223.55482482910156,103715300,0.0,0.0,0.0
2017-10-26,224.1678558925946,224.43930425393978,223.7212455047234,223.84384155273438,69798000,0.0,0.0,0.0
2017-10-27,224.58816442841805,225.8316557049051,223.8525882021322,225.67401123046875,85562500,0.0,0.0,0.0
2017-10-30,224.58815144460573,225.5776851387856,224.53561219747496,224.83334350585938,54285700,0.0,0.0,0.0
2017-10-31,225.20989389233412,225.43758178950736,224.88589294569937,225.18362426757812,60304800,0.0,0.0,0.0
2017-11-01,225.96301446634277,226.3045196085102,225.11359425006668,225.4813690185547,54202700,0.0,0.0,0.0
2017-11-02,225.41132145395284,225.7090527881011,224.34297879662896,225.56893920898438,56449500,0.0,0.0,0.0
2017-11-03,225.72651693894687,226.36578001957756,225.31494172449962,226.32200622558594,59589700,0.0,0.0,0.0
2017-11-06,226.19064161200308,226.80363509913997,226.1205981936673,226.6722869873047,49652600,0.0,0.0,0.0
2017-11-07,226.77739046648557,227.11015686909025,226.00677916022886,226.5146942138672,57502200,0.0,0.0,0.0
2017-11-08,226.33952060169227,226.9962878847408,226.05929348051524,226.8999481201172,50469600,0.0,0.0,0.0
2017-11-09,225.6915071533323,226.2694655395448,224.49178986326726,226.07681274414062,95085500,0.0,0.0,0.0
2017-11-10,225.6915089301286,226.18189300884933,225.37624675156357,226.00674438476562,59984700,0.0,0.0,0.0
2017-11-13,225.32375542754016,226.44463737783502,225.2887203504871,226.21694946289062,50228600,0.0,0.0,0.0
2017-11-14,225.41133166696056,225.7966373460059,224.63195485854894,225.69155883789062,61315200,0.0,0.0,0.0
2017-11-15,224.71950739532375,225.24492660887586,223.85258306351813,224.5618896484375,80811500,0.0,0.0,0.0
2017-11-16,225.50759174159674,226.83865712881288,225.4638179481447,226.47085571289062,67777000,0.0,0.0,0.0
2017-11-17,226.12060583091156,226.44460675902482,225.72653475816674,225.8053436279297,75756800,0.0,0.0,0.0
2017-11-20,226.05060222083983,226.38334193268457,225.80538339537304,226.19068908691406,48075500,0.0,0.0,0.0
2017-11-21,226.9612714170117,227.8544920984872,226.15565178250472,227.6705780029297,69176800,0.0,0.0,0.0
2017-11-22,227.67930368795567,227.81065178760568,227.30276356098338,227.46914672851562,45033400,0.0,0.0,0.0
2017-11-24,227.9595290098324,228.0996425563447,227.81941546332013,227.99453735351562,27856500,0.0,0.0,0.0
2017-11-27,228.0384008429355,228.33613219002166,227.6793647915844,227.8807830810547,52274900,0.0,0.0,0.0
2017-11-28,228.34484305529307,230.2188050210911,228.248503296773,230.19253540039062,98971700,0.0,0.0,0.0
2017-11-29,230.32389086310647,230.8580754663208,229.6058456330416,230.05242919921875,77512100,0.0,0.0,0.0
2017-11-30,230.97196179174296,232.9772722931551,230.8931529126595,232.0665740966797,127894400,0.0,0.0,0.0
2017-12-01,231.84757702897915,232.32919559859695,228.34481878034154,231.58485412597656,164390900,0.0,0.0,0.0
2017-12-04,233.2049960822589,233.6340756201483,231.2521978092026,231.3047637939453,94040600,0.0,0.0,0.0
2017-12-05,230.47276306152344,232.18910730727188,230.3414149577032,230.47276306152344,77994500,0.0,0.0,0.0
2017-12-06,230.56915608104308,230.94572307452924,230.0525022108374,230.51661682128906,75898600,0.0,0.0,0.0
2017-12-07,231.24339294433594,231.55862841900824,230.25385927562056,231.24339294433594,77218600,0.0,0.0,0.0
2017-12-08,232.19789777336138,232.51313325649454,231.20836407808713,232.50439453125,76563900,0.0,0.0,0.0
2017-12-11,233.20494079589844,233.26624549361682,232.4781300444395,233.20494079589844,83077500,0.0,0.0,0.0
2017-12-12,233.99308686795445,234.0894266518244,233.2400063937643,233.61654663085938,85195800,0.0,0.0,0.0
2017-12-13,233.8616716096696,234.299516426841,233.50263565271786,233.5902099609375,102905400,0.0,0.0,0.0
2017-12-14,233.8879721162332,234.0018160595599,232.58320294041542,232.6357421875,100666700,0.0,0.0,0.0
2017-12-15,233.6400396374906,235.0395001397508,233.5872318344265,234.57301330566406,144610300,1.351,0.0,0.0
2017-12-18,235.97247913802755,236.41256208052275,235.8668635295137,236.0605010986328,83653600,0.0,0.0,0.0
2017-12-19,236.3069611549893,236.35095870776016,235.0835176057788,235.15394592285156,82382900,0.0,0.0,0.0
2017-12-20,236.12209781110093,236.17490561659116,234.73144749897182,235.03070068359375,76751500,0.0,0.0,0.0
2017-12-21,235.65560026957766,236.22772957066448,235.2683251398561,235.5147705078125,67032300,0.0,0.0,0.0
2017-12-22,235.53239774206176,235.56761189864133,234.91627087431047,235.45318603515625,78720900,0.0,0.0,0.0
2017-12-26,235.04824217899647,235.39151969904776,234.90743930261863,235.17147827148438,45244400,0.0,0.0,0.0
2017-12-27,235.33874224882416,235.6468056592384,235.01308519172568,235.2859344482422,57751000,0.0,0.0,0.0
2017-12-28,235.78765529873854,235.8140592012562,235.4003801547917,235.77003479003906,45116100,0.0,0.0,0.0
2017-12-29,236.35094660186965,236.36854024997027,234.68744702855656,234.8810577392578,96007400,0.0,0.0,0.0
2018-01-02,235.74363172394615,236.59739372242203,235.35635657862522,236.5621795654297,86655700,0.0,0.0,0.0
2018-01-03,236.72944292457163,238.20814223785126,236.72944292457163,238.05850219726562,90070400,0.0,0.0,0.0
2018-01-04,238.70099949537035,239.5459512266381,238.12008678620776,239.0618438720703,80636400,0.0,0.0,0.0
2018-01-05,239.85402929055562,240.77819278482892,239.36113851220546,240.6549835205078,83524000,0.0,0.0,0.0
2018-01-08,240.55808617431893,241.25342460074083,240.26764331091647,241.09500122070312,57319200,0.0,0.0,0.0
2018-01-09,241.5174957036349,242.26564202295054,241.2358361946289,241.64073181152344,57254000,0.0,0.0,0.0
2018-01-10,240.8837515396786,241.53509244774,240.21484384726023,241.27102661132812,69574300,0.0,0.0,0.0
2018-01-11,241.82562515887665,243.0314483642578,241.6583914585135,243.0314483642578,62361500,0.0,0.0,0.0
2018-01-12,243.29544343228133,244.78289892979492,242.99616342156756,244.61569213867188,90816100,0.0,0.0,0.0
2018-01-16,245.8742785150605,246.525592497555,243.08414159937195,243.77947998046875,106555100,0.0,0.0,0.0
2018-01-17,244.7125295970506,246.49045508517855,243.7795558709453,246.10317993164062,113258800,0.0,0.0,0.0
2018-01-18,245.98879788782554,246.41126036770294,245.19662701698726,245.68954467773438,100728000,0.0,0.0,0.0
2018-01-19,246.2704273208626,246.80734252929688,245.68954141873647,246.80734252929688,140920100,0.0,0.0,0.0
2018-01-22,246.5960786362487,248.8140869140625,246.5432439734275,248.8140869140625,91322400,0.0,0.0,0.0
2018-01-23,248.85797966082305,249.63252958227858,248.53232273032896,249.3420867919922,97084700,0.0,0.0,0.0
2018-01-24,249.98469742589643,250.58323062359455,248.06594230116605,249.245361328125,134816100,0.0,0.0,0.0
2018-01-25,250.10798520442722,250.2047905757912,248.55888437831655,249.3510284423828,84587300,0.0,0.0,0.0
2018-01-26,250.1871555817258,252.28195470890776,249.93189995130047,252.23793029785156,107743100,0.0,0.0,0.0
2018-01-29,251.66586610505965,252.10594911934913,250.40723513072024,250.56565856933594,90118300,0.0,0.0,0.0
2018-01-30,248.7348499334868,250.61839069835986,247.52021688316722,247.99551391601562,131796400,0.0,0.0,0.0
2018-01-31,248.84935779742213,249.35103203354984,247.04500127271908,248.11880493164062,108364800,0.0,0.0,0.0
2018-02-01,247.3881089842044,249.1396296308424,247.04483156634103,247.83697509765625,90102500,0.0,0.0,0.0
2018-02-02,246.51682600867105,246.64887236739563,242.40646675517465,242.44168090820312,173174800,0.0,0.0,0.0
2018-02-05,240.68135019801932,242.7937427585855,231.75645603942664,232.30215454101562,294681800,0.0,0.0,0.0
2018-02-06,228.79025817876507,237.3806834043244,227.69886138259187,236.8789825439453,355026800,0.0,0.0,0.0
2018-02-07,236.32453525026932,239.72196260327064,235.51477083413027,235.59400939941406,167376100,0.0,0.0,0.0
2018-02-08,235.89329903889058,236.03412882262248,226.7219574697927,226.75717163085938,246449500,0.0,0.0,0.0
2018-02-09,229.54721856312062,232.02048219017414,222.61152153411334,230.16334533691406,283565300,0.0,0.0,0.0
2018-02-12,232.2141689797888,235.01311709321766,230.30422392491064,233.54322814941406,143736000,0.0,0.0,0.0
2018-02-13,232.3374096823058,234.66984410567167,231.75649692507503,234.1241455078125,81223600,0.0,0.0,0.0
2018-02-14,232.63666039923194,237.64480681010988,232.62785014434985,237.283935546875,120735700,0.0,0.0,0.0
2018-02-15,239.02665660887322,240.32050153842815,236.56217600658562,240.3116912841797,111200300,0.0,0.0,0.0
2018-02-16,239.68675318827144,242.32725054515024,239.64272878267326,240.38206481933594,160420100,0.0,0.0,0.0
2018-02-20,239.4315841383835,240.87506944165008,238.084931074013,238.8770751953125,86369700,0.0,0.0,0.0
2018-02-21,239.3170478750535,241.7991215895347,237.59193062820205,237.68873596191406,98883700,0.0,0.0,0.0
2018-02-22,238.61296827236853,240.32927557049345,237.32793364711858,237.99684143066406,110511300,0.0,0.0,0.0
2018-02-23,239.22036567230847,241.79043579101562,238.74506842987495,241.79043579101562,92766400,0.0,0.0,0.0
2018-02-26,242.8641557031754,244.69491570673415,242.2744596276138,244.59808349609375,86491400,0.0,0.0,0.0
2018-02-27,244.78285691699728,245.49581580776734,241.4822357175162,241.54385375976562,99099200,0.0,0.0,0.0
2018-02-28,242.64411317159698,243.09300634693332,238.78019908798586,239.0970458984375,121907800,0.0,0.0,0.0
2018-03-01,238.88583033395267,240.43493091456583,234.12412958786794,235.62042236328125,176855100,0.0,0.0,0.0
2018-03-02,233.94809404808356,237.39835632114153,233.0855486252185,236.8350372314453,139083200,0.0,0.0,0.0
2018-03-05,235.64676477079544,240.1884228564989,235.54112232743287,239.57229614257812,97307400,0.0,0.0,0.0
2018-03-06,240.54931159065572,240.6285501529497,238.68336432101546,240.17965698242188,79213200,0.0,0.0,0.0
2018-03-07,238.0144657326488,240.4437052620397,237.82082816735752,240.09164428710938,87063500,0.0,0.0,0.0
2018-03-08,240.76937164170073,241.37668826265542,239.77480673572597,241.25347900390625,66901200,0.0,0.0,0.0
2018-03-09,242.66170242288203,245.45181274414062,242.3448287927158,245.45181274414062,113625300,0.0,0.0,0.0
2018-03-12,245.74224028281935,246.3671503226627,244.75643227197514,245.14370727539062,71924800,0.0,0.0,0.0
2018-03-13,246.30563802249105,246.80733906418087,242.95220787735744,243.5595245361328,91968900,0.0,0.0,0.0
2018-03-14,244.51880988315452,244.7036371432696,241.7551037909438,242.30958557128906,105895100,0.0,0.0,0.0
2018-03-15,242.82015876545825,243.4626626446098,241.54390753995625,242.0456085205078,83433000,0.0,0.0,0.0
2018-03-16,242.57311035320478,243.35960806370167,242.25499462857778,242.30801391601562,100343700,1.097,0.0,0.0
2018-03-19,241.55692641312461,242.48479112275547,237.37705851392633,239.02955627441406,109208400,0.0,0.0,0.0
2018-03-20,239.42728116773122,240.07238541259784,238.75566726721883,239.43612670898438,59757300,0.0,0.0,0.0
2018-03-21,239.3919136546146,241.48625724722612,238.76450052453336,238.97657775878906,78709600,0.0,0.0,0.0
2018-03-22,236.74958664642537,237.59792219592762,232.72877764515255,233.00274658203125,148785900,0.0,0.0,0.0
2018-03-23,233.44464923481146,233.771610570164,227.84202490130033,228.03643798828125,183534800,0.0,0.0,0.0
2018-03-26,231.64191725294216,234.55808665375656,229.23827674648547,234.27529907226562,141956100,0.0,0.0,0.0
2018-03-27,235.2119896157705,235.74218251568394,228.73452101809977,230.28982543945312,129941400,0.0,0.0,0.0
2018-03-28,230.42239773709733,232.09258645062064,228.50477665506375,229.60939025878906,146452300,0.0,0.0,0.0
2018-03-29,230.7494126132141,234.40790666269632,229.6182890991537,232.54330444335938,111601600,0.0,0.0,0.0
2018-04-02,232.0130331334397,232.52558895343842,225.0495580668502,227.52389526367188,186286300,0.0,0.0,0.0
2018-04-03,228.76108647586676,230.91729468859214,226.96719481188146,230.44009399414062,119956900,0.0,0.0,0.0
2018-04-04,226.8876901501262,233.612566483105,226.7551418786171,232.90562438964844,123715300,0.0,0.0,0.0
2018-04-05,234.66417270272734,235.6274197824514,233.57724985427006,234.7437286376953,82652600,0.0,0.0,0.0
2018-04-06,232.78185874931796,234.27527149553967,227.99224241099677,229.51219177246094,179521200,0.0,0.0,0.0
2018-04-09,230.970332966311,234.03674208867398,229.70666119589032,230.64337158203125,105442900,0.0,0.0,0.0
2018-04-10,233.53303173968084,235.09718220910804,232.3930896648069,234.31068420410156,103529000,0.0,0.0,0.0
2018-04-11,232.82604325409434,234.74366437925775,232.7553598478326,233.0823211669922,91140200,0.0,0.0,0.0
2018-04-12,234.4078658821633,235.94547947818188,234.2311169080454,234.9999237060547,68890500,0.0,0.0,0.0
2018-04-13,236.30783467244473,236.42271882761298,233.3032903974558,234.31068420410156,85079200,0.0,0.0,0.0
2018-04-16,235.94550015531053,237.0059401567355,235.1236739866664,236.2371063232422,63405300,0.0,0.0,0.0
2018-04-17,238.00452270510672,239.36541461083434,237.4919937102322,238.76451110839844,64682000,0.0,0.0,0.0
2018-04-18,239.20628910663888,239.74532760470183,238.48165610469013,238.94119262695312,57303900,0.0,0.0,0.0
2018-04-19,238.28729427980818,238.49055293668692,236.5817769681026,237.61570739746094,77655900,0.0,0.0,0.0
2018-04-20,237.5449917152264,237.76591448025806,234.71716953557635,235.60086059570312,99953100,0.0,0.0,0.0
2018-04-23,236.17523960378978,236.7319691881383,234.4873867411846,235.56549072265625,65558000,0.0,0.0,0.0
2018-04-24,236.59058307701824,236.81150581015282,230.89076577490286,232.39305114746094,112885500,0.0,0.0,0.0
2018-04-25,232.33117921342284,233.40928319691392,230.5107781054454,232.96743774414062,103840900,0.0,0.0,0.0
2018-04-26,233.9925234034569,236.16639548906852,233.55067794884684,235.33572387695312,67731900,0.0,0.0,0.0
2018-04-27,235.94546677263557,236.2459184379711,234.61993044245224,235.556640625,57053600,0.0,0.0,0.0
2018-04-30,236.1752828772571,236.73201256361304,233.6744220588823,233.74513244628906,82182300,0.0,0.0,0.0
2018-05-01,233.17953515335418,234.2664847699566,231.62423039491986,234.1604461669922,74203400,0.0,0.0,0.0
2018-05-02,233.96597302347948,234.77895341628965,232.19859151272493,232.58741760253906,86368900,0.0,0.0,0.0
2018-05-03,231.7567896085878,232.728828047359,228.920122334684,232.0749053955078,136311500,0.0,0.0,0.0
2018-05-04,231.10284331231682,235.75991179330262,230.77588198168894,235.07945251464844,91222100,0.0,0.0,0.0
2018-05-07,235.84833775703208,236.84688607701938,235.15903278879605,235.87484741210938,55304900,0.0,0.0,0.0
2018-05-08,235.50368527291405,236.23713704212827,234.31069685820916,235.87484741210938,67499200,0.0,0.0,0.0
2018-05-09,236.54635456407956,238.48163963646277,236.02498021129696,238.15467834472656,59666100,0.0,0.0,0.0
2018-05-10,238.89701270393888,240.7085953665572,238.7909741028311,240.38160705566406,72063900,0.0,0.0,0.0
2018-05-11,240.5053024320229,241.38014773448955,239.99274664229782,241.11505126953125,59871500,0.0,0.0,0.0
2018-05-14,241.5481726806975,242.20209560200274,240.68214551260627,241.2300567626953,54790600,0.0,0.0,0.0
2018-05-15,240.00169513624073,240.01935925211407,238.62313899087707,239.56869506835938,87036100,0.0,0.0,0.0
2018-05-16,239.60407198450952,241.03564757535855,239.57753535612065,240.57611083984375,53942600,0.0,0.0,0.0
2018-05-17,240.31092263582997,241.45089152917097,239.59513511324812,240.37278747558594,56536400,0.0,0.0,0.0
2018-05-18,240.0281285092887,240.39044503041083,239.4183796039987,239.7718505859375,64368000,0.0,0.0,0.0
2018-05-21,241.25645393247333,242.1136351582383,240.86762779080024,241.57456970214844,58025900,0.0,0.0,0.0
2018-05-22,242.0959421646103,242.35222006688994,240.57599279594973,240.9029541015625,52966400,0.0,0.0,0.0
2018-05-23,239.63055225855956,241.5923477823612,239.47146734832646,241.56581115722656,64694200,0.0,0.0,0.0
2018-05-24,241.1680971017814,241.4420391350856,239.28583108913134,241.0708770751953,76043800,0.0,0.0,0.0
2018-05-25,240.49647521972656,241.1238882133398,239.99276492981866,240.49647521972656,56374800,0.0,0.0,0.0
2018-05-29,238.870483330366,239.6304715224005,236.61708233856234,237.7305145263672,115908600,0.0,0.0,0.0
2018-05-30,239.03837931848213,241.34479953468355,238.967695915149,240.9029541015625,69678400,0.0,0.0,0.0
2018-05-31,240.49647401844624,240.79692568949417,238.82631223407603,239.42721557617188,93519900,0.0,0.0,0.0
2018-06-01,240.7263440654246,242.07839064085633,240.6556336611006,241.77793884277344,71258400,0.0,0.0,0.0
2018-06-04,242.59962869220092,243.182867843023,242.36104189017922,242.9265899658203,45385200,0.0,0.0,0.0
2018-06-05,243.0591775688871,243.48335892041933,242.2903707808217,243.10337829589844,51135000,0.0,0.0,0.0
2018-06-06,243.7131954532173,245.2419639185261,243.09460084664707,245.13592529296875,62732200,0.0,0.0,0.0
2018-06-07,245.62191560533927,245.9135217591233,244.19915912192252,245.10935974121094,72969400,0.0,0.0,0.0
2018-06-08,244.6498721239882,245.8870341980291,244.4819686673565,245.83401489257812,72139700,0.0,0.0,0.0
2018-06-11,246.05494161200195,246.87676782782057,245.94005745897357,246.16098022460938,58892500,0.0,0.0,0.0
2018-06-12,246.57636484432865,246.84146142824977,245.83406744123312,246.4791717529297,72329000,0.0,0.0,0.0
2018-06-13,246.71766586247327,246.9739437759287,245.48932256014058,245.6925811767578,79070600,0.0,0.0,0.0
2018-06-14,246.55863540507366,246.84139603030306,245.7191181648838,246.3112030029297,77097600,0.0,0.0,0.0
2018-06-15,245.526474816131,246.3342477239301,244.41690111133036,245.99693298339844,120041600,1.246,0.0,0.0
2018-06-18,244.54119558074223,245.61528259065716,244.06187917334162,245.49099731445312,52917600,0.0,0.0,0.0
2018-06-19,243.21856035900637,244.7719635729781,242.80135955511443,244.550048828125,97531500,0.0,0.0,0.0
2018-06-20,245.2335873283846,245.63304478761074,244.62998559866284,244.96730041503906,53785500,0.0,0.0,0.0
2018-06-21,244.95836940816923,244.97613992521215,242.9345079770817,243.4315948486328,71061400,0.0,0.0,0.0
2018-06-22,244.6921773122073,244.8075773608687,243.653603963468,243.87551879882812,54898500,0.0,0.0,0.0
2018-06-25,242.72149328077796,242.88126540868595,238.86905624683794,240.55560302734375,137854200,0.0,0.0,0.0
2018-06-26,241.12375552974973,241.94038681511896,240.36923979992196,241.08824157714844,68547400,0.0,0.0,0.0
2018-06-27,241.6741102830726,243.1032286385101,238.94010468862106,239.0910186767578,105110700,0.0,0.0,0.0
2018-06-28,239.03773254071504,241.22136639578738,238.3275889896138,240.45799255371094,76650500,0.0,0.0,0.0
2018-06-29,241.54976851068503,242.91677098828745,240.68873817656709,240.80413818359375,97592500,0.0,0.0,0.0
2018-07-02,239.2330380681814,241.47881474566486,238.99335274868304,241.3190155029297,63554800,0.0,0.0,0.0
2018-07-03,242.2155321465129,242.31318873303871,240.0407836242166,240.4668426513672,42187100,0.0,0.0,0.0
2018-07-05,241.594168530159,242.49068572392176,240.52008160667532,242.4285430908203,56925900,0.0,0.0,0.0
2018-07-06,242.45514288201758,244.85180544036797,242.07342900196699,244.47900390625,66493700,0.0,0.0,0.0
2018-07-09,245.48205972164303,246.7336620303323,245.43768761200442,246.68040466308594,50550400,0.0,0.0,0.0
2018-07-10,247.13320141199088,247.66580235045612,246.84025870569093,247.56814575195312,51966800,0.0,0.0,0.0
2018-07-11,246.01473770859317,246.8047673860751,245.45550808776144,245.75730895996094,77054700,0.0,0.0,0.0
2018-07-12,247.0177302686697,248.03853263814824,246.41412868714167,247.9852752685547,60124700,0.0,0.0,0.0
2018-07-13,247.80778614167045,248.4823885914814,247.35507136267833,248.1805877685547,48216000,0.0,0.0,0.0
2018-07-16,248.22506954730468,248.36707120245725,247.51492582547618,247.95875549316406,48201000,0.0,0.0,0.0
2018-07-17,247.18644318466008,249.35233366553481,247.13318580309817,248.96176147460938,52315500,0.0,0.0,0.0
2018-07-18,249.0416592981718,249.59200365975133,248.59782970474203,249.48548889160156,44593500,0.0,0.0,0.0
2018-07-19,248.81965144799824,249.2013382541947,248.06513600349925,248.5444793701172,61412100,0.0,0.0,0.0
2018-07-20,248.34032306277456,248.9705803919926,248.1006649096072,248.26043701171875,82337700,0.0,0.0,0.0
2018-07-23,248.0563777829698,248.92626647417546,247.71017768725454,248.7221221923828,47047600,0.0,0.0,0.0
2018-07-24,250.1334320169862,250.81691968072434,249.10374434759734,249.9736328125,68026900,0.0,0.0,0.0
2018-07-25,249.72508778052887,252.4235786523477,249.68071566741298,252.10403442382812,78882900,0.0,0.0,0.0
2018-07-26,251.38504968274742,252.19279556653194,251.2873931024589,251.50930786132812,57919500,0.0,0.0,0.0
2018-07-27,251.83771215930585,251.9353687298182,248.8818197863248,249.80499267578125,76768700,0.0,0.0,0.0
2018-07-30,249.88494451840913,250.04471666945543,247.97645560936985,248.5001983642578,63742500,0.0,0.0,0.0
2018-07-31,249.2635704143807,250.33763042964327,248.88188347107697,249.7251434326172,68570500,0.0,0.0,0.0
2018-08-01,249.92926397666997,250.4352361042399,248.65991811770908,249.30789184570312,53853300,0.0,0.0,0.0
2018-08-02,248.00315963632505,250.83476805030514,247.7989882330191,250.6661376953125,63426400,0.0,0.0,0.0
2018-08-03,250.79026501496526,251.79332389456457,250.61272240135142,251.7400665283203,53935400,0.0,0.0,0.0
2018-08-06,251.77570128010137,252.97401968479372,251.38512901409962,252.66336059570312,39400900,0.0,0.0,0.0
2018-08-07,253.32895886077281,253.87930298451292,253.19578836892862,253.49758911132812,43196600,0.0,0.0,0.0
2018-08-08,253.32905876347291,253.79063177107486,252.9296013088043,253.39117431640625,42114600,0.0,0.0,0.0
2018-08-09,253.45331378938022,253.8438859790857,252.91185471545646,253.0449981689453,35717000,0.0,0.0,0.0
2018-08-10,251.6069617836006,252.14842078670355,250.63938960665286,251.3495330810547,77076000,0.0,0.0,0.0
2018-08-13,251.62468830328046,252.23717515726742,250.11565722463394,250.40859985351562,65732900,0.0,0.0,0.0
2018-08-14,251.13648971338375,252.24606343472783,250.74591759633446,252.00637817382812,43842000,0.0,0.0,0.0
2018-08-15,250.6572500724756,250.7992788183229,248.68664524381603,250.12464904785156,102925400,0.0,0.0,0.0
2018-08-16,251.5625488065655,253.0183225324878,251.52703486248876,252.14840698242188,69967900,0.0,0.0,0.0
2018-08-17,251.94425665074894,253.47991656185243,251.53594107206413,253.0360870361328,65618500,0.0,0.0,0.0
2018-08-20,253.48881961316718,253.84387784082335,253.0361047966119,253.5775909423828,39807500,0.0,0.0,0.0
2018-08-21,254.09235516220178,255.03327141068831,253.61301178058812,254.1722412109375,67272000,0.0,0.0,0.0
2018-08-22,253.76400985232723,254.54515426235224,253.49769584570512,254.0214385986328,44993300,0.0,0.0,0.0
2018-08-23,253.84394576580144,254.70497642010037,253.36460213113668,253.68417358398438,49204900,0.0,0.0,0.0
2018-08-24,254.2610899286021,255.3529204388044,254.2078325465637,255.2108917236328,57487400,0.0,0.0,0.0
2018-08-27,256.409111017999,257.3322837659654,256.24933893350396,257.22576904296875,57072400,0.0,0.0,0.0
2018-08-28,257.68747697891615,257.79401884697023,256.88858904838384,257.3501892089844,46943500,0.0,0.0,0.0
2018-08-29,257.5631772420402,258.9656667527116,257.32351902828185,258.7348937988281,61485500,0.0,0.0,0.0
2018-08-30,258.25558440533797,258.6283861204424,257.0927529547803,257.6874694824219,61229500,0.0,0.0,0.0
2018-08-31,257.27911870586814,258.14014914459057,256.7909170205872,257.6963195800781,66140800,0.0,0.0,0.0
2018-09-04,257.27900905004674,257.60743845353176,256.2493216485398,257.25238037109375,57594400,0.0,0.0,0.0
2018-09-05,256.89746499339486,257.10163637158024,255.54823269496327,256.5601501464844,72452400,0.0,0.0,0.0
2018-09-06,256.666569677207,256.9683704573946,254.75810842911469,255.7877960205078,65909900,0.0,0.0,0.0
2018-09-07,254.74036625386822,256.26714067767955,254.50068100871852,255.29071044921875,73524800,0.0,0.0,0.0
2018-09-10,256.3026151821348,256.56892909844845,255.5392415516069,255.73452758789062,50210900,0.0,0.0,0.0
2018-09-11,255.08661990516262,257.0217104592627,254.7404469036389,256.577880859375,50530500,0.0,0.0,0.0
2018-09-12,256.58675726542555,257.24361638204505,255.85001207428817,256.6400146484375,59810800,0.0,0.0,0.0
2018-09-13,257.7051492765237,258.34426479519124,257.42109191507126,258.1578369140625,51034200,0.0,0.0,0.0
2018-09-14,258.3621037093853,258.54850457020456,257.4211870548733,258.20233154296875,55079900,0.0,0.0,0.0
2018-09-17,258.1489805848816,258.18446743841525,256.56006349021055,256.8352355957031,68244000,0.0,0.0,0.0
2018-09-18,257.04843209130587,258.82375113274907,257.02180338925297,258.2290344238281,61930400,0.0,0.0,0.0
2018-09-19,258.2821745760306,258.9212902243807,258.1578892967261,258.50408935546875,49080600,0.0,0.0,0.0
2018-09-20,259.76456338411145,260.91850934003577,258.52181901409443,260.59893798828125,100360600,0.0,0.0,0.0
2018-09-21,261.34162902738257,261.45755140030644,260.20028346692595,260.36077880859375,105479700,1.323,0.0,0.0
2018-09-24,259.78128445436346,259.9239561004905,258.9163563078542,259.4959411621094,53409600,0.0,0.0,0.0
2018-09-25,259.9506646292709,260.05766154415363,259.0144144122169,259.2551574707031,44370000,0.0,0.0,0.0
2018-09-26,259.3978270962072,260.5837458427951,258.06031124681675,258.4794006347656,79739700,0.0,0.0,0.0
2018-09-27,258.9519611282964,260.2894768364136,258.67554339223165,259.2016296386719,59249500,0.0,0.0,0.0
2018-09-28,258.577428969311,259.7277000273732,258.54178147845295,259.2283630371094,70091400,0.0,0.0,0.0
2018-10-01,260.4678733934338,261.19905539547744,259.4603007849608,260.1290588378906,62078900,0.0,0.0,0.0
2018-10-02,259.9774169921875,260.6907479078921,259.6029277855832,259.9774169921875,47258200,0.0,0.0,0.0
2018-10-03,261.02964891097304,261.4487384024007,259.7634821662078,260.1201477050781,64694600,0.0,0.0,0.0
2018-10-04,259.6385456639831,259.69204411596644,256.4998518963773,258.0870361328125,111545900,0.0,0.0,0.0
2018-10-05,258.31001039427775,258.8271712774559,255.21588894088282,256.642578125,105951700,0.0,0.0,0.0
2018-10-08,255.95596915870948,256.9992436180711,254.57388016862174,256.642578125,87742200,0.0,0.0,0.0
2018-10-09,256.25919865326443,257.5699383979539,255.7063357693403,256.2680969238281,74339000,0.0,0.0,0.0
2018-10-10,255.75981569841878,255.83116512877552,247.77931932579827,248.15380859375,214731000,0.0,0.0,0.0
2018-10-11,247.0659319900336,248.6887911916292,241.07385950184556,242.6878204345703,274840500,0.0,0.0,0.0
2018-10-12,246.78950427810025,247.07484753078003,242.86612979515945,246.058349609375,183186500,0.0,0.0,0.0
2018-10-15,245.70169308385272,247.0303108944259,244.5870963501901,244.67626953125,102263700,0.0,0.0,0.0
2018-10-16,246.63795839414237,250.400837868214,246.16537049105952,250.0263214111328,118255800,0.0,0.0,0.0
2018-10-17,250.0620431450392,250.69512655798582,247.49400756169103,250.0709686279297,110626000,0.0,0.0,0.0
2018-10-18,249.1346728395284,249.73210870124333,245.18454828665827,246.4596405029297,134557500,0.0,0.0,0.0
2018-10-19,247.1106083467535,249.04553342733988,245.63042032101035,246.325927734375,139901600,0.0,0.0,0.0
2018-10-22,246.99459808591837,247.31558883402667,244.68515727537218,245.2201690673828,82415800,0.0,0.0,0.0
2018-10-23,241.60000952677385,245.0953697990402,239.51346040293703,243.9718475341797,146352700,0.0,0.0,0.0
2018-10-24,243.7221665604862,244.1056085152865,236.02701362087163,236.57984924316406,177806700,0.0,0.0,0.0
2018-10-25,238.4166910055369,242.36681508232206,237.39126750912948,240.82420349121094,138061500,0.0,0.0,0.0
2018-10-26,237.1148740057523,241.64458337402075,233.87808058304793,236.58876037597656,201574600,0.0,0.0,0.0
2018-10-29,239.6829042207381,240.97584749722535,231.70240681944074,235.27801513671875,160749100,0.0,0.0,0.0
2018-10-30,235.10856441456093,239.07651205137157,234.6181255750687,238.76441955566406,157116000,0.0,0.0,0.0
2018-10-31,241.332475240434,243.6330180983539,240.8598873218433,241.3146514892578,128296300,0.0,0.0,0.0
2018-11-01,242.17959851009834,244.07887581404464,241.09175094319107,243.88270568847656,99495000,0.0,0.0,0.0
2018-11-02,244.9883093263752,245.41632417623367,240.38725173475345,242.43812561035156,122634100,0.0,0.0,0.0
2018-11-05,242.928606597536,244.32854672454587,241.95668144268606,243.7757110595703,65622500,0.0,0.0,0.0
2018-11-06,243.71318368453908,245.47868687033352,243.6507597587035,245.3181915283203,60085900,0.0,0.0,0.0
2018-11-07,247.49390862324185,250.65045336689656,247.0658937931748,250.57020568847656,102752100,0.0,0.0,0.0
2018-11-08,249.76772655026718,250.75750254744202,248.97414786812354,250.11549377441406,65584900,0.0,0.0,0.0
2018-11-09,248.80467666575584,248.9919212498932,246.26339131943897,247.67225646972656,98812600,0.0,0.0,0.0
2018-11-12,247.16407054496352,247.40481365630885,242.52733699522076,243.04452514648438,99673600,0.0,0.0,0.0
2018-11-13,243.50827073366014,245.505620163326,241.86758695759957,242.58984375,98176600,0.0,0.0,0.0
2018-11-14,244.4622478094711,244.86348626076756,239.37077812959166,240.93121337890625,125335900,0.0,0.0,0.0
2018-11-15,239.66505152031465,243.90944467046296,238.08679231174762,243.4457550048828,135101400,0.0,0.0,0.0
2018-11-16,242.34901628972628,244.98837386289333,241.8318281417608,244.07887268066406,126668000,0.0,0.0,0.0
2018-11-19,243.47248759534176,243.76675635712672,239.03195184325043,239.95037841796875,103061700,0.0,0.0,0.0
2018-11-20,236.61554390145974,238.07790815932736,234.64494411616016,235.50987243652344,136021300,0.0,0.0,0.0
2018-11-21,237.0613378956643,238.21160934833,236.30343388346577,236.3123321533203,75563700,0.0,0.0,0.0
2018-11-23,234.67167638636354,236.13404053849402,234.57360492368625,234.73410034179688,42807900,0.0,0.0,0.0
2018-11-26,236.99002589248818,238.74663151536032,236.59768564694465,238.52371215820312,79981400,0.0,0.0,0.0
2018-11-27,237.48931889071778,239.326171875,236.8829848828991,239.326171875,75502400,0.0,0.0,0.0
2018-11-28,240.39621058389733,244.8367462158203,239.26376297348142,244.8367462158203,127629600,0.0,0.0,0.0
2018-11-29,244.06101801208686,245.7017011927657,242.91967200762178,244.30178833007812,82346400,0.0,0.0,0.0
2018-11-30,244.1501496182544,246.3525935500648,243.82915886470985,245.79083251953125,98204200,0.0,0.0,0.0
2018-12-03,249.91932478442453,250.02632171176697,247.4493883388265,249.04547119140625,103176300,0.0,0.0,0.0
2018-12-04,248.2162465946637,248.64426156553154,240.6637375292736,240.975830078125,177986000,0.0,0.0,0.0
2018-12-06,237.11488431430027,240.72616717573516,234.01183692873772,240.61024475097656,204185400,0.0,0.0,0.0
2018-12-07,240.27137469945745,241.840735566678,234.18123028122503,235.0194091796875,161018900,0.0,0.0,0.0
2018-12-10,234.8410402406926,236.43715018686217,230.6055731722175,235.46522521972656,151445900,0.0,0.0,0.0
2018-12-11,238.66632675751862,238.8535713534547,234.04744531223463,235.51870727539062,121504400,0.0,0.0,0.0
2018-12-12,238.4969156038437,239.8611807104896,236.62438793288274,236.7046356201172,97976700,0.0,0.0,0.0
2018-12-13,237.6498437028021,238.51477184325688,235.5098234495447,236.62442016601562,96662700,0.0,0.0,0.0
2018-12-14,234.47548657224678,235.42958794178887,231.7023828597577,232.25521850585938,116961100,0.0,0.0,0.0
2018-12-17,231.3010700046853,232.4156665517509,226.06692897355805,227.69869995117188,165492300,0.0,0.0,0.0
2018-12-18,229.33941606115198,230.00817404669752,225.8440290168278,227.4490509033203,134515100,0.0,0.0,0.0
2018-12-19,227.52930839320615,231.30109978443372,222.3397532769953,224.0428466796875,214992800,0.0,0.0,0.0
2018-12-20,222.79453438381344,224.3638818412325,218.14888875379222,220.3959197998047,252053400,0.0,0.0,0.0
2018-12-21,221.29722391317975,223.9609712201748,215.23427764806652,215.88003540039062,255345600,1.435,0.0,0.0
2018-12-24,214.39124202550883,216.00563669064812,210.11311326960217,210.17588806152344,147311600,0.0,0.0,0.0
2018-12-26,211.63781597827943,220.7949981689453,209.65569540447513,220.7949981689453,218485400,0.0,0.0,0.0
2018-12-27,217.55727810910773,222.68744482025036,214.31952454087468,222.49014282226562,186267300,0.0,0.0,0.0
2018-12-28,223.844425204303,225.47674780536732,221.03717246474218,222.203125,153100200,0.0,0.0,0.0
2018-12-31,223.82647408811934,224.3915156531046,221.9519889312692,224.14935302734375,144299400,0.0,0.0,0.0
2019-01-02,220.6155810033805,225.30629542099064,220.5886755710733,224.3824920654297,126925200,0.0,0.0,0.0
2019-01-03,222.63360250759496,222.93855359314486,218.54381198522043,219.02813720703125,144140700,0.0,0.0,0.0
2019-01-04,222.05963659502927,227.01044301239702,221.68294673620602,226.36468505859375,142628800,0.0,0.0,0.0
2019-01-07,226.63370784391665,229.55754588854347,225.7368234968738,228.14944458007812,103139100,0.0,0.0,0.0
2019-01-08,230.33782938683666,230.77729392927085,227.80860912598874,230.29296875,102512600,0.0,0.0,0.0
2019-01-09,231.0015215835189,232.21232088082903,229.77279445340503,231.36924743652344,95006600,0.0,0.0,0.0
2019-01-10,229.83560729240676,232.43656660303958,229.15396638327567,232.18544006347656,96823900,0.0,0.0,0.0
2019-01-11,231.10916508585217,232.3020366626938,230.5261957013551,232.27513122558594,73858100,0.0,0.0,0.0
2019-01-14,230.37373745469992,231.6652533127134,229.9701558557848,230.85806274414062,70908200,0.0,0.0,0.0
2019-01-15,231.23472891177062,233.81776021044035,231.22575130966445,233.50384521484375,85208300,0.0,0.0,0.0
2019-01-16,233.93432363010817,234.95678488625194,233.72805775511355,234.06887817382812,77636700,0.0,0.0,0.0
2019-01-17,233.1988886029791,236.70570939522244,233.15402796688343,235.8446807861328,96118400,0.0,0.0,0.0
2019-01-18,237.6564693733523,239.4502384089013,235.88062817469122,238.9838409423828,127900300,0.0,0.0,0.0
2019-01-22,237.51291789918878,237.72816138252549,234.14062401631128,235.7550048828125,115531200,0.0,0.0,0.0
2019-01-23,236.78639646962375,237.48596502145395,233.781829051491,236.24826049804688,86030300,0.0,0.0,0.0
2019-01-24,236.06899439686575,236.95692878740158,235.0555103916637,236.37393188476562,59204100,0.0,0.0,0.0
2019-01-25,238.22141899740802,239.19904694280078,236.47251108468166,238.3739013671875,96883400,0.0,0.0,0.0
2019-01-28,236.2303825110158,236.62498644464915,234.7953620742769,236.56222534179688,85613700,0.0,0.0,0.0
2019-01-29,236.7056801794971,237.2706942103837,235.4141647960056,236.24826049804688,66136300,0.0,0.0,0.0
2019-01-30,237.7640106572768,240.83133934221308,237.00165360106413,239.98826599121094,92473700,0.0,0.0,0.0
2019-01-31,239.92553305771975,242.58030297951865,239.71026220894768,242.09597778320312,104012100,0.0,0.0,0.0
2019-02-01,242.2933170201301,243.23506206970345,241.42333805071436,242.2126007080078,85782500,0.0,0.0,0.0
2019-02-04,242.25743015243614,243.97946022939053,241.5847668579717,243.9166717529297,60744800,0.0,0.0,0.0
2019-02-05,244.3472009297113,245.24408537670902,243.8449478290519,244.93914794921875,79552800,0.0,0.0,0.0
2019-02-06,244.66116314368043,245.15443873636184,243.88087790363153,244.61630249023438,58347800,0.0,0.0,0.0
2019-02-07,243.00179814236867,243.54888434571455,240.62506057645214,242.2843017578125,95482000,0.0,0.0,0.0
2019-02-08,241.03774066569096,242.67902747063036,240.21259477544652,242.58038330078125,75788900,0.0,0.0,0.0
2019-02-11,243.23509788652132,243.4951746958544,242.1857309329304,242.7148895263672,68021400,0.0,0.0,0.0
2019-02-12,244.32931526704692,246.21275103424225,244.25754917128475,245.83607482910156,72270200,0.0,0.0,0.0
2019-02-13,246.67012986807828,247.4773204011533,246.24859308058757,246.63424682617188,65277200,0.0,0.0,0.0
2019-02-14,245.54900683698227,247.21722603270476,244.73283875879804,246.08714294433594,83234400,0.0,0.0,0.0
2019-02-15,247.86302812794264,248.8047734305806,247.656762176227,248.76889038085938,97088700,0.0,0.0,0.0
2019-02-19,247.97059836438055,249.85403362878836,247.9616207621204,249.19932556152344,59120800,0.0,0.0,0.0
2019-02-20,249.163402081706,250.1589577951444,248.66114910995242,249.7015380859375,76610800,0.0,0.0,0.0
2019-02-21,249.0648167306851,249.4235650279196,247.8540172781206,248.81369018554688,64214700,0.0,0.0,0.0
2019-02-22,249.43252124160176,250.55362680405707,248.79574094593468,250.35633850097656,78114600,0.0,0.0,0.0
2019-02-25,251.7823934978266,252.3025744604838,250.6164272348308,250.6971435546875,69030700,0.0,0.0,0.0
2019-02-26,250.34730525682363,251.3966445024455,250.14101202571476,250.51771545410156,56844100,0.0,0.0,0.0
2019-02-27,249.80023878389963,250.7599116821965,248.86749869411122,250.41014099121094,56921600,0.0,0.0,0.0
2019-02-28,250.19486738473202,250.63435935779663,249.6208755950367,249.94374084472656,69268300,0.0,0.0,0.0
2019-03-01,251.5222460706085,251.916877369195,250.06929782160273,251.5043182373047,78880500,0.0,0.0,0.0
2019-03-04,252.5626955386454,252.8048445144296,248.29351630874652,250.58953857421875,106494600,0.0,0.0,0.0
2019-03-05,250.71510045958334,250.91241614415003,249.70161659661557,250.2487030029297,59114600,0.0,0.0,0.0
2019-03-06,250.36533830006306,250.37431590497727,248.410136381033,248.73300170898438,75039800,0.0,0.0,0.0
2019-03-07,248.2844846321337,248.4279894138157,245.80910241765017,246.6521759033203,94885100,0.0,0.0,0.0
2019-03-08,244.79557461108948,246.329238922226,244.32920468269987,246.15882873535156,85795800,0.0,0.0,0.0
2019-03-11,246.8763993919627,249.88991772435608,246.849493955807,249.72848510742188,65098900,0.0,0.0,0.0
2019-03-12,250.28460377553407,251.1904659421307,250.09626568125225,250.67025756835938,79667500,0.0,0.0,0.0
2019-03-13,251.5581907090081,253.26226589524683,251.39673068678445,252.32949829101562,80639200,0.0,0.0,0.0
2019-03-14,252.35630677102787,252.77784344619863,251.72850424402364,252.16796875,67518400,0.0,0.0,0.0
2019-03-15,252.72026159197057,254.2246406646661,252.53106644599106,253.4138946533203,81309000,1.233,0.0,0.0
2019-03-18,253.63005252150992,254.62999354582587,253.4048437987981,254.33270263671875,62199800,0.0,0.0,0.0
2019-03-19,255.39569291563592,256.16138053249057,253.50393426352406,254.395751953125,90268100,0.0,0.0,0.0
2019-03-20,254.1796048177356,255.38672040889546,252.52207173026378,253.6300811767578,84609200,0.0,0.0,0.0
2019-03-21,252.81033924719029,256.90011021839473,252.76528100389675,256.4947509765625,79550400,0.0,0.0,0.0
2019-03-22,255.1345288776972,255.6570011615493,251.49514722270138,251.55821228027344,122659300,0.0,0.0,0.0
2019-03-25,251.21584925143233,252.40495803609156,250.10783980821537,251.36900329589844,85575200,0.0,0.0,0.0
2019-03-26,253.12563911674877,254.19763505610663,251.83745155644644,253.2427520751953,68125900,0.0,0.0,0.0
2019-03-27,253.23371421295462,253.8192789572887,250.36906550454614,251.9185028076172,72224700,0.0,0.0,0.0
2019-03-28,252.54906468905634,253.32376949182066,251.39599713964742,252.87335205078125,56238500,0.0,0.0,0.0
2019-03-29,254.38671687455616,254.79207598322066,253.26067353166718,254.46778869628906,82186800,0.0,0.0,0.0
2019-04-01,256.46761469014336,257.7828254730624,256.19734782266823,257.48553466796875,77617900,0.0,0.0,0.0
2019-04-02,257.67482041149606,257.84598124041696,256.81901626689137,257.61175537109375,40070400,0.0,0.0,0.0
2019-04-03,258.82786619830597,259.224235717059,257.4135489378142,258.0171203613281,68243200,0.0,0.0,0.0
2019-04-04,258.34145373384234,258.9540149205968,257.6478206980734,258.7017822265625,48997500,0.0,0.0,0.0
2019-04-05,259.3684117534433,260.0079968724831,259.08013797058265,259.9539489746094,58621700,0.0,0.0,0.0
2019-04-08,259.5305822634568,260.26025645144784,258.87296278297543,260.15216064453125,53566300,0.0,0.0,0.0
2019-04-09,259.188315472666,259.5126029621365,258.26947342785644,258.8189697265625,66142300,0.0,0.0,0.0
2019-04-10,259.2332389500564,259.7917796584995,258.81886261012613,259.7016906738281,52601500,0.0,0.0,0.0
2019-04-11,260.188182537175,260.19719968513976,259.0621386937665,259.6296691894531,55093100,0.0,0.0,0.0
2019-04-12,261.24200209866194,261.66539540861123,259.67455888328175,261.3861389160156,69727800,0.0,0.0,0.0
2019-04-15,261.4583034082265,261.5574095392261,260.4133316619226,261.215087890625,49596700,0.0,0.0,0.0
2019-04-16,262.09780586067234,262.15185373076906,260.79158485366423,261.3861389160156,52153200,0.0,0.0,0.0
2019-04-17,262.5033465958171,262.5303705495719,260.3323306731585,260.7467346191406,58268300,0.0,0.0,0.0
2019-04-18,261.3321224461844,261.5303071574477,260.03491842542303,261.2600402832031,68708500,0.0,0.0,0.0
2019-04-22,260.49445510855935,261.63850560047865,260.404366115119,261.4853515625,40160100,0.0,0.0,0.0
2019-04-23,261.8546393635951,264.0707126493644,261.62044102193187,263.83648681640625,52246600,0.0,0.0,0.0
2019-04-24,263.75547245228483,264.0887769848535,263.1068701892618,263.2510070800781,50392900,0.0,0.0,0.0
2019-04-25,263.151871189565,263.7464254877272,261.89972504731713,263.08880615234375,57770900,0.0,0.0,0.0
2019-04-26,263.1338733529149,264.386019537816,262.35914106238647,264.31396484375,50916400,0.0,0.0,0.0
2019-04-29,264.4040756501018,265.2508627045785,264.3139866566105,264.7283630371094,57197700,0.0,0.0,0.0
2019-04-30,264.3860838887455,265.1517992196518,262.9717936794869,264.863525390625,81111700,0.0,0.0,0.0
2019-05-01,265.4940523837412,265.7012542994581,262.86360248304516,262.87261962890625,71671900,0.0,0.0,0.0
2019-05-02,262.7555016521478,263.67437079078803,260.8096950831011,262.3050842285156,65030200,0.0,0.0,0.0
2019-05-03,263.78258614959054,265.1518458412666,262.41329896660426,264.8725891113281,56543700,0.0,0.0,0.0
2019-05-06,260.56648365013655,264.22387098797896,260.25118595039874,263.782470703125,107198100,0.0,0.0,0.0
2019-05-07,261.3772964098693,261.9718508694648,257.46767541007944,259.37744140625,144729900,0.0,0.0,0.0
2019-05-08,259.0170593261719,260.72864014867525,258.4225049894771,259.0170593261719,91568300,0.0,0.0,0.0
2019-05-09,256.9451804502703,258.8369119830217,255.20654798317443,258.2333679199219,103471100,0.0,0.0,0.0
2019-05-10,257.2964373238889,260.28721552924605,254.3056591185317,259.530517578125,112429300,0.0,0.0,0.0
2019-05-13,254.4137963184327,255.3776687368432,252.17069879596136,253.0084686279297,127290500,0.0,0.0,0.0
2019-05-14,254.0264805893089,256.82809204068724,253.90037797101735,255.29666137695312,77003200,0.0,0.0,0.0
2019-05-15,253.66615430389857,257.43163845061366,253.45895233256329,256.79205322265625,73956400,0.0,0.0,0.0
2019-05-16,257.49465974223233,260.53046913612627,257.42260504214363,259.17022705078125,76749600,0.0,0.0,0.0
2019-05-17,256.8640305664134,259.98091106448203,256.84599627721246,257.4945983886719,100353000,0.0,0.0,0.0
2019-05-20,255.89119291392836,257.6027739491999,255.04440579803455,255.7921142578125,62877600,0.0,0.0,0.0
2019-05-21,257.48561696577354,258.47654081398997,257.2333843036183,258.09820556640625,46847100,0.0,0.0,0.0
2019-05-22,257.1433067720303,258.2603331360052,256.8280090911771,257.3054504394531,49482500,0.0,0.0,0.0
2019-05-23,255.08041703093522,255.12544778002413,252.74725790735332,254.1615753173828,98733800,0.0,0.0,0.0
2019-05-24,255.60286135091042,256.01726515912264,254.1164894059316,254.73806762695312,55268100,0.0,0.0,0.0
2019-05-28,255.01735333950248,255.97223615216205,252.35088968290407,252.368896484375,70029400,0.0,0.0,0.0
2019-05-29,251.2518863252841,251.65724556949357,249.2700383825875,250.6753387451172,104972900,0.0,0.0,0.0
2019-05-30,251.4320095280315,252.26980685770957,250.26093518349904,251.35995483398438,62523800,0.0,0.0,0.0
2019-05-31,248.81065210515442,249.63940495701888,247.94583066237755,247.9728546142578,86862800,0.0,0.0,0.0
2019-06-03,248.0088177934496,249.12584410862115,246.00896350871946,247.3422088623047,96428000,0.0,0.0,0.0
2019-06-04,249.63942215854848,252.84639296207123,249.18900460197165,252.71127319335938,77231900,0.0,0.0,0.0
2019-06-05,254.33275332053663,254.9273077659354,252.52209352318616,254.90028381347656,71169700,0.0,0.0,0.0
2019-06-06,255.19752776383675,257.2333959536874,254.54892553301983,256.5577697753906,69430400,0.0,0.0,0.0
2019-06-07,257.5757458007118,260.2061961055513,257.4045849508437,259.12518310546875,74272200,0.0,0.0,0.0
2019-06-10,260.67462905198147,261.98085084610926,260.2242115355655,260.3143005371094,60799100,0.0,0.0,0.0
2019-06-11,262.1339625158368,262.50330815727335,259.6026184166782,260.251220703125,58641300,0.0,0.0,0.0
2019-06-12,260.0169567355007,260.5754698846852,259.2782656388976,259.791748046875,47096300,0.0,0.0,0.0
2019-06-13,260.7015648429283,261.22406438040923,259.99891485458375,260.86370849609375,48945200,0.0,0.0,0.0
2019-06-14,260.5754699707031,261.179013861294,259.809754930864,260.5754699707031,52324700,0.0,0.0,0.0
2019-06-17,260.8097413348233,261.4403368362566,260.5034607313937,260.67462158203125,39205700,0.0,0.0,0.0
2019-06-18,262.4942892335855,264.4581026767264,262.1339332880597,263.40411376953125,85434800,0.0,0.0,0.0
2019-06-19,263.539222658832,264.5301464856538,262.5663331233237,263.9986572265625,78674400,0.0,0.0,0.0
2019-06-20,266.68310619427257,266.92632166085167,264.0616739781933,266.52093505859375,116570000,0.0,0.0,0.0
2019-06-21,266.2513190331888,267.5095555345072,265.91639336647125,266.1336364746094,83309500,1.432,0.0,0.0
2019-06-24,266.3418441621465,266.65864781741556,265.653870824963,265.8077697753906,47582700,0.0,0.0,0.0
2019-06-25,265.86208320986407,265.8892385984447,263.0921230745837,263.20074462890625,82028700,0.0,0.0,0.0
2019-06-26,264.09684710879384,264.60376601063865,262.8295498541817,262.93817138671875,51584900,0.0,0.0,0.0
2019-06-27,263.69861212653933,264.37752449052414,263.31843667271613,263.87060546875,40355200,0.0,0.0,0.0
2019-06-28,264.8481600545442,265.72622092796087,264.33220778357355,265.2283630371094,59350900,0.0,0.0,0.0
2019-07-01,268.5596329351697,268.77690368693146,266.4323685690644,267.6363220214844,78705600,0.0,0.0,0.0
2019-07-02,267.59093754948606,268.38753219550205,266.7490931451758,268.3332214355469,61504500,0.0,0.0,0.0
2019-07-03,269.01219161006856,270.4967597025448,268.8673536772652,270.4786376953125,40898900,0.0,0.0,0.0
2019-07-05,269.24761800139146,270.33388893221354,267.95316494009086,270.1709289550781,51677300,0.0,0.0,0.0
2019-07-08,268.8583031221058,269.9898235013948,268.1431745073926,268.6863098144531,45841800,0.0,0.0,0.0
2019-07-09,267.52763883202334,269.31994946484144,267.47332806284766,269.021240234375,41101300,0.0,0.0,0.0
2019-07-10,270.08936704826425,271.2571037412516,269.55529277783,270.3066101074219,58448500,0.0,0.0,0.0
2019-07-11,270.94927706503216,271.1846144550714,269.9354395002428,270.9402160644531,50826100,0.0,0.0,0.0
2019-07-12,271.4290973293695,272.2256920471457,271.12132712023003,272.15325927734375,40326000,0.0,0.0,0.0
2019-07-15,272.5877609929242,272.5877609929242,271.7368555478473,272.2437744140625,33900000,0.0,0.0,0.0
2019-07-16,272.15331757540326,272.36152730192515,271.05801341633924,271.36578369140625,36650100,0.0,0.0,0.0
2019-07-17,271.33853623857465,271.5014685127369,269.51904296875,269.51904296875,36036300,0.0,0.0,0.0
2019-07-18,269.02116679322734,270.885909692556,268.5776197577081,270.5057067871094,51392600,0.0,0.0,0.0
2019-07-19,271.6010788909573,271.6282342722078,268.8311195033801,269.00311279296875,58678600,0.0,0.0,0.0
2019-07-22,269.40148093350797,270.20713691329087,268.88552850124887,269.66400146484375,43638100,0.0,0.0,0.0
2019-07-23,270.7864433136411,271.5920715332031,269.953632082453,271.5920715332031,44564500,0.0,0.0,0.0
2019-07-24,270.83167149437855,272.868408203125,270.7411443378768,272.868408203125,47213200,0.0,0.0,0.0
2019-07-25,272.4157246465236,272.4700354003906,270.7591637785733,271.5648193359375,55394100,0.0,0.0,0.0
2019-07-26,272.2529093648894,273.5835786563894,272.1261658014066,273.3844299316406,45084100,0.0,0.0,0.0
2019-07-29,273.2667386978963,273.38442125310485,272.33436688549176,272.88653564453125,38126500,0.0,0.0,0.0
2019-07-30,271.4833604302327,272.623941541799,271.103157518043,272.2165832519531,45849000,0.0,0.0,0.0
2019-07-31,272.46103201638994,272.6511473201297,267.21984978486825,269.23846435546875,104245200,0.0,0.0,0.0
2019-08-01,269.3924186711607,272.35246649157233,266.09741756218915,266.8940124511719,142646600,0.0,0.0,0.0
2019-08-02,265.9978254506385,266.24222391598,263.32742621353003,264.8843994140625,116749700,0.0,0.0,0.0
2019-08-05,260.7838439943178,260.8924655650717,255.01761873831538,256.9185791015625,178745400,0.0,0.0,0.0
2019-08-06,258.8103654742626,260.73848038847234,257.334858657285,260.5212097167969,120711700,0.0,0.0,0.0
2019-08-07,257.44345126444256,261.4445185495751,255.30715454545978,260.6750793457031,140572300,0.0,0.0,0.0
2019-08-08,262.1687465315291,265.78961181640625,261.61657783559,265.78961181640625,87713900,0.0,0.0,0.0
2019-08-09,264.8481257348083,265.4455717014162,262.19584907812833,263.9791259765625,93730000,0.0,0.0,0.0
2019-08-12,262.4764691718785,263.9700703060593,259.81513146006324,260.765625,65527600,0.0,0.0,0.0
2019-08-13,260.4669862940816,266.26942736125375,260.1229996048397,264.8210754394531,94299800,0.0,0.0,0.0
2019-08-14,260.7656080106551,261.3720873263827,256.8641288378296,256.9908447265625,135622100,0.0,0.0,0.0
2019-08-15,257.87800948700215,258.565982676383,255.6240298665411,257.6697998046875,99556600,0.0,0.0,0.0
2019-08-16,259.32632192032685,261.9061657416089,257.7240717207898,261.4716796875,83018300,0.0,0.0,0.0
2019-08-19,264.4951407782686,265.3007688833208,263.8162285844009,264.6218566894531,53571800,0.0,0.0,0.0
2019-08-20,264.114995296604,264.6490696903885,262.4675223424774,262.59423828125,51596400,0.0,0.0,0.0
2019-08-21,264.7576241289492,265.1015830539715,264.06965102889666,264.73046875,49524700,0.0,0.0,0.0
2019-08-22,265.4365786995359,266.07021351807236,262.87480116707053,264.6490173339844,51666400,0.0,0.0,0.0
2019-08-23,263.34556116445606,265.0111559870093,256.60168809011344,257.85089111328125,149161500,0.0,0.0,0.0
2019-08-26,260.04151360481694,260.70233154296875,258.5116956298589,260.70233154296875,72423800,0.0,0.0,0.0
2019-08-27,262.09638348025754,262.4675255465736,258.9190648424156,259.679443359375,66668900,0.0,0.0,0.0
2019-08-28,259.0186805750066,261.670958474369,258.2130245739962,261.5080261230469,59696700,0.0,0.0,0.0
2019-08-29,264.0697022845135,265.37321597709513,263.0648978183525,264.8481750488281,57899400,0.0,0.0,0.0
2019-08-30,266.3326913580127,266.3507857356442,263.79809723940434,264.73046875,62901200,0.0,0.0,0.0
2019-09-03,263.02868486425206,263.94293446557975,261.85188719792905,263.18255615234375,69101400,0.0,0.0,0.0
2019-09-04,265.3551411107405,266.18792470473994,264.60379605038094,266.1698303222656,46887300,0.0,0.0,0.0
2019-09-05,268.6591809547892,270.50580250609715,266.13361948386745,269.591552734375,83258100,0.0,0.0,0.0
2019-09-06,269.90827070857443,270.44234484116004,269.22935869893166,269.79962158203125,49584300,0.0,0.0,0.0
2019-09-09,270.78645251784974,270.876952059632,268.9941140653553,269.935546875,51260300,0.0,0.0,0.0
2019-09-10,269.1750971388404,269.93550311664103,267.9168608869009,269.87213134765625,57947100,0.0,0.0,0.0
2019-09-11,270.17985412055356,271.8726038304123,269.52809741475204,271.7911376953125,68821100,0.0,0.0,0.0
2019-09-12,272.69632756930724,273.7916312247099,271.9359494232012,272.7325439453125,72908700,0.0,0.0,0.0
2019-09-13,273.1762373442292,273.5292850432161,272.18049365800215,272.5516357421875,62104800,0.0,0.0,0.0
2019-09-16,271.4200409627346,272.5968386795519,271.06702098519503,271.709716796875,58191200,0.0,0.0,0.0
2019-09-17,271.5106135645232,272.48823513713944,271.33862023577393,272.3977355957031,41475500,0.0,0.0,0.0
2019-09-18,272.0085030211567,272.6693210251948,269.9717658529061,272.5606994628906,73375800,0.0,0.0,0.0
2019-09-19,272.94977768106565,273.9455207998861,272.2074939356723,272.54241943359375,76560500,0.0,0.0,0.0
2019-09-20,273.14629306857836,273.4282314887525,270.46359030392364,271.2547607421875,89565000,1.384,0.0,0.0
2019-09-23,270.5909570013887,271.90959322004414,270.336327054296,271.191162109375,43476800,0.0,0.0,0.0
2019-09-24,272.2824740494429,272.673507976676,268.09924360560893,269.0632019042969,94869400,0.0,0.0,0.0
2019-09-25,269.1450611127477,271.10025862379086,267.66273993263906,270.6546630859375,71854000,0.0,0.0,0.0
2019-09-26,270.6637140924757,270.87285754850967,268.6812361680686,270.0907897949219,56179700,0.0,0.0,0.0
2019-09-27,270.8455384312587,270.95468931981696,267.0806514770453,268.6357116699219,84746600,0.0,0.0,0.0
2019-09-30,269.1541161265272,270.5909505610847,269.1086573970001,269.8816223144531,51662400,0.0,0.0,0.0
2019-10-01,270.7637324178549,271.4184990741899,266.4532014526551,266.67144775390625,88242400,0.0,0.0,0.0
2019-10-02,265.08908058458655,265.0981834304404,260.66942690190984,261.96075439453125,122539500,0.0,0.0,0.0
2019-10-03,261.7334246319195,264.1342448983291,259.01433776802537,264.1069641113281,85278800,0.0,0.0,0.0
2019-10-04,264.7617829260246,267.93556870041675,264.70719358868433,267.6809387207031,65091200,0.0,0.0,0.0
2019-10-07,266.88061793215365,268.5084455962607,266.2440292191831,266.52593994140625,59610500,0.0,0.0,0.0
2019-10-08,264.6707470157687,265.4073559101464,262.35176944794006,262.3881530761719,95708100,0.0,0.0,0.0
2019-10-09,264.4070675955947,265.81662125732413,263.7795817068035,264.87994384765625,62359400,0.0,0.0,0.0
2019-10-10,264.7980929946163,267.55356355823847,264.63440826867793,266.67144775390625,55296300,0.0,0.0,0.0
2019-10-11,269.4269323090313,271.67314311799345,269.30873405810314,269.43603515625,98720400,0.0,0.0,0.0
2019-10-14,269.1177195999643,269.79069193177,268.79035015685406,269.13592529296875,40394800,0.0,0.0,0.0
2019-10-15,270.1817511420704,272.5461879902581,270.06352513677353,271.80047607421875,46754500,0.0,0.0,0.0
2019-10-16,271.3366718475405,272.0551029660115,270.927460009867,271.36395263671875,48928200,0.0,0.0,0.0
2019-10-17,272.5279070629822,273.03716682784426,271.4730039064605,272.1641540527344,45736600,0.0,0.0,0.0
2019-10-18,271.62769763046424,272.2733615050628,270.1180958054572,270.9729309082031,64304000,0.0,0.0,0.0
2019-10-21,272.29154052140666,273.00994384916356,271.8550201651412,272.80987548828125,39048600,0.0,0.0,0.0
2019-10-22,273.34637146465167,273.6373849879232,271.82769494162426,271.91864013671875,48594700,0.0,0.0,0.0
2019-10-23,271.664068797207,272.76443096306724,271.45489757866204,272.7098693847656,34352200,0.0,0.0,0.0
2019-10-24,273.64653848531685,273.792045273886,272.32790229380925,273.15545654296875,35453100,0.0,0.0,0.0
2019-10-25,272.58252524376513,274.8196608389771,272.527963668524,274.2740173339844,45205400,0.0,0.0,0.0
2019-10-28,275.49260735291523,276.32016158660775,275.4653265651048,275.8199768066406,42147000,0.0,0.0,0.0
2019-10-29,275.5471936478828,276.6657615536214,275.4198647916236,275.7381591796875,44284900,0.0,0.0,0.0
2019-10-30,275.93820126006324,276.95672100272753,274.62866794732867,276.5838928222656,49643900,0.0,0.0,0.0
2019-10-31,276.5747934558149,276.5747934558149,274.39224715798696,275.8472595214844,69053800,0.0,0.0,0.0
2019-11-01,277.2932449130918,278.4481686934179,277.1295324204775,278.4027099609375,71141500,0.0,0.0,0.0
2019-11-04,279.9577300463906,280.09413397670744,279.1483538055443,279.5212097167969,60606900,0.0,0.0,0.0
2019-11-05,279.72135715352573,280.0214736376572,278.9210835326254,279.21209716796875,42933200,0.0,0.0,0.0
2019-11-06,279.2120313794404,279.5485036742687,278.32991558505597,279.27569580078125,46487100,0.0,0.0,0.0
2019-11-07,280.6124904635661,281.5946264927241,279.78493630115787,280.2578125,54272300,0.0,0.0,0.0
2019-11-08,279.91221880793387,281.0035056590973,279.2119935258601,280.9489440917969,49032100,0.0,0.0,0.0
2019-11-11,279.56674332282523,280.5852631776595,279.4303116169297,280.4124755859375,35797300,0.0,0.0,0.0
2019-11-12,280.7761908966361,281.9038337622453,280.2305474042965,281.0035400390625,46484600,0.0,0.0,0.0
2019-11-13,280.0123286946821,281.4946496897508,279.78497952985765,281.0945129394531,53917700,0.0,0.0,0.0
2019-11-14,280.8126005592483,281.58559326566467,280.17601180041527,281.50372314453125,51219900,0.0,0.0,0.0
2019-11-15,282.84045746173746,283.5861691680478,282.14933507162783,283.54071044921875,62023600,0.0,0.0,0.0
2019-11-18,283.3042825380905,283.9863298938384,282.8495843009252,283.7498779296875,49228000,0.0,0.0,0.0
2019-11-19,284.3500159450693,284.35911878849305,283.02230517605443,283.66796875,67804700,0.0,0.0,0.0
2019-11-20,283.0769603064734,283.59532300669514,281.0580988316027,282.6131591796875,79406200,0.0,0.0,0.0
2019-11-21,282.72232699674834,282.83145015014986,281.3582320740642,282.1584777832031,54664700,0.0,0.0,0.0
2019-11-22,282.90423676224725,283.0406407267059,281.7765936526068,282.7860107421875,44850200,0.0,0.0,0.0
2019-11-25,283.713553290501,284.97760009765625,283.713553290501,284.97760009765625,48647200,0.0,0.0,0.0
2019-11-26,285.0139498893716,285.80512037479554,284.69565557558855,285.62322998046875,37569000,0.0,0.0,0.0
2019-11-27,286.10522505743006,286.89642333984375,285.88697877404934,286.89642333984375,44444600,0.0,0.0,0.0
2019-11-29,286.3326155519564,286.57817040881315,285.6051093338683,285.83245849609375,36592700,0.0,0.0,0.0
2019-12-02,286.08706111657636,286.1507255365374,282.9769404159021,283.40435791015625,75767800,0.0,0.0,0.0
2019-12-03,280.68527170644836,281.58559326566467,279.302998783299,281.50372314453125,73941700,0.0,0.0,0.0
2019-12-04,282.5495695093345,283.84089729888063,282.20399431837325,283.2406921386719,49080000,0.0,0.0,0.0
2019-12-05,283.94087117115305,283.9590491097116,282.4403447864453,283.7498779296875,40709000,0.0,0.0,0.0
2019-12-06,285.6596578667379,286.7418420497151,285.65055501983795,286.3417053222656,48927000,0.0,0.0,0.0
2019-12-09,285.950635548419,286.62358007257694,285.36860847152025,285.4413757324219,34838500,0.0,0.0,0.0
2019-12-10,285.3868712342311,286.0507130453857,284.4683717115734,285.1231384277344,52649800,0.0,0.0,0.0
2019-12-11,285.5777561576217,286.18706396907805,285.0412156010794,285.93243408203125,53429100,0.0,0.0,0.0
2019-12-12,285.94146949596734,289.1789180759951,285.70504533174443,288.3968505859375,96389600,0.0,0.0,0.0
2019-12-13,288.1604930993886,289.79742361331523,287.38750044719393,288.5697326660156,81503900,0.0,0.0,0.0
2019-12-16,290.2976161274645,291.1433483991358,288.506103515625,290.55224609375,82749700,0.0,0.0,0.0
2019-12-17,290.93420015250655,291.2342888479106,290.5340633902449,290.61590576171875,61097700,0.0,0.0,0.0
2019-12-18,291.00691966683615,291.23426882282587,290.5795021434722,290.6340637207031,48133000,0.0,0.0,0.0
2019-12-19,290.825006142969,291.8981151659742,290.57037621858717,291.8253479003906,85310500,0.0,0.0,0.0
2019-12-20,292.8580047434994,294.23795375085035,291.88018760229625,293.1047668457031,147142100,1.57,0.0,0.0
2019-12-23,293.8906167134616,293.94544652687995,293.4062681022527,293.552490234375,52990000,0.0,0.0,0.0
2019-12-24,293.7810563883531,293.82673861863617,293.2601450957839,293.5617370605469,20270000,0.0,0.0,0.0
2019-12-26,293.9454926967339,295.13353724845075,293.9363729857451,295.1243896484375,30911200,0.0,0.0,0.0
2019-12-27,295.8554774530982,295.91030727604016,294.52123861313635,295.05126953125,42528800,0.0,0.0,0.0
2019-12-30,295.1335775655158,295.2706521393171,292.94027282858093,293.42462158203125,49729100,0.0,0.0,0.0
2019-12-31,292.9219889831503,294.3841827622408,292.5747148231008,294.1374206542969,57077300,0.0,0.0,0.0
2020-01-02,295.6727822642302,296.90650931546975,294.7497669040605,296.8882141113281,59151200,0.0,0.0,0.0
2020-01-03,293.49771070903796,295.76411231173057,293.442880886225,294.6400451660156,77709700,0.0,0.0,0.0
2020-01-06,292.88548476831755,295.84643542983815,292.76667749107014,295.7641906738281,55653900,0.0,0.0,0.0
2020-01-07,295.19752718117184,295.67275622250656,294.4847115081981,294.9325256347656,40496400,0.0,0.0,0.0
2020-01-08,295.12435421537083,297.71973440629677,294.8776200458571,296.5043029785156,68296000,0.0,0.0,0.0
2020-01-09,298.0670758368869,298.5879870903448,297.48218715461246,298.5148620605469,48473300,0.0,0.0,0.0
2020-01-10,299.09971858480566,299.25506045062673,297.18973874984056,297.6557922363281,53029300,0.0,0.0,0.0
2020-01-13,298.2773104255387,299.71206160755526,297.84779146443003,299.70294189453125,47086800,0.0,0.0,0.0
2020-01-14,299.264208473107,300.3151505804677,298.6884674529028,299.2459411621094,62832800,0.0,0.0,0.0
2020-01-15,299.1545348144793,300.6806779375008,299.0722900853066,299.92218017578125,72056600,0.0,0.0,0.0
2020-01-16,301.3021641332184,302.4170837402344,301.07369722923175,302.4170837402344,54050300,0.0,0.0,0.0
2020-01-17,303.12990101469194,303.56853962375646,302.3531079591049,303.3583679199219,95846000,0.0,0.0,0.0
2020-01-21,302.39877129641013,303.5685206625626,302.32567416247394,302.7643127441406,77742400,0.0,0.0,0.0
2020-01-22,303.62340922666306,304.2722754026212,302.64559193983825,302.8009338378906,48914900,0.0,0.0,0.0
2020-01-23,302.1521113343028,303.5594755373367,301.03719151691797,303.1482238769531,51963000,0.0,0.0,0.0
2020-01-24,303.80617720247466,303.8884219479204,299.16371371777205,300.4522705078125,87578400,0.0,0.0,0.0
2020-01-27,295.20662007158137,297.1165998171226,294.86849355577584,295.6361389160156,84062500,0.0,0.0,0.0
2020-01-28,297.0618289224419,299.61152758511525,295.72758990467884,298.7342224121094,63834000,0.0,0.0,0.0
2020-01-29,300.0958733171972,300.3243402372707,298.28640527016483,298.4874572753906,53888900,0.0,0.0,0.0
2020-01-30,296.42200830973457,299.66625422375535,295.672658258037,299.4560546875,75491800,0.0,0.0,0.0
2020-01-31,298.8346566343361,298.99002637225726,293.10471775359696,294.0185852050781,113845600,0.0,0.0,0.0
2020-02-03,295.499090784858,298.067056481467,295.3802835359217,296.2027587890625,69083000,0.0,0.0,0.0
2020-02-04,299.81256511181664,301.5854705749679,299.4927058581297,300.71728515625,62573200,0.0,0.0,0.0
2020-02-05,303.65073243122515,304.40011044558366,302.188566799041,304.1899108886719,65951100,0.0,0.0,0.0
2020-02-06,305.14958457567815,305.40546643081,304.1351768681348,305.21356201171875,50359700,0.0,0.0,0.0
2020-02-07,304.153385374973,305.22259472273987,303.0384659191935,303.5867919921875,64139400,0.0,0.0,0.0
2020-02-10,302.7003838721832,305.91718787642037,302.66382135820703,305.85321044921875,42070000,0.0,0.0,0.0
2020-02-11,307.20577615157714,307.9916890041701,305.85324188570775,306.38330078125,54864500,0.0,0.0,0.0
2020-02-12,307.81803230663076,308.5674104828042,307.4524908196525,308.35723876953125,43992700,0.0,0.0,0.0
2020-02-13,306.9315460120865,308.99689562686603,306.6573968990736,308.0281982421875,54501900,0.0,0.0,0.0
2020-02-14,308.4394227537769,308.6404747153644,307.24225858355834,308.52166748046875,64582200,0.0,0.0,0.0
2020-02-18,307.5256935534764,308.5857836558874,306.3376485593272,307.72674560546875,57226200,0.0,0.0,0.0
2020-02-19,308.69538196134926,309.87425122864335,308.4120852020123,309.197998046875,48814700,0.0,0.0,0.0
2020-02-20,308.64963919276863,309.4721423570291,304.9393389090685,307.9277038574219,74163400,0.0,0.0,0.0
2020-02-21,306.57514878327885,306.8858604042742,303.93405817128195,304.7565612792969,113788200,0.0,0.0,0.0
2020-02-24,295.307216805096,304.82970245486194,293.5708458942109,294.64923095703125,161088400,0.0,0.0,0.0
2020-02-25,296.0382446469935,296.6505202633772,284.84336760311373,285.7206726074219,218913200,0.0,0.0,0.0
2020-02-26,287.1188970838777,290.71038982346295,283.938655892988,284.66973876953125,194773800,0.0,0.0,0.0
2020-02-27,279.1500278323521,284.7246265399028,271.8847961425781,271.8847961425781,284353500,0.0,0.0,0.0
2020-02-28,263.83356488451,272.2320096468705,260.9457401669116,270.7424011230469,384975800,0.0,0.0,0.0
2020-03-02,272.5244617816566,282.53132361972916,269.0974581232793,282.46734619140625,238703600,0.0,0.0,0.0
2020-03-03,282.8420313278847,286.8082134931983,271.93959720140725,274.3796081542969,300139100,0.0,0.0,0.0
2020-03-04,279.7531390923097,286.1319448399597,277.20344073550206,285.91259765625,176613400,0.0,0.0,0.0
2020-03-05,278.71128888562174,281.90067717790726,274.16936680520257,276.4083251953125,186366800,0.0,0.0,0.0
2020-03-06,267.9002831419246,273.0453622263488,265.23180535005173,271.83905029296875,228667200,0.0,0.0,0.0
2020-03-09,251.5877720984813,259.7120695140164,249.89713912812093,250.60995483398438,309417300,0.0,0.0,0.0
2020-03-10,260.12327944250404,263.6690622000133,249.94278128953638,263.57769775390625,276444100,0.0,0.0,0.0
2020-03-11,256.5226906304821,257.6558777250476,247.54850256040214,250.72874450683594,255316300,0.0,0.0,0.0
2020-03-12,233.95014691450632,243.6919805975519,226.34676044641748,226.73973083496094,392220700,0.0,0.0,0.0
2020-03-13,240.42938324174193,248.09674450743702,227.11434179246803,246.12278747558594,329566100,0.0,0.0,0.0
2020-03-16,220.40659381646842,234.7725944345364,216.9156266338003,219.191162109375,297240000,0.0,0.0,0.0
2020-03-17,223.93414936559594,234.1055159225691,216.65063616065999,231.02577209472656,262070500,0.0,0.0,0.0
2020-03-18,215.90119814872742,226.97726785182797,208.3800724838191,219.3282012939453,327597100,0.0,0.0,0.0
2020-03-19,218.64281290463057,226.07256060162746,212.2183250976438,219.79428100585938,289322000,0.0,0.0,0.0
2020-03-20,222.94363004147445,224.72696071707477,210.0466734873275,210.32244873046875,347158800,1.406,0.0,0.0
2020-03-23,209.76171566084122,211.13137648969655,200.6336404665036,204.94488525390625,326025200,0.0,0.0,0.0
2020-03-24,215.48857598678674,224.3868403910806,214.91865078430803,223.5135498046875,235494500,0.0,0.0,0.0
2020-03-25,225.0946467428511,235.6475485646317,220.38813506232896,226.85958862304688,299430300,0.0,0.0,0.0
2020-03-26,229.36906030105058,241.57656787060898,228.9370158297171,240.10580444335938,257632800,0.0,0.0,0.0
2020-03-27,232.8162514936,239.74732482858482,230.77553465466747,232.95413208007812,224341200,0.0,0.0,0.0
2020-03-30,235.05003225521446,241.2365231887897,233.05528002333395,240.51951599121094,171369500,0.0,0.0,0.0
2020-03-31,239.5175603608972,242.0638491887975,235.52805566114748,236.9344940185547,194881100,0.0,0.0,0.0
2020-04-01,227.95348423990177,236.85174851191033,224.20297754937033,226.27127075195312,189554600,0.0,0.0,0.0
2020-04-02,225.38880648912135,232.27391576246694,224.8372560253544,231.49256896972656,177660400,0.0,0.0,0.0
2020-04-03,230.50898872250409,232.8622586960982,225.4163970895069,228.14654541015625,135561200,0.0,0.0,0.0
2020-04-06,237.01718131949536,245.4374352742941,228.12811933562622,243.47024536132812,188061200,0.0,0.0,0.0
2020-04-07,252.06515907675276,252.8189437055567,243.49785113917028,243.7184600830078,201427200,0.0,0.0,0.0
2020-04-08,246.31996198060406,253.7106720203933,243.82882519351205,251.89976501464844,153774500,0.0,0.0,0.0
2020-04-09,255.1630636276637,258.49074168826115,253.22347737304005,255.73301696777344,189999200,0.0,0.0,0.0
2020-04-13,254.7586352756574,255.09875018556286,249.49137070961035,253.3981475830078,114839100,0.0,0.0,0.0
2020-04-14,258.2885455898214,261.89195738074227,253.26029231760305,260.8716125488281,134143400,0.0,0.0,0.0
2020-04-15,255.15393984533156,261.00950531731513,253.2143251609592,255.32859802246094,121775000,0.0,0.0,0.0
2020-04-16,256.6062535871755,257.4151905782351,253.49003955687044,256.560302734375,131798300,0.0,0.0,0.0
2020-04-17,262.3331407891114,264.09806873944035,259.59379105102954,263.49139404296875,146684800,0.0,0.0,0.0
2020-04-20,259.78673700037984,263.6291864617387,258.628512187017,258.84912109375,100109300,0.0,0.0,0.0
2020-04-21,254.3817345361201,255.58593877116283,250.0520864620385,250.98973083496094,126385700,0.0,0.0,0.0
2020-04-22,255.87087162422512,258.30685593614993,254.5471616484955,256.560302734375,92951600,0.0,0.0,0.0
2020-04-23,257.8380038199027,261.0093977789953,256.23853280732754,256.5418701171875,104709700,0.0,0.0,0.0
2020-04-24,258.0586148072076,260.7887625327662,256.0086966523413,260.1177062988281,85063200,0.0,0.0,0.0
2020-04-27,262.0941566039355,264.98976199024764,261.634535810774,263.8682861328125,77896600,0.0,0.0,0.0
2020-04-28,267.5175817476273,267.866897915382,262.3514503479287,262.6548156738281,105270000,0.0,0.0,0.0
2020-04-29,267.98644290704055,271.0659071925588,266.9568970325676,269.53076171875,118745600,0.0,0.0,0.0
2020-04-30,268.1519197995434,269.63191314520935,265.2838909183048,267.0212707519531,122901700,0.0,0.0,0.0
2020-05-01,262.2687486221893,267.1866954796315,258.78481603360234,259.9522705078125,125180000,0.0,0.0,0.0
2020-05-04,258.06784244223917,260.9726488665371,256.58787713450204,260.6693115234375,80873200,0.0,0.0,0.0
2020-05-05,263.4913981694902,265.8906050294555,260.7979992424974,263.0777282714844,79569900,0.0,0.0,0.0
2020-05-06,264.77827445640764,265.1643400964349,260.86229750373474,261.2943420410156,73632600,0.0,0.0,0.0
2020-05-07,264.5117413329673,266.3778004537861,263.9418160920804,264.4473876953125,75250400,0.0,0.0,0.0
2020-05-08,267.5820467346835,269.29185077977314,266.4513694136883,268.8230285644531,76452400,0.0,0.0,0.0
2020-05-11,266.892578270506,270.2570055839343,266.4697350281808,268.8781433105469,79514200,0.0,0.0,0.0
2020-05-12,270.0639145922281,270.4775563533977,263.38101225836226,263.5189208984375,95870800,0.0,0.0,0.0
2020-05-13,262.95820745768185,263.9969547866996,256.4315875392969,258.8583984375,144721100,0.0,0.0,0.0
2020-05-14,256.42238447612806,262.08488647615417,250.94368586031882,261.9562072753906,121977900,0.0,0.0,0.0
2020-05-15,259.5661635119153,263.2063512347929,258.61934608730513,263.160400390625,111146300,0.0,0.0,0.0
2020-05-18,269.3837068905075,272.78491161799025,269.06199481206295,271.1762390136719,119703800,0.0,0.0,0.0
2020-05-19,270.5786678061945,272.2884430673774,268.3724944146935,268.390869140625,95189300,0.0,0.0,0.0
2020-05-20,271.92991217992534,273.81434523620925,271.7001019021828,272.95025634765625,85861700,0.0,0.0,0.0
2020-05-21,272.8216110398165,273.63054780635014,269.9719576315334,271.06585693359375,78293900,0.0,0.0,0.0
2020-05-22,270.78092249867296,271.75531605411203,269.53994110545716,271.5806579589844,63958200,0.0,0.0,0.0
2020-05-26,277.5465711025609,277.7855828624157,271.59907765243577,274.9267272949219,88951400,0.0,0.0,0.0
2020-05-27,277.7212306525081,279.0541420158943,272.8952128963509,279.0173645019531,104817400,0.0,0.0,0.0
2020-05-28,280.0469129571108,282.0600540546706,277.8315376106127,278.5025939941406,90405200,0.0,0.0,0.0
2020-05-29,278.0338481240873,280.33195246828933,275.2853243053918,279.74365234375,119090800,0.0,0.0,0.0
2020-06-01,279.1001076480142,281.4809398340968,278.5853346376734,280.8742370605469,55758300,0.0,0.0,0.0
2020-06-02,281.7935125894445,283.2459300855402,280.46062904766694,283.199951171875,74267200,0.0,0.0,0.0
2020-06-03,285.18544991384636,287.92479945173847,284.9096887083299,286.9687805175781,92567600,0.0,0.0,0.0
2020-06-04,285.98518598186917,287.7225657388418,284.119127013096,286.2149963378906,75794400,0.0,0.0,0.0
2020-06-05,291.61089064313035,295.3246048250561,291.5465370275834,293.55047607421875,150524700,0.0,0.0,0.0
2020-06-08,294.3594665924078,297.291848746868,293.8171175615824,297.09881591796875,73641200,0.0,0.0,0.0
2020-06-09,294.43303648292283,297.17238620785696,293.5689472426089,294.88348388671875,77479200,0.0,0.0,0.0
2020-06-10,295.4626753703402,296.35434092882565,292.5210907508132,293.23809814453125,95000800,0.0,0.0,0.0
2020-06-11,286.3069041815128,286.9411829598361,275.7816075129834,276.3331298828125,209243600,0.0,0.0,0.0
2020-06-12,283.34699827287557,284.1191577863785,274.4855245724636,279.6424560546875,194678900,0.0,0.0,0.0
2020-06-15,273.9523921596774,283.3838206627691,272.77576394520634,282.2531433105469,135782700,0.0,0.0,0.0
2020-06-16,290.0023281440216,290.149410155266,282.82305403498947,287.6858215332031,137627500,0.0,0.0,0.0
2020-06-17,288.7061588750805,289.0003228615567,285.75537372521586,286.49078369140625,83398900,0.0,0.0,0.0
2020-06-18,284.9740877759043,287.0791307706854,284.5144669914152,286.60113525390625,80828700,0.0,0.0,0.0
2020-06-19,290.0690318089014,290.2629141511341,283.0151069995311,284.9632568359375,135549600,1.366,0.0,0.0
2020-06-22,284.36304192298934,287.18829677421513,283.2181755111513,286.7912902832031,74649400,0.0,0.0,0.0
2020-06-23,289.44113788217754,290.37366646344435,287.70535438204575,288.1116027832031,68471200,0.0,0.0,0.0
2020-06-24,286.0711358531049,286.6897503140339,278.92490610868884,280.7622375488281,132813500,0.0,0.0,0.0
2020-06-25,280.18976894126644,284.03988623160495,278.16776915357684,283.7721252441406,89468000,0.0,0.0,0.0
2020-06-26,282.6734931052813,282.885859215094,276.4505490229153,277.0321960449219,127961000,0.0,0.0,0.0
2020-06-29,278.2878382488589,281.24233868339707,275.9980771665016,281.1038513183594,79773300,0.0,0.0,0.0
2020-06-30,280.66989282570773,286.4035230684894,280.5129498778858,284.70465087890625,113394800,0.0,0.0,0.0
2020-07-01,285.8218083059018,287.9638397462947,285.3601650563241,286.69891357421875,72396500,0.0,0.0,0.0
2020-07-02,290.1335885242947,291.4816073233506,287.61303399713563,288.2778015136719,69344200,0.0,0.0,0.0
2020-07-06,292.10019917073765,293.3097024538688,291.3523392224344,292.72802734375,61713800,0.0,0.0,0.0
2020-07-07,291.1861571430053,293.16197598302176,289.3303419029436,289.7088928222656,82910000,0.0,0.0,0.0
2020-07-08,290.4752376937071,292.03559459185783,288.7117847552177,291.9248046875,54638600,0.0,0.0,0.0
2020-07-09,292.53412506328704,292.7741885974815,286.84667618527334,290.2628479003906,83354200,0.0,0.0,0.0
2020-07-10,290.1982744487149,293.49441511654214,288.7671911665096,293.2266540527344,57550400,0.0,0.0,0.0
2020-07-13,295.57175522796825,297.95382235069326,290.03203541314804,290.68756103515625,102997500,0.0,0.0,0.0
2020-07-14,289.2656652398442,295.23011664805574,288.0654039937912,294.4545593261719,93657000,0.0,0.0,0.0
2020-07-15,297.6768282673625,298.25850331831754,294.77769489481517,297.1597900390625,87196500,0.0,0.0,0.0
2020-07-16,295.2578352089557,296.6335232521369,294.61152330631586,296.1811218261719,54622500,0.0,0.0,0.0
2020-07-17,297.1874631078848,297.8245330469586,295.21161647331553,297.03973388671875,62774900,0.0,0.0,0.0
2020-07-20,296.77208663788025,300.1882592673395,296.0242265404626,299.4403991699219,56308800,0.0,0.0,0.0
2020-07-21,301.406866255897,301.8500257092292,299.089408300806,300.07733154296875,57292200,0.0,0.0,0.0
2020-07-22,299.71724772573134,302.0993425839799,299.6064578581787,301.785400390625,57792900,0.0,0.0,0.0
2020-07-23,301.42537631818345,302.1270831480681,296.8181852176336,298.18463134765625,75738000,0.0,0.0,0.0
2020-07-24,296.32879697000857,297.2889945895657,294.7591987366895,296.26416015625,73766600,0.0,0.0,0.0
2020-07-27,296.95669073754914,298.60013985296814,296.16264956413676,298.4247131347656,48293000,0.0,0.0,0.0
2020-07-28,297.69530442770673,298.81250154862204,296.2365239348657,296.531982421875,57495000,0.0,0.0,0.0
2020-07-29,297.40918579972845,300.742266318293,297.37224643256525,300.1790466308594,48454200,0.0,0.0,0.0
2020-07-30,297.20603304146823,299.5234920643989,295.1194239088068,299.1080017089844,61861700,0.0,0.0,0.0
2020-07-31,300.8990939222795,301.5731032762325,296.6796674453573,301.4715270996094,84986800,0.0,0.0,0.0
2020-08-03,303.13349796893095,304.33375941571626,302.5887621937607,303.56744384765625,53077900,0.0,0.0,0.0
2020-08-04,302.7087786426871,304.7400207519531,302.7087786426871,304.7400207519531,41917900,0.0,0.0,0.0
2020-08-05,306.0418625918955,306.89129880632356,305.77410154284553,306.63275146484375,42697700,0.0,0.0,0.0
2020-08-06,306.051150008393,308.8025269217391,305.7279939599418,308.6824951171875,43679400,0.0,0.0,0.0
2020-08-07,307.71294414525704,309.19020827921787,306.8081131712944,308.90399169921875,57308300,0.0,0.0,0.0
2020-08-10,309.356415827872,310.0119414454086,307.4175082706169,309.8273010253906,44282100,0.0,0.0,0.0
2020-08-11,311.0091339906926,311.6462040748988,306.5404296941491,307.2698059082031,69601100,0.0,0.0,0.0
2020-08-12,309.7072598051472,312.32939037175544,309.67956233416606,311.5538330078125,53774400,0.0,0.0,0.0
2020-08-13,310.78750691268493,312.3017105491452,310.0673444500074,310.9906311035156,41816100,0.0,0.0,0.0
2020-08-14,310.6029019033432,311.5354305461862,309.87349747449144,310.9999084472656,47260400,0.0,0.0,0.0
2020-08-17,312.01555148156046,312.384860575776,311.0091722248201,311.98785400390625,35481000,0.0,0.0,0.0
2020-08-18,312.3848317893029,313.08653872718406,310.78753558782734,312.6618347167969,38733900,0.0,0.0,0.0
2020-08-19,313.04031505654325,313.5573533060185,310.79673534794836,311.3599548339844,68054200,0.0,0.0,0.0
2020-08-20,309.6334275776199,312.80953621709097,309.5041820857971,312.3294372558594,42207800,0.0,0.0,0.0
2020-08-21,311.99705293699736,313.6589577204171,311.65541319099066,313.4373779296875,55106600,0.0,0.0,0.0
2020-08-24,315.87478769734156,316.68728436371094,313.4096284054614,316.6134338378906,48588700,0.0,0.0,0.0
2020-08-25,317.17663880879144,317.8044669230327,316.0132886974553,317.72137451171875,38463400,0.0,0.0,0.0
2020-08-26,318.3122748541858,321.1744405717904,317.7675391796588,320.9067077636719,50790200,0.0,0.0,0.0
2020-08-27,321.7746725008695,323.0580264245903,319.9465546023267,321.60845947265625,58034100,0.0,0.0,0.0
2020-08-28,322.6332285667158,323.8150341294469,321.44218112275126,323.6857604980469,48588900,0.0,0.0,0.0
2020-08-31,323.4735012045628,324.35060666428654,322.28245347132435,322.5132751464844,66099200,0.0,0.0,0.0
2020-09-01,323.3442042226388,325.65242080777375,322.4486150605475,325.5508728027344,54908700,0.0,0.0,0.0
2020-09-02,327.46208615275333,331.22908325949226,326.31719155514446,330.2596435546875,69540000,0.0,0.0,0.0
2020-09-03,328.57007064811114,329.04095593493463,316.3088230099574,318.89404296875,148011100,0.0,0.0,0.0
2020-09-04,319.5772119329768,321.14678232846006,309.1809952615708,316.2903137207031,139156300,0.0,0.0,0.0
2020-09-08,310.8798493187982,316.3549607309717,307.3436737413122,307.6483459472656,114465300,0.0,0.0,0.0
2020-09-09,311.6553299341424,316.18866978492355,310.787438417005,313.7235107421875,91462300,0.0,0.0,0.0
2020-09-10,315.5978714825398,316.2533971603592,307.3159885272084,308.2762145996094,90569500,0.0,0.0,0.0
2020-09-11,310.05812950649084,311.11990351849477,305.6078810919823,308.4331359863281,84680200,0.0,0.0,0.0
2020-09-14,311.59998582152673,314.2682976219797,308.58084878107974,312.4955749511719,65605700,0.0,0.0,0.0
2020-09-15,314.9515071825437,315.7824594521563,312.50480343116857,314.07440185546875,52920900,0.0,0.0,0.0
2020-09-16,315.31158485907184,316.74266767813356,312.5509390358151,312.82794189453125,82096000,0.0,0.0,0.0
2020-09-17,307.9715369017324,311.79395770580686,307.4452566733784,310.0766296386719,91523300,0.0,0.0,0.0
2020-09-18,310.88216462887675,310.9933980198159,304.0224987247291,306.5068054199219,105877900,1.339,0.0,0.0
2020-09-21,301.9182318320632,303.2438101066205,298.2381099284634,303.0954895019531,99450800,0.0,0.0,0.0
2020-09-22,304.57862001536944,306.73847660305466,302.0664772931383,306.1822814941406,63612100,0.0,0.0,0.0
2020-09-23,306.7384904056228,307.01660211722344,298.58105607201094,299.0816345214844,93112200,0.0,0.0,0.0
2020-09-24,297.7652958983576,302.937845386202,296.448968406663,299.8788146972656,76681300,0.0,0.0,0.0
2020-09-25,299.02596442851154,305.51484110446944,298.1546270152853,304.7269287109375,71069400,0.0,0.0,0.0
2020-09-28,308.88915578763124,310.50209652529975,307.8972775754779,309.788330078125,64584600,0.0,0.0,0.0
2020-09-29,309.58431274931326,310.32588735238784,307.4058984550522,308.10113525390625,51304000,0.0,0.0,0.0
2020-09-30,308.76860928712824,313.58892978637374,308.5739508757094,310.43719482421875,104081100,0.0,0.0,0.0
2020-10-01,313.03270872151455,314.0060289873834,310.5484025217798,312.43017578125,88698700,0.0,0.0,0.0
2020-10-02,307.48023010363704,312.40250689314496,307.00745978612616,309.4639587402344,89431100,0.0,0.0,0.0
2020-10-05,311.5216316416224,315.1368565147147,311.47529384795183,314.95147705078125,45713100,0.0,0.0,0.0
2020-10-06,315.0906571878008,317.1856469045774,309.9644445702148,310.4742736816406,90128900,0.0,0.0,0.0
2020-10-07,313.43138370286675,316.6851020086094,313.40357535364103,315.8786315917969,56999600,0.0,0.0,0.0
2020-10-08,317.81595262377294,318.7429351145588,316.8982207211978,318.67803955078125,45242500,0.0,0.0,0.0
2020-10-09,320.32811028649445,321.9874170889095,319.7070477762188,321.52392578125,59528600,0.0,0.0,0.0
2020-10-12,324.06378442537806,328.17030980233085,323.5724848688719,326.6964111328125,80388500,0.0,0.0,0.0
2020-10-13,326.55739883670304,326.73352777746965,323.6003223544785,324.56439208984375,73255500,0.0,0.0,0.0
2020-10-14,325.13912193436175,326.23295452878085,321.7927285846741,322.5250244140625,57727900,0.0,0.0,0.0
2020-10-15,318.61313237555913,322.60842450210197,318.07549499777156,322.12640380859375,60357700,0.0,0.0,0.0
2020-10-16,323.4797769752981,325.13908342610574,321.75560325500436,321.9317321777344,89501900,0.0,0.0,0.0
2020-10-19,323.19247265299344,323.8228140214689,316.13814875888556,317.0373229980469,68425600,0.0,0.0,0.0
2020-10-20,318.38139712826285,321.55168968171705,317.6212929886074,318.3072509765625,60051900,0.0,0.0,0.0
2020-10-21,318.2609399062844,320.43010419590195,317.3988528335673,317.70477294921875,63575000,0.0,0.0,0.0
2020-10-22,317.9179331532719,320.0314522737697,315.7766056873438,319.44744873046875,55399300,0.0,0.0,0.0
2020-10-23,320.67102412804957,320.7266408105194,318.0754846485953,320.531982421875,49143900,0.0,0.0,0.0
2020-10-26,317.14853512100905,317.9364759234132,311.1138698437013,314.6086120605469,91473000,0.0,0.0,0.0
2020-10-27,314.95160893898276,315.285309087353,313.31083167503937,313.5240478515625,65994100,0.0,0.0,0.0
2020-10-28,307.8509855863759,313.5519240012724,302.31689728174496,302.8081970214844,127094300,0.0,0.0,0.0
2020-10-29,303.0398382217238,309.05594531130174,301.35272336162404,305.88568115234375,90597700,0.0,0.0,0.0
2020-10-30,304.30987072993145,305.61691969344054,299.0446159372506,302.6969299316406,120287300,0.0,0.0,0.0
2020-11-02,306.089599609375,308.0918566976093,303.34571133877967,306.089599609375,86068300,0.0,0.0,0.0
2020-11-03,309.3248822711989,313.5519214322437,306.1731465162822,311.4940185546875,93294200,0.0,0.0,0.0
2020-11-04,315.9712016015237,322.5342527174531,314.7939441588328,318.4555358886719,126959700,0.0,0.0,0.0
2020-11-05,323.73927749969823,326.47388649988363,323.3870197123655,324.666259765625,82039700,0.0,0.0,0.0
2020-11-06,324.3789774456897,325.843625628691,322.2654584902254,324.5921936035156,74973000,0.0,0.0,0.0
2020-11-09,337.3938380999121,337.77390433814645,328.2074376824893,328.6709289550781,172304200,0.0,0.0,0.0
2020-11-10,327.67907691220296,329.24567980133196,324.91668681292754,328.1889343261719,85552000,0.0,0.0,0.0
2020-11-11,330.3765581914952,331.4518612889709,329.1344050330131,330.6268615722656,58649000,0.0,0.0,0.0
2020-11-12,329.61646944206416,330.67324321370563,325.61192600078954,327.4195251464844,67546200,0.0,0.0,0.0
2020-11-13,329.3290469036784,332.69399774467473,328.8099389915463,331.9524230957031,62892200,0.0,0.0,0.0
2020-11-16,334.622140095063,336.2906972148393,333.33362089104185,336.0960388183594,74541100,0.0,0.0,0.0
2020-11-17,333.6858582065338,335.49348521603423,332.17487235671945,334.28839111328125,66111000,0.0,0.0,0.0
2020-11-18,334.55728418581134,335.1042005097741,330.22826311784223,330.2653503417969,70591300,0.0,0.0,0.0
2020-11-19,329.63506820404734,332.0266712274363,328.29093191451557,331.6558837890625,59940900,0.0,0.0,0.0
2020-11-20,331.3962385127505,331.60017579109797,329.3105279207122,329.3846740722656,70417300,0.0,0.0,0.0
2020-11-23,331.19234181614615,332.6199029395009,328.95831035799966,331.35919189453125,63230600,0.0,0.0,0.0
2020-11-24,333.9083818251607,337.24552471708824,333.05557370732873,336.6986083984375,62415900,0.0,0.0,0.0
2020-11-25,336.61515677967736,336.6429651228615,335.085641326032,336.1794738769531,45330900,0.0,0.0,0.0
2020-11-27,337.27323276830356,337.58840335197755,336.10522603114066,337.11566162109375,28514100,0.0,0.0,0.0
2020-11-30,336.3370573763305,336.6058902297958,332.9443262265779,335.623291015625,83872700,0.0,0.0,0.0
2020-12-01,338.87697278160647,340.83289212462,338.2836904492131,339.2940979003906,74231400,0.0,0.0,0.0
2020-12-02,338.1818081843012,340.16553629221875,337.6070834828416,340.0079650878906,45927000,0.0,0.0,0.0
2020-12-03,339.90594329021474,341.30569594652076,338.81211070717654,339.91522216796875,62882000,0.0,0.0,0.0
2020-12-04,340.49927845197374,342.84454345703125,340.4065745278507,342.84454345703125,50749900,0.0,0.0,0.0
2020-12-07,342.07508856328803,342.6312837481267,340.8700225705228,342.1399841308594,48944300,0.0,0.0,0.0
2020-12-08,340.8699949146147,343.7065590089636,340.8236571068303,343.14111328125,42458900,0.0,0.0,0.0
2020-12-09,343.79933766667483,343.9569088788108,339.22931988647474,340.0635986328125,74098300,0.0,0.0,0.0
2020-12-10,338.69149890689494,340.99967564831974,337.82013333196886,339.95220947265625,57735400,0.0,0.0,0.0
2020-12-11,338.2558801692447,339.9615244312118,336.73564370740246,339.55364990234375,57698600,0.0,0.0,0.0
2020-12-14,341.7228787095807,342.7981536293505,337.8573488263368,338.0334777832031,69216200,0.0,0.0,0.0
2020-12-15,340.5733606765333,342.60345458984375,339.2014446984404,342.60345458984375,63865300,0.0,0.0,0.0
2020-12-16,342.81666375897925,344.058816873757,341.9360190969958,343.14111328125,58420500,0.0,0.0,0.0
2020-12-17,344.78185310544035,345.26387379305515,343.9568251499501,345.0599365234375,64119500,0.0,0.0,0.0
2020-12-18,345.34847767535405,345.5160389238896,341.6712781767193,343.6820983886719,136542300,1.58,0.0,0.0
2020-12-21,339.7629543638441,352.3212438699424,337.0260063626711,342.4533386230469,96386700,0.0,0.0,0.0
2020-12-22,342.7792278925102,342.8909354359635,340.7497984268332,341.876220703125,47949000,0.0,0.0,0.0
2020-12-23,342.84436581711367,344.0918139440392,341.8575780688017,342.18341064453125,46201400,0.0,0.0,0.0
2020-12-24,342.65811576810853,343.54251428118584,342.07165131242414,343.51458740234375,26457900,0.0,0.0,0.0
2020-12-28,346.06543601964245,346.85673569296256,345.44172607715615,346.46575927734375,39000400,0.0,0.0,0.0
2020-12-29,347.9923570664862,348.1692367590177,345.21816415032754,345.8046569824219,53680500,0.0,0.0,0.0
2020-12-30,346.6238671606465,347.33138589790764,345.90705840463,346.29803466796875,49455300,0.0,0.0,0.0
2020-12-31,346.10268040270785,348.7837751705466,345.59067800892586,348.0576477050781,78520700,0.0,0.0,0.0
2021-01-04,349.3887700821715,349.5191144538357,339.6232833911593,343.319091796875,110210800,0.0,0.0,0.0
2021-01-05,342.6767566253038,346.7728598923991,342.6301928867929,345.68365478515625,66426200,0.0,0.0,0.0
2021-01-06,344.17561345030657,350.9435220537929,343.62636577991566,347.7503967285156,107997700,0.0,0.0,0.0
2021-01-07,350.12431202693006,353.66185015543977,349.94743227951926,352.9171142578125,68766800,0.0,0.0,0.0
2021-01-08,354.3041182519428,355.14195305315735,351.05516813608017,354.9278564453125,71677200,0.0,0.0,0.0
2021-01-11,351.7533887862446,354.29482021588973,351.632362830576,352.5353698730469,51034700,0.0,0.0,0.0
2021-01-12,352.7215686990142,353.6245473333701,350.3662785938468,352.6098327636719,52547700,0.0,0.0,0.0
2021-01-13,352.5354151126377,354.55552607698144,351.7534339254866,353.5594482421875,45303600,0.0,0.0,0.0
2021-01-14,354.3041831146207,354.80689545132014,351.9861664446019,352.3212890625,49989100,0.0,0.0,0.0
2021-01-15,350.70140387922305,351.50199335982205,347.88999385755534,349.7518615722656,107160000,0.0,0.0,0.0
2021-01-19,352.2096121579822,353.0381571629389,350.72943031381647,352.4981994628906,51233300,0.0,0.0,0.0
2021-01-20,354.7881669476118,358.21402492373454,354.39719066105187,357.3761901855469,61836100,0.0,0.0,0.0
2021-01-21,357.93482091297085,358.36307102761856,356.780471791413,357.70208740234375,47840100,0.0,0.0,0.0
2021-01-22,355.8494202871751,357.5995802549603,355.4677340465545,356.4359130859375,52860500,0.0,0.0,0.0
2021-01-25,357.1714926802257,358.19549744523476,352.3213056451607,357.8417663574219,70402000,0.0,0.0,0.0
2021-01-26,358.79128116207573,359.2008944003585,357.0504391042999,357.2831726074219,42665300,0.0,0.0,0.0
2021-01-27,353.95968803310404,354.05278710492604,346.31672868098127,348.55096435546875,123351100,0.0,0.0,0.0
2021-01-28,350.3662188829247,355.5515267830559,349.92870728592044,351.54852294921875,94198100,0.0,0.0,0.0
2021-01-29,349.6867328043069,350.65491209093165,342.83504399028214,344.5107421875,126765100,0.0,0.0,0.0
2021-02-01,347.90861660624154,351.2785927627981,344.7993008040637,350.2452697753906,75817600,0.0,0.0,0.0
2021-02-02,353.4290158638977,356.75245638940856,350.32901877184787,355.1977844238281,64450700,0.0,0.0,0.0
2021-02-03,356.026389967423,357.19937586145977,354.2017673399159,355.4771423339844,52427100,0.0,0.0,0.0
2021-02-04,356.5104377825251,359.56389983293474,355.5888223142449,359.5173645019531,47142600,0.0,0.0,0.0
2021-02-05,361.3885805309923,361.6399224767463,359.47085881489795,360.9324035644531,48669800,0.0,0.0,0.0
2021-02-08,362.38465454642807,363.5855673167599,361.52821120762786,363.5390319824219,38365200,0.0,0.0,0.0
2021-02-09,362.7010942651418,363.89271677001443,362.29150954139715,363.2969055175781,35551100,0.0,0.0,0.0
2021-02-10,365.0378156036463,365.18676844469576,360.73690530404883,363.1387023925781,59154400,0.0,0.0,0.0
2021-02-11,364.21855249837824,364.63748409725014,361.29543496551975,363.72515869140625,42913300,0.0,0.0,0.0
2021-02-12,362.92462830443,365.7639656617887,362.8501376743546,365.5219421386719,50593300,0.0,0.0,0.0
2021-02-16,366.7507677394015,366.94628434358594,364.4886048325737,365.2054138183594,50972400,0.0,0.0,0.0
2021-02-17,363.4552435609881,365.54052650809217,362.44050055956217,365.2891845703125,52290600,0.0,0.0,0.0
2021-02-18,362.6825067811136,364.47920225148306,360.96027351668073,363.7344665527344,59712800,0.0,0.0,0.0
2021-02-19,364.99130695342166,365.2798942259746,362.645335047699,363.0921936035156,83241000,0.0,0.0,0.0
2021-02-22,360.3272432845483,362.7104315988189,360.02933764280306,360.29931640625,67414200,0.0,0.0,0.0
2021-02-23,358.0930286391464,362.08674292738397,353.9410715012877,360.73687744140625,107284100,0.0,0.0,0.0
2021-02-24,359.64778253311175,365.14031682027843,358.6609945935547,364.7120666503906,72433900,0.0,0.0,0.0
2021-02-25,363.4459121163381,364.81438610383606,354.4810139951626,355.9239501953125,146670500,0.0,0.0,0.0
2021-02-26,357.804410993549,358.94944138294915,352.1071006945636,354.0899658203125,152701600,0.0,0.0,0.0
2021-03-01,358.9588609981536,363.92075545040086,354.2855822417415,362.67327880859375,105348800,0.0,0.0,0.0
2021-03-02,362.8966935413863,363.12942703807903,359.34051889355743,359.8432312011719,79595300,0.0,0.0,0.0
2021-03-03,359.1449892511198,360.11314003050495,354.9743952442966,355.0768127441406,119940200,0.0,0.0,0.0
2021-03-04,354.8905802752683,357.4785750729967,346.1956620928304,350.6827697753906,183433000,0.0,0.0,0.0
2021-03-05,354.1831430171617,358.18617627812586,346.9032607012722,357.13421630859375,152039600,0.0,0.0,0.0
2021-03-08,358.09305771331407,360.9044680233819,355.0768407972248,355.3561096191406,123149200,0.0,0.0,0.0
2021-03-09,359.20081753054825,362.9804065396195,358.6981053166281,360.4296569824219,113633600,0.0,0.0,0.0
2021-03-10,362.77569632837776,364.3675856171588,361.3606867838893,362.67327880859375,109899400,0.0,0.0,0.0
2021-03-11,365.14026100475496,368.32403944461987,364.6840840161151,366.3504638671875,86245000,0.0,0.0,0.0
2021-03-12,364.9912616619042,366.9834454384432,364.181353712992,366.84381103515625,64653600,0.0,0.0,0.0
2021-03-15,367.09516616349055,369.29218502366257,364.95402947649114,369.0315246582031,73427200,0.0,0.0,0.0
2021-03-16,369.6458961543537,370.3533865339371,367.793318546746,368.5660095214844,73722500,0.0,0.0,0.0
2021-03-17,367.28141575002945,370.6234656362169,366.13635662184026,369.8228759765625,97959300,0.0,0.0,0.0
2021-03-18,367.2348490775415,369.32013211532865,363.76245508171684,364.4420471191406,115349100,0.0,0.0,0.0
2021-03-19,364.14131823450606,365.7197518785145,361.5915342319768,363.7677307128906,113624500,1.278,0.0,0.0
2021-03-22,364.2813388885478,368.0546376770292,364.22530219638827,366.6723327636719,73778600,0.0,0.0,0.0
2021-03-23,366.0373101003052,367.4849724644324,363.00186510857276,363.7864074707031,90686600,0.0,0.0,0.0
2021-03-24,365.1873129811931,366.8217830520808,361.89035449260405,361.9370422363281,97588600,0.0,0.0,0.0
2021-03-25,360.4987270317707,364.76700718739,358.55602665416086,363.97314453125,116128600,0.0,0.0,0.0
2021-03-26,365.12199148337254,370.2402289227248,364.5242571453707,369.838623046875,114409100,0.0,0.0,0.0
2021-03-29,368.36283249742354,370.55769790836075,366.8778031775711,369.6517333984375,108107600,0.0,0.0,0.0
2021-03-30,368.3815491232856,369.3435503732095,367.07395025683695,368.67108154296875,76262200,0.0,0.0,0.0
2021-03-31,369.2408018270159,371.7251997987825,369.21278347970974,370.1654357910156,112734200,0.0,0.0,0.0
2021-04-01,372.0988084552015,374.2189680327331,371.89333106228867,374.16290283203125,99682900,0.0,0.0,0.0
2021-04-05,376.8247801459603,380.0750513069228,376.7500740458587,379.5333251953125,91684800,0.0,0.0,0.0
2021-04-06,378.97289240238507,380.35516878606614,378.6366437530473,379.3091125488281,62021000,0.0,0.0,0.0
2021-04-07,379.1410856568923,380.0937381170486,378.6834430784203,379.7481689453125,55836300,0.0,0.0,0.0
2021-04-08,380.9997041454603,381.60678743598396,380.0657210822236,381.5507507324219,57863100,0.0,0.0,0.0
2021-04-09,381.429291282708,384.49275406318844,381.30786894490393,384.3246154785156,61104600,0.0,0.0,0.0
2021-04-12,383.7269890687831,384.7356783457787,383.1199057120697,384.46484375,56704900,0.0,0.0,0.0
2021-04-13,384.36197181036624,386.22993756231864,383.97903541086856,385.6041564941406,56551000,0.0,0.0,0.0
2021-04-14,385.5761649966313,386.6315702804382,383.7455664130594,384.28729248046875,61659900,0.0,0.0,0.0
2021-04-15,386.42610852089956,388.68635987083064,386.3794207731198,388.4154968261719,60229800,0.0,0.0,0.0
2021-04-16,389.70445720020575,390.3208894803555,388.2848131174657,389.71380615234375,82037300,0.0,0.0,0.0
2021-04-19,388.77980210912494,389.22809574117946,386.4728627845068,387.7991027832031,78498500,0.0,0.0,0.0
2021-04-20,386.584837805276,387.6869307074584,383.48400795919866,384.959716796875,81851800,0.0,0.0,0.0
2021-04-21,384.3433952935989,388.80783337951715,384.203275026025,388.60235595703125,66793000,0.0,0.0,0.0
2021-04-22,388.43408088549756,389.265310671491,383.98831408852476,385.05303955078125,97582800,0.0,0.0,0.0
2021-04-23,385.6135180559668,390.6383506535276,385.5388119647193,389.22802734375,73209200,0.0,0.0,0.0
2021-04-26,389.88185775138544,390.61036333622997,389.293443913069,390.0406188964844,52182400,0.0,0.0,0.0
2021-04-27,390.3394793906885,390.53563632822335,388.81708265316865,389.95654296875,51303100,0.0,0.0,0.0
2021-04-28,390.22741885643023,391.34820981136744,389.37749094113417,389.844482421875,51238900,0.0,0.0,0.0
2021-04-29,392.5717631714263,392.94535069156444,388.94790436999523,392.32891845703125,78544300,0.0,0.0,0.0
2021-04-30,390.0592373625675,390.90916512228176,388.85439158199523,389.7510070800781,85527000,0.0,0.0,0.0
2021-05-03,391.740486180178,392.1234226337819,390.09669546817264,390.5917053222656,68128300,0.0,0.0,0.0
2021-05-04,388.60228003315905,389.09728984022036,384.49276088924864,388.1819763183594,101591200,0.0,0.0,0.0
2021-05-05,389.82580250833166,390.05929824240366,387.7430102993665,388.30340576171875,60162200,0.0,0.0,0.0
2021-05-06,388.37814202679203,391.5350091571525,386.37008425835495,391.4042663574219,74321400,0.0,0.0,0.0
2021-05-07,392.17013532299035,394.90669867070073,391.48831747234374,394.2528991699219,67733800,0.0,0.0,0.0
2021-05-10,394.60777566622943,394.83192244153906,390.22739358037734,390.34881591796875,81852400,0.0,0.0,0.0
2021-05-11,385.8283134901169,387.8550402733602,382.9889977008336,386.8650207519531,116888000,0.0,0.0,0.0
2021-05-12,384.08181415543856,385.3520172707222,377.32910724736956,378.6460266113281,134811000,0.0,0.0,0.0
2021-05-13,380.19641151101195,385.1278398956935,380.1496952660477,383.1944885253906,106394000,0.0,0.0,0.0
2021-05-14,385.93115577276006,389.9286023731761,385.9031374193678,389.07867431640625,82201600,0.0,0.0,0.0
2021-05-17,387.96716817788194,388.9011510722619,386.0711555395105,388.08856201171875,65129200,0.0,0.0,0.0
2021-05-18,388.3500945443385,388.59293922934893,384.5861444411635,384.74493408203125,59810200,0.0,0.0,0.0
2021-05-19,380.0564000490199,383.9137261518179,378.5713418982046,383.73626708984375,106467100,0.0,0.0,0.0
2021-05-20,384.61416996928796,389.1253236094422,384.49277612741383,387.86444091796875,78022200,0.0,0.0,0.0
2021-05-21,389.34942453489305,390.5916376819598,387.0892020087102,387.5468444824219,76578700,0.0,0.0,0.0
2021-05-24,389.7884149825735,392.57169424932044,389.5455703108136,391.49761962890625,51376700,0.0,0.0,0.0
2021-05-25,392.58101863752853,392.93593669892675,390.0499329669356,390.6289978027344,57451400,0.0,0.0,0.0
2021-05-26,391.2174583544931,391.9085966601107,390.18075089606674,391.4042663574219,43088600,0.0,0.0,0.0
2021-05-27,392.4316202322079,392.9452994425397,391.3294987126263,391.6097106933594,56707700,0.0,0.0,0.0
2021-05-28,393.178808495256,393.44032258439506,392.07671544123446,392.3102111816406,58520200,0.0,0.0,0.0
2021-06-01,394.6732671181002,394.813358890226,391.5257484584241,391.9647216796875,54216600,0.0,0.0,0.0
2021-06-02,392.6184525081131,393.4216927574089,391.6097633493774,392.5810852050781,49097100,0.0,0.0,0.0
2021-06-03,390.26480554943856,392.2635143648258,388.7984453863478,391.1240539550781,58138800,0.0,0.0,0.0
2021-06-04,392.9732978416649,395.0000532381176,391.1893871156072,394.701171875,55938800,0.0,0.0,0.0
2021-06-07,394.69188585185486,394.86934490806766,393.38431530836596,394.31829833984375,51555000,0.0,0.0,0.0
2021-06-08,395.17753710589864,395.2709411073429,392.57174503386995,394.40234375,47134300,0.0,0.0,0.0
2021-06-09,395.24286594873485,395.3176005403084,393.58972652208564,393.8138732910156,48436300,0.0,0.0,0.0
2021-06-10,395.0374175201594,396.59718157596666,393.72049815041606,395.6445007324219,51020100,0.0,0.0,0.0
2021-06-11,396.195645900819,396.4104437738481,394.90674465103467,396.2983703613281,45570800,0.0,0.0,0.0
2021-06-14,396.4103860815458,397.2883323557152,395.1682012696967,397.18560791015625,42358500,0.0,0.0,0.0
2021-06-15,397.33503853707737,397.3723773329353,395.5791460332352,396.45709228515625,51508500,0.0,0.0,0.0
2021-06-16,396.59721625461583,396.8213630595682,392.19816419002484,394.2435607910156,80386100,0.0,0.0,0.0
2021-06-17,393.832609480347,395.0934636810587,391.6377438115296,394.11279296875,90949700,0.0,0.0,0.0
2021-06-18,390.8294393593685,391.5228387958726,388.5899319002041,388.79608154296875,118676300,1.376,0.0,0.0
2021-06-21,390.5576558078238,394.5494491775668,389.74243684552914,394.3620300292969,72822000,0.0,0.0,0.0
2021-06-22,394.352740461739,397.3044066313976,393.63120236514027,396.4704284667969,57700300,0.0,0.0,0.0
2021-06-23,396.54531142259333,397.35115077864344,395.9081321276498,395.9924621582031,49445400,0.0,0.0,0.0
2021-06-24,398.13831292432985,398.75673318670397,397.88529422084855,398.3350830078125,45110300,0.0,0.0,0.0
2021-06-25,399.08474110668726,400.19981934817787,398.7567718716343,399.7500305175781,58129500,0.0,0.0,0.0
2021-06-28,400.2747470575294,400.72450723423236,399.075338926079,400.55584716796875,53159600,0.0,0.0,0.0
2021-06-29,400.9400528954754,401.57723223614346,400.237273994288,400.7713928222656,35970500,0.0,0.0,0.0
2021-06-30,400.3122456149289,401.78340305544015,400.2841356012442,401.1087341308594,64827900,0.0,0.0,0.0
2021-07-01,401.8677508401516,403.4888379572731,401.80215127327483,403.32952880859375,53441000,0.0,0.0,0.0
2021-07-02,404.49140558885847,406.76840218909126,403.41378848033645,406.4123229980469,57697700,0.0,0.0,0.0
2021-07-06,406.4684853695036,406.68401447986884,402.9358611623959,405.6719970703125,68710400,0.0,0.0,0.0
2021-07-07,406.35615449938257,407.38690265779184,404.3415272693066,407.10577392578125,63549500,0.0,0.0,0.0
2021-07-08,401.7833895422592,404.5476647115918,400.60271181491555,403.7886657714844,97595200,0.0,0.0,0.0
2021-07-09,405.29729335492465,408.39888874783514,403.59187628680496,408.0990295410156,76238600,0.0,0.0,0.0
2021-07-12,408.01465274701275,409.8137791856225,407.5836230591932,409.5607604980469,52889600,0.0,0.0,0.0
2021-07-13,408.7736505814926,410.2729178438437,407.9022116726275,408.1645812988281,52911300,0.0,0.0,0.0
2021-07-14,409.8606803722424,410.34795874869207,407.52746339505444,408.7737121582031,64130400,0.0,0.0,0.0
2021-07-15,407.4337835093042,408.1084524983558,405.47537611239835,407.3775634765625,55126400,0.0,0.0,0.0
2021-07-16,408.5581415441631,408.60498202795424,403.7886192907794,404.1821594238281,75874700,0.0,0.0,0.0
2021-07-19,399.35647556745073,404.24781810954704,395.4021716073947,398.2132873535156,147987000,0.0,0.0,0.0
2021-07-20,398.8785282705121,405.19418699140346,398.08203985333273,403.9197998046875,99608200,0.0,0.0,0.0
2021-07-21,405.11927714998365,407.3307031828911,403.8730283565818,407.19012451171875,64724400,0.0,0.0,0.0
2021-07-22,407.36814723384765,408.28645534613815,406.3842681533673,408.0428161621094,47878500,0.0,0.0,0.0
2021-07-23,409.973137588627,412.57810387739073,409.2891176794418,412.24078369140625,63766600,0.0,0.0,0.0
2021-07-26,411.65041860813767,413.2621261186514,411.60357811733337,413.25274658203125,43719200,0.0,0.0,0.0
2021-07-27,412.21268332890685,412.2407933450638,408.5394791728748,411.3693542480469,67397100,0.0,0.0,0.0
2021-07-28,411.9971110612924,412.57807039855686,409.77633422865034,411.20062255859375,52472400,0.0,0.0,0.0
2021-07-29,412.1283678734607,413.9836861978173,412.1189883356927,412.9060974121094,47435300,0.0,0.0,0.0
2021-07-30,410.33855849930256,412.3531856804309,410.207359374989,410.9007873535156,68951200,0.0,0.0,0.0
2021-08-02,412.61555230549715,413.16840161930367,409.68261706413523,410.0386962890625,58783300,0.0,0.0,0.0
2021-08-03,410.83517582420905,413.49636182074306,408.6425090931806,413.3745422363281,58053900,0.0,0.0,0.0
2021-08-04,412.0908364864167,413.34646478534535,411.1069573898092,411.3412170410156,46732200,0.0,0.0,0.0
2021-08-05,412.5030891792091,414.0304665079831,412.1844995210822,413.9461364746094,38969700,0.0,0.0,0.0
2021-08-06,414.2647578157139,415.0518667835452,413.983629086822,414.63018798828125,46930000,0.0,0.0,0.0
2021-08-09,414.602026269566,414.9206159123269,413.5244377669037,414.2928161621094,41222600,0.0,0.0,0.0
2021-08-10,414.742597463298,415.5203554334606,414.0585776586694,414.8081970214844,43339300,0.0,0.0,0.0
2021-08-11,415.87644828844924,415.93266831269824,414.75199061117655,415.8389587402344,44034300,0.0,0.0,0.0
2021-08-12,415.68902682349017,417.2257837341095,414.7894778443805,417.085205078125,38909400,0.0,0.0,0.0
2021-08-13,417.5349995492506,417.86296875743454,417.0477498031309,417.84423828125,39470300,0.0,0.0,0.0
2021-08-16,416.5417789840265,418.95932605512974,414.9862914344037,418.8281555175781,73740000,0.0,0.0,0.0
2021-08-17,416.2700627013434,416.9447317088072,413.0935163801424,416.0826721191406,92673900,0.0,0.0,0.0
2021-08-18,415.07056886412056,416.6354357523996,411.2849538867955,411.528564453125,89351900,0.0,0.0,0.0
2021-08-19,408.8018064511608,413.36520830572493,408.66125638495504,412.165771484375,92812200,0.0,0.0,0.0
2021-08-20,412.51240646146636,415.77328164438876,412.02512821398324,415.4453125,72008700,0.0,0.0,0.0
2021-08-23,417.1320972978909,420.0088125987634,415.5203897980154,419.0998840332031,54973000,0.0,0.0,0.0
2021-08-24,419.7651672363281,420.2992860816183,419.24980746387826,419.7651672363281,38744700,0.0,0.0,0.0
2021-08-25,419.952627156467,421.1613864338086,419.57778881704434,420.6460266113281,40529700,0.0,0.0,0.0
2021-08-26,420.3648902398338,420.599149899653,418.0691627312955,418.1628723144531,57829600,0.0,0.0,0.0
2021-08-27,418.96867606210947,422.27642103261843,418.9124560362428,421.901611328125,77235100,0.0,0.0,0.0
2021-08-30,422.5762802722132,424.5440669661629,422.33264109600447,423.7569580078125,48357400,0.0,0.0,0.0
2021-08-31,423.66333037101026,424.0006505914793,422.52952150178527,423.12921142578125,59300200,0.0,0.0,0.0
2021-09-01,424.06610121458914,424.58146090244946,423.1196832682221,423.35394287109375,48721400,0.0,0.0,0.0
2021-09-02,424.77834425136786,425.4623641266029,423.45711639620544,424.6565246582031,42501000,0.0,0.0,0.0
2021-09-03,423.52271669627993,425.068824666954,423.11976836523195,424.5534362792969,47170500,0.0,0.0,0.0
2021-09-07,424.20679034175095,424.30049993285274,422.36082292203974,423.0354919433594,51671500,0.0,0.0,0.0
2021-09-08,422.5013195727054,423.2322084875442,420.599103890751,422.5200500488281,56181900,0.0,0.0,0.0
2021-09-09,422.3232551840981,424.0755125696742,420.467908695529,420.7115478515625,57970400,0.0,0.0,0.0
2021-09-10,422.64189201792766,423.06354222411983,417.27265062322766,417.39447021484375,89948200,0.0,0.0,0.0
2021-09-13,420.39303344599693,420.655403124016,416.1482209113753,418.46270751953125,83738600,0.0,0.0,0.0
2021-09-14,419.9056916877061,420.11184130334044,415.31420871709963,416.20440673828125,78197100,0.0,0.0,0.0
2021-09-15,416.62609222178327,420.17747647552517,415.52039355154807,419.68084716796875,78792200,0.0,0.0,0.0
2021-09-16,419.15614456363676,420.1306441908273,416.063899796155,419.0155944824219,77786700,0.0,0.0,0.0
2021-09-17,418.2427985470541,418.66579952568367,414.5766179390553,414.933837890625,118425000,1.428,0.0,0.0
2021-09-20,408.8047977762208,410.38405885600616,403.14573587535295,408.0151672363281,166445500,0.0,0.0,0.0
2021-09-21,410.3558416937555,411.6531020580182,407.10330988661246,407.6297302246094,92526100,0.0,0.0,0.0
2021-09-22,409.9046386502538,413.64601007748894,407.74255702757415,411.6061096191406,102350100,0.0,0.0,0.0
2021-09-23,413.4768249344985,418.21463714747955,413.2418148065021,416.6071472167969,76396000,0.0,0.0,0.0
2021-09-24,414.97152508235223,418.00786655031254,414.7553054165893,417.2934265136719,62094800,0.0,0.0,0.0
2021-09-27,416.25940022123115,417.4250414535586,415.40395978249387,416.099609375,61371100,0.0,0.0,0.0
2021-09-28,413.3263982451864,413.65541814858807,406.9811250466519,407.71435546875,130436300,0.0,0.0,0.0
2021-09-29,409.0963167424617,410.83539778442844,407.83666564017506,408.40069580078125,82329200,0.0,0.0,0.0
2021-09-30,409.8764201598323,410.58145048611453,403.0705365902038,403.4089660644531,140506000,0.0,0.0,0.0
2021-10-01,405.1386431605833,409.8858359543711,401.61349147576334,408.2031555175781,129240100,0.0,0.0,0.0
2021-10-04,407.037558391636,407.9399892875987,400.79567536580527,402.9389953613281,128570000,0.0,0.0,0.0
2021-10-05,404.4430001166101,409.37821255340737,403.6439886722877,407.13153076171875,90682500,0.0,0.0,0.0
2021-10-06,403.53126615205247,409.0305100553427,401.90501408030383,408.8236999511719,113032200,0.0,0.0,0.0
2021-10-07,412.1044146962141,415.19712763222657,411.92580468619974,412.35821533203125,72437500,0.0,0.0,0.0
2021-10-08,413.1289992900791,413.5144193283019,410.9762985644965,411.6061096191406,74557400,0.0,0.0,0.0
2021-10-11,410.9480912711501,413.86222243707743,408.56038046823124,408.6261901855469,65233300,0.0,0.0,0.0
2021-10-12,409.5474309242927,409.9516414282403,406.83070028385015,407.6203308105469,71181200,0.0,0.0,0.0
2021-10-13,408.64503280690064,409.90468374251765,405.6651202312037,409.08685302734375,72974000,0.0,0.0,0.0
2021-10-14,412.7529748558683,416.1183359496485,412.28295460047235,415.9679260253906,70236800,0.0,0.0,0.0
2021-10-15,418.0830843417794,419.5025549212031,417.46265406245044,419.13592529296875,66260200,0.0,0.0,0.0
2021-10-18,417.34980775714325,420.71514033276804,416.69176789132155,420.3767395019531,62213200,0.0,0.0,0.0
2021-10-19,422.00294140527114,423.6855930358415,421.3918922060494,423.61981201171875,46996800,0.0,0.0,0.0
2021-10-20,424.08047124300566,425.58454176597354,423.9676709741409,425.2837219238281,49571600,0.0,0.0,0.0
2021-10-21,424.68209422675085,426.618575397613,424.2496836213109,426.3929748535156,41305400,0.0,0.0,0.0
2021-10-22,425.96055094238534,427.40822132656245,424.0052506620859,425.9511413574219,58845100,0.0,0.0,0.0
2021-10-25,427.04163242690424,428.5644935725112,425.26497065295007,428.2354736328125,45214500,0.0,0.0,0.0
2021-10-26,429.78648871271434,430.9991201914676,428.24480866378605,428.6208190917969,56075100,0.0,0.0,0.0
2021-10-27,429.0814956872959,429.7489164065924,426.6467655584889,426.72198486328125,72438000,0.0,0.0,0.0
2021-10-28,428.15085513172806,430.9145766067055,428.1414742340312,430.8393859863281,51437900,0.0,0.0,0.0
2021-10-29,428.5362813944523,432.0050333226642,428.2448711186631,431.713623046875,70162400,0.0,0.0,0.0
2021-11-01,432.70059827941714,433.0766374014713,430.72653632741896,432.4562072753906,48433600,0.0,0.0,0.0
2021-11-02,432.6254811267831,434.51497189123603,432.4938616741639,434.2047424316406,48908400,0.0,0.0,0.0
2021-11-03,433.6407307983925,437.25989295856164,433.198910555134,436.8556823730469,52509800,0.0,0.0,0.0
2021-11-04,437.4572266750685,438.99890684181076,437.1094162853852,438.914306640625,52847100,0.0,0.0,0.0
2021-11-05,441.1422252320449,442.43007618696566,438.92374331887703,440.43719482421875,66390600,0.0,0.0,0.0
2021-11-08,441.53708204527277,442.0353024166088,440.1270211428771,440.813232421875,50405200,0.0,0.0,0.0
2021-11-09,441.17988231787126,441.4148924790794,437.9461402046262,439.356201171875,51149100,0.0,0.0,0.0
2021-11-10,437.6640963262321,439.3561866436364,434.336373208753,435.8216247558594,69429700,0.0,0.0,0.0
2021-11-11,437.3162461048895,437.39146541229354,435.9437949662479,435.96258544921875,34848500,0.0,0.0,0.0
2021-11-12,437.23160434083906,439.80730596328203,436.28215431749,439.252685546875,53466700,0.0,0.0,0.0
2021-11-15,440.54060690132917,440.7003977259758,438.2751057858588,439.40313720703125,46980500,0.0,0.0,0.0
2021-11-16,439.1399817843683,442.27971409763927,439.06479115534836,441.14227294921875,48857500,0.0,0.0,0.0
2021-11-17,440.87903881691875,441.0576488248933,439.4501874408848,440.07061767578125,47858300,0.0,0.0,0.0
2021-11-18,441.10457673089655,441.8284262460176,438.37846513160173,441.5652160644531,50625600,0.0,0.0,0.0
2021-11-19,441.45237530402534,442.7026451488348,440.4089441903681,440.77557373046875,57315600,0.0,0.0,0.0
2021-11-22,442.6557624490605,445.1468644734035,439.3280104628594,439.5348205566406,72762000,0.0,0.0,0.0
2021-11-23,439.20574375407494,440.9730245653836,436.60184177692975,440.1175842285156,73206500,0.0,0.0,0.0
2021-11-24,438.1152611459688,441.4148123907597,437.29743052339023,441.2926025390625,61858800,0.0,0.0,0.0
2021-11-26,434.6183409737067,436.08480192497507,430.32234880945094,431.4504089355469,112669600,0.0,0.0,0.0
2021-11-29,436.24460804442816,438.5852997432788,434.0449166850697,436.7428283691406,86268800,0.0,0.0,0.0
2021-11-30,434.29870556860726,436.2069866122317,428.0004228222706,428.2448425292969,148559600,0.0,0.0,0.0
2021-12-01,433.9603470803366,436.80866888995706,423.290880760792,423.48828125,131939200,0.0,0.0,0.0
2021-12-02,423.70455398671464,431.54448996271947,423.309724271078,429.974609375,127637800,0.0,0.0,0.0
2021-12-03,431.638417799551,432.7006394884692,422.0030024782896,426.2331848144531,137331600,0.0,0.0,0.0
2021-12-06,428.78067779267633,433.1612699645703,426.36476682296546,431.28118896484375,98977500,0.0,0.0,0.0
2021-12-07,436.5641964227451,440.76617845486504,431.14955415645403,440.2021484375,95484700,0.0,0.0,0.0
2021-12-08,440.5969559928679,441.8189970628325,438.83905631109354,441.3677673339844,72238800,0.0,0.0,0.0
2021-12-09,440.0800929637593,441.4713636696064,438.19063047125036,438.3880310058594,61272600,0.0,0.0,0.0
2021-12-10,441.0952068137605,442.665058357532,438.53829554873346,442.5146484375,77159800,0.0,0.0,0.0
2021-12-13,441.9976995198621,442.3455099577305,438.3127276826282,438.5947570800781,87724700,0.0,0.0,0.0
2021-12-14,435.323378332146,437.8144800719802,432.65366659136504,435.5771789550781,97264100,0.0,0.0,0.0
2021-12-15,435.6336329677367,442.6275087271845,433.1143023252697,442.38311767578125,116899300,0.0,0.0,0.0
2021-12-16,444.2350391050043,444.5170398390227,436.93090452850896,438.48199462890625,116568600,0.0,0.0,0.0
2021-12-17,435.39999504107936,438.4092618245341,432.1077368438548,433.815185546875,135511600,1.633,0.0,0.0
2021-12-20,428.73062942371416,429.5984890492109,425.57986657914137,429.2023010253906,107134800,0.0,0.0,0.0
2021-12-21,432.6265442664553,436.9659280734673,430.456866757222,436.8244323730469,69806300,0.0,0.0,0.0
2021-12-22,436.56973302152085,441.3053047127946,436.3716102556049,441.1921081542969,58890200,0.0,0.0,0.0
2021-12-23,442.19209581442925,445.4371985113299,442.0883418877811,443.9372863769531,56439700,0.0,0.0,0.0
2021-12-27,445.3146048868536,450.26715686699845,445.2674492405583,450.2200012207031,56808600,0.0,0.0,0.0
2021-12-28,450.653837085784,451.68207754216996,449.087884188701,449.85198974609375,47274600,0.0,0.0,0.0
2021-12-29,449.9557576958727,451.44622697948694,448.9558164118626,450.42742919921875,54503000,0.0,0.0,0.0
2021-12-30,450.85198851964896,451.8613726077948,448.72005255913206,449.1822814941406,55329000,0.0,0.0,0.0
2021-12-31,448.6917271226337,449.84257807075835,447.77668316160356,448.05023193359375,65237400,0.0,0.0,0.0
2022-01-03,449.31429199851436,450.77649102777576,447.0031187538817,450.6444091796875,72668200,0.0,0.0,0.0
2022-01-04,452.06883419971206,452.7857840929789,448.63505185674353,450.4934387207031,71178700,0.0,0.0,0.0
2022-01-05,450.12563049513625,450.8991788038624,441.7487385385624,441.84307861328125,104538900,0.0,0.0,0.0
2022-01-06,441.3808228754029,444.1448112867114,439.0601780901141,441.427978515625,86858900,0.0,0.0,0.0
2022-01-07,441.43743350191716,442.61661242591146,438.3243838694435,439.68280029296875,85111600,0.0,0.0,0.0
2022-01-10,436.48485885738484,439.35260112059655,430.73046025596256,439.1356506347656,119362000,0.0,0.0,0.0
2022-01-11,438.8715061877595,443.2297465587139,435.87165335018614,443.1354064941406,74303100,0.0,0.0,0.0
2022-01-12,444.8712086177971,446.3900061138433,442.37135493830107,444.33349609375,67605400,0.0,0.0,0.0
2022-01-13,445.43722446899045,446.0881335750446,437.1829715327748,438.2112121582031,91173100,0.0,0.0,0.0
2022-01-14,435.0604113490844,438.739443721602,433.8434906759854,438.3904113769531,95890900,0.0,0.0,0.0
2022-01-18,433.6925435130348,433.9000801446297,429.51354052849086,430.6266784667969,109709100,0.0,0.0,0.0
2022-01-19,432.17377646871046,433.5699058238336,425.88166536173696,426.1552429199219,109357600,0.0,0.0,0.0
2022-01-20,428.041877426378,432.7491496870087,419.3159548562535,421.4384765625,122379700,0.0,0.0,0.0
2022-01-21,420.31596407281415,422.6743219055185,413.1371366485651,413.1654357910156,202271200,0.0,0.0,0.0
2022-01-24,407.5525063368311,415.4294267475225,396.9210402768621,414.9200134277344,251783900,0.0,0.0,0.0
2022-01-25,408.52416133637433,414.8068298485873,402.9490001504662,409.8542785644531,167997300,0.0,0.0,0.0
2022-01-26,415.7501538816743,418.8820597450549,404.5620902381432,408.8260192871094,186391100,0.0,0.0,0.0
2022-01-27,413.42959969479165,416.57091988117384,405.1187484129023,406.80731201171875,149878300,0.0,0.0,0.0
2022-01-28,408.1656232816554,416.9575865405849,403.5809903341213,416.9104309082031,164457400,0.0,0.0,0.0
2022-01-31,416.2407272712182,424.7685575099905,414.8917534598383,424.4195251464844,152251400,0.0,0.0,0.0
2022-02-01,425.14585473478627,427.9287283515847,421.6177608084225,427.2872619628906,123155400,0.0,0.0,0.0
2022-02-02,429.69282811901024,432.16438269982757,427.38162576079867,431.4380187988281,117361000,0.0,0.0,0.0
2022-02-03,425.40063739567904,427.3061803398797,420.4574993371218,421.2970886230469,118024400,0.0,0.0,0.0
2022-02-04,421.0612747625027,427.126965085693,418.6840312949437,423.27813720703125,118454400,0.0,0.0,0.0
2022-02-07,424.04216920738406,425.43829858096694,420.58952998140325,421.9196472167969,84472900,0.0,0.0,0.0
2022-02-08,421.4196773714475,426.31563040935833,419.99522006477935,425.3911437988281,81012000,0.0,0.0,0.0
2022-02-09,429.4286550758493,431.93795122288446,429.23056108197864,431.6172180175781,92589900,0.0,0.0,0.0
2022-02-10,425.7684883309894,431.7775795121979,421.86306271080866,423.8629455566406,140103700,0.0,0.0,0.0
2022-02-11,423.947845988049,426.0231836326423,414.0710421144383,415.5049133300781,153214600,0.0,0.0,0.0
2022-02-14,414.99548562999905,416.5802950386649,410.67495835599806,414.1464538574219,123006300,0.0,0.0,0.0
2022-02-15,418.5896597934599,420.99517327307245,418.0708037959125,420.82537841796875,88482700,0.0,0.0,0.0
2022-02-16,418.7783495538221,422.6743616661116,416.90110575473415,421.2970886230469,84863600,0.0,0.0,0.0
2022-02-17,418.1084816308631,421.26868640848454,411.6937608073531,412.2974853515625,102259100,0.0,0.0,0.0
2022-02-18,412.55223985255054,413.806902341528,407.3544387638589,409.6278991699219,132642900,0.0,0.0,0.0
2022-02-22,407.42040461641034,410.8258588818676,401.73201893335295,405.2318420410156,124391800,0.0,0.0,0.0
2022-02-23,408.14686816140767,408.7128798332859,397.47765898241863,398.0436706542969,132578000,0.0,0.0,0.0
2022-02-24,387.73284685817333,404.4677720037459,387.3744006844994,404.0338134765625,213942900,0.0,0.0,0.0
2022-02-25,405.26965885180056,413.0333837616076,403.61880824968927,412.948486328125,121804500,0.0,0.0,0.0
2022-02-28,407.5525226744369,413.37296233027865,406.29788900505855,411.89190673828125,145615000,0.0,0.0,0.0
2022-03-01,410.3919658423738,412.40129113186845,402.9112336256211,405.61865234375,137785900,0.0,0.0,0.0
2022-03-02,407.8732031348396,414.80677985467884,407.118540259821,413.0804748535156,117726500,0.0,0.0,0.0
2022-03-03,415.5144322912253,416.11815704449447,409.2223196953185,411.02410888671875,105501700,0.0,0.0,0.0
2022-03-04,407.2883840604993,408.8165952787163,403.63765086397046,407.6846008300781,113978200,0.0,0.0,0.0
2022-03-07,407.09966398019566,407.807171236879,395.600310398485,395.6663513183594,137896600,0.0,0.0,0.0
2022-03-08,395.84562657872834,403.0055972451965,391.60058263341585,392.66656494140625,164772700,0.0,0.0,0.0
2022-03-09,401.05289644474624,405.1753011556901,398.86433355936276,403.19427490234375,116990800,0.0,0.0,0.0
2022-03-10,398.5812801406087,402.2697547820951,396.61913933731984,401.37359619140625,93972700,0.0,0.0,0.0
2022-03-11,403.8640420157582,404.4772092709991,395.7607282684723,396.2701416015625,95636300,0.0,0.0,0.0
2022-03-14,397.0437338622443,400.4963446455009,392.23267777731564,393.3741149902344,95729200,0.0,0.0,0.0
2022-03-15,395.9871173439881,402.65655987964084,394.7136272071247,402.0245361328125,106219100,0.0,0.0,0.0
2022-03-16,405.5337497664183,410.995685192888,400.7321084005492,410.9390869140625,144954800,0.0,0.0,0.0
2022-03-17,409.02419595072837,416.0804138183594,408.64686440877273,416.0804138183594,102676900,0.0,0.0,0.0
2022-03-18,414.4678189961287,420.9592417518536,413.72972677495335,420.63751220703125,106345500,1.366,0.0,0.0
2022-03-21,420.46731741839125,422.47341335215924,417.00395167542,420.5146484375,88349800,0.0,0.0,0.0
2022-03-22,421.9055391743934,426.37195178227597,421.9055391743934,425.4351501464844,74650400,0.0,0.0,0.0
2022-03-23,422.89922534823637,424.3943252385868,419.871137651901,419.956298828125,79426100,0.0,0.0,0.0
2022-03-24,421.981331093405,426.29633721311484,420.86473496549416,426.286865234375,64736900,0.0,0.0,0.0
2022-03-25,426.92085470819296,428.64307980820996,424.33751705816746,428.36865234375,77101300,0.0,0.0,0.0
2022-03-28,427.77248986490883,431.4156494140625,425.8799424500739,431.4156494140625,68529800,0.0,0.0,0.0
2022-03-29,435.30485728967426,437.24473588066155,432.61744319877937,436.7526550292969,86581500,0.0,0.0,0.0
2022-03-30,435.60762945908306,436.4214398536475,431.9455548784965,434.0557556152344,79666900,0.0,0.0,0.0
2022-03-31,433.2892715675178,434.1125250531456,426.9208392701977,427.37506103515625,121699900,0.0,0.0,0.0
2022-04-01,428.9552743555325,429.0972096169753,425.0093296975333,428.58624267578125,89048800,0.0,0.0,0.0
2022-04-04,428.78503448200854,432.3619481479705,427.96178092937987,432.2578430175781,59601000,0.0,0.0,0.0
2022-04-05,430.7627409154782,433.2325015603828,425.6528684021026,426.7978515625,74214500,0.0,0.0,0.0
2022-04-06,422.8803274607899,424.81070528964915,419.64405824278475,422.5301818847656,106898000,0.0,0.0,0.0
2022-04-07,421.6500366650855,426.47603764852965,419.70071542078097,424.6591796875,78097200,0.0,0.0,0.0
2022-04-08,423.9022463943376,426.4193379958125,421.98131186663085,423.52374267578125,79272700,0.0,0.0,0.0
2022-04-11,420.24961995400275,421.0918174503352,415.7832355906516,416.2847595214844,89770500,0.0,0.0,0.0
2022-04-12,419.2749706687826,421.8015343492119,413.1904372386116,414.7423400878906,84363600,0.0,0.0,0.0
2022-04-13,414.49635079817483,420.2496833419027,414.316556448872,419.49267578125,74070400,0.0,0.0,0.0
2022-04-14,419.71968183285964,420.8363067294956,414.16505991706254,414.2691650390625,97869500,0.0,0.0,0.0
2022-04-18,413.34180271144544,416.123849633217,412.2062627473825,414.4394836425781,66002500,0.0,0.0,0.0
2022-04-19,414.33543188109996,421.8488481574368,414.16510952795005,421.12969970703125,77821000,0.0,0.0,0.0
2022-04-20,422.9086378808468,423.52370998577396,419.6534541721469,420.8173522949219,65224400,0.0,0.0,0.0
2022-04-21,424.4416483063958,425.83267191463915,413.61627398000866,414.5246887207031,85417300,0.0,0.0,0.0
2022-04-22,413.43650465990896,414.5436288750389,402.58274261879126,403.1505126953125,132471800,0.0,0.0,0.0
2022-04-25,400.90780109531795,405.65808479066646,396.33728283967,405.4877624511719,119647700,0.0,0.0,0.0
2022-04-26,402.95173179386785,403.1504700703284,393.71611977901205,393.7445068359375,103996300,0.0,0.0,0.0
2022-04-27,394.8232669941469,400.198124069915,392.7130949238464,394.8516540527344,122030000,0.0,0.0,0.0
2022-04-28,399.6019576141651,406.55707558525125,395.1639313315665,404.82537841796875,105449100,0.0,0.0,0.0
2022-04-29,400.8320856724879,402.9895886209459,389.1172122790781,389.8647766113281,145491100,0.0,0.0,0.0
2022-05-02,389.93102468617633,393.5741843394114,383.2597775315031,392.2115478515625,158312500,0.0,0.0,0.0
2022-05-03,392.713130893499,396.4225083192769,391.15175589422336,394.009521484375,100028200,0.0,0.0,0.0
2022-05-04,394.67186907445193,406.57600980928174,391.4829309462933,406.00823974609375,144247900,0.0,0.0,0.0
2022-05-05,401.7405161814466,402.16635092774,387.44233342518896,391.5775451660156,172929100,0.0,0.0,0.0
2022-05-06,389.01316841951103,392.5143641838962,383.9316826887412,389.2402648925781,151770800,0.0,0.0,0.0
2022-05-09,383.3355021930368,384.5751184962438,375.19754216123187,376.77783203125,155586100,0.0,0.0,0.0
2022-05-10,382.75827972149085,384.26285159656214,373.60782825671424,377.6484069824219,132497200,0.0,0.0,0.0
2022-05-11,376.6832006420824,382.3324561154293,370.9014529815829,371.6490173339844,142361000,0.0,0.0,0.0
2022-05-12,368.45061311196713,374.53514652082424,364.4573366484498,371.26104736328125,125090800,0.0,0.0,0.0
2022-05-13,375.39624432033366,381.5186365245012,374.35533743902573,380.1370849609375,104174400,0.0,0.0,0.0
2022-05-16,378.490650293456,382.2662739671219,376.2385137589928,378.5947265625,78622400,0.0,0.0,0.0
2022-05-17,384.68866921363724,386.6190757634291,380.9508763229202,386.38250732421875,83029700,0.0,0.0,0.0
2022-05-18,381.82146421765935,382.1053347959958,369.56720740842707,370.80682373046875,117674500,0.0,0.0,0.0
2022-05-19,367.7409305686508,372.96438058327726,366.31204784682575,368.5357971191406,98510700,0.0,0.0,0.0
2022-05-20,372.1222233178951,375.69913762149554,360.09508974226856,368.69671630859375,131432200,0.0,0.0,0.0
2022-05-23,371.72462544104593,376.36138893220135,369.40627257344516,375.59490966796875,76414900,0.0,0.0,0.0
2022-05-24,371.46925335188774,373.92009911254564,366.17011411463403,372.7278137207031,91448800,0.0,0.0,0.0
2022-05-25,371.2326096418207,377.98901729728556,370.83519088442847,376.020751953125,91472900,0.0,0.0,0.0
2022-05-26,377.25096753960395,385.1712741839689,377.04278616008014,383.5342102050781,82168300,0.0,0.0,0.0
2022-05-27,385.99452816985354,393.0631942254229,385.7958187685275,392.94964599609375,84768700,0.0,0.0,0.0
2022-05-31,391.33152767867176,394.08518796704755,388.0006542200998,390.7448425292969,95937000,0.0,0.0,0.0
2022-06-01,392.8644517588874,393.87694263717856,385.06713709140746,387.584228515625,86585800,0.0,0.0,0.0
2022-06-02,387.4233472328848,395.01245105424977,385.1712114606002,394.96514892578125,79609600,0.0,0.0,0.0
2022-06-03,390.2433012195324,391.79520408065434,387.5085850110212,388.4832458496094,71874300,0.0,0.0,0.0
2022-06-06,392.4954566785765,394.22712507510215,388.492707995611,389.6661071777344,57508900,0.0,0.0,0.0
2022-06-07,386.17435264332806,393.85809145966977,385.71065883338656,393.40386962890625,59272400,0.0,0.0,0.0
2022-06-08,391.69104143143073,393.479512475004,388.3317815558461,389.12664794921875,64350000,0.0,0.0,0.0
2022-06-09,387.34765697732666,389.61870798841755,379.8721008300781,379.8721008300781,86289800,0.0,0.0,0.0
2022-06-10,373.6646004739386,374.51624111312117,368.81021128921816,368.8575134277344,132893900,0.0,0.0,0.0
2022-06-13,359.4420637467876,361.2967520769685,353.2439538052529,354.8526306152344,170004900,0.0,0.0,0.0
2022-06-14,356.60323107069917,357.6346658846879,350.679548775885,353.7833251953125,104011800,0.0,0.0,0.0
2022-06-15,357.0858572117837,363.2744957746672,352.12739188091416,358.8270263671875,125666800,0.0,0.0,0.0
2022-06-16,350.6038951062925,351.0107858866292,344.51933296816924,346.9512634277344,134473300,0.0,0.0,0.0
2022-06-17,347.3665849634016,351.0444787331084,344.19238154711957,347.6991882324219,111113900,1.577,0.0,0.0
2022-06-21,353.4298843377524,357.83954577017596,353.35383919081494,356.4520263671875,76811900,0.0,0.0,0.0
2022-06-22,352.2229054186672,359.9208378596493,351.8047441204501,355.8057861328125,90059400,0.0,0.0,0.0
2022-06-23,357.94408234086904,360.02534683784137,354.3802275814878,359.2935791015625,79292100,0.0,0.0,0.0
2022-06-24,362.46781975387455,370.7264623574381,362.4393100729595,370.7169494628906,98050300,0.0,0.0,0.0
2022-06-27,371.63875334523215,371.9333630110348,368.2079631712672,369.3008728027344,66009600,0.0,0.0,0.0
2022-06-28,370.85948192125505,373.64403342980467,361.6409661729738,361.7550048828125,86548900,0.0,0.0,0.0
2022-06-29,362.3062847809654,363.29463974904866,359.63577158326706,361.46044921875,65676000,0.0,0.0,0.0
2022-06-30,357.56399038001507,361.7646008408261,354.0666671292307,358.52386474609375,112508300,0.0,0.0,0.0
2022-07-01,357.86802077080847,362.7528913914141,355.2450145074344,362.3157043457031,74839700,0.0,0.0,0.0
2022-07-05,357.221845993929,363.0190563072348,354.38975859425415,363.0000305175781,81438000,0.0,0.0,0.0
2022-07-06,363.14252639295074,366.715894004098,360.7571393570924,364.2259521484375,70426200,0.0,0.0,0.0
2022-07-07,366.0031064941069,370.4792996961626,364.2449324457464,369.6809997558594,64525900,0.0,0.0,0.0
2022-07-08,368.0463632374746,371.2491047720084,366.51629566106016,369.37689208984375,72397800,0.0,0.0,0.0
2022-07-11,366.696929365384,367.6662874925925,364.4635744126361,365.1573486328125,58366900,0.0,0.0,0.0
2022-07-12,364.60614303529803,366.99155941529256,360.17745545859367,361.9261169433594,62219200,0.0,0.0,0.0
2022-07-13,356.4805310045145,362.9620020597862,356.0623697104502,360.0253601074219,84224600,0.0,0.0,0.0
2022-07-14,355.06452096685234,360.2344894812079,352.6221141267699,359.1510925292969,89704800,0.0,0.0,0.0
2022-07-15,363.5607769406915,366.1267645686113,361.6505700647993,366.0127258300781,79060400,0.0,0.0,0.0
2022-07-18,369.1014183069745,369.776166877345,361.7646260826866,362.9906005859375,63203600,0.0,0.0,0.0
2022-07-19,366.9154789894388,373.3684403556091,366.2597563730755,372.7982177734375,78506000,0.0,0.0,0.0
2022-07-20,372.98834417392436,376.5902220427515,371.6198214217243,375.1741638183594,71843800,0.0,0.0,0.0
2022-07-21,374.5944510061109,379.04213537491796,372.1900378364041,378.99462890625,64903900,0.0,0.0,0.0
2022-07-22,379.1181101586879,380.3155455725048,373.25436867758987,375.47821044921875,72197300,0.0,0.0,0.0
2022-07-25,376.10550632547137,376.78976766133366,373.6915803624673,375.9344482421875,53631500,0.0,0.0,0.0
2022-07-26,374.29030390175836,374.4993845551237,370.59341339787153,371.48675537109375,52946400,0.0,0.0,0.0
2022-07-27,374.784438514411,382.8815347076384,374.4898288550795,381.13287353515625,82342100,0.0,0.0,0.0
2022-07-28,381.9407652653173,386.6070143182949,378.38639383024014,385.91326904296875,73966600,0.0,0.0,0.0
2022-07-29,387.3482705951752,392.52775161157655,386.5784802133014,391.53936767578125,87003700,0.0,0.0,0.0
2022-08-01,388.84033261494034,392.8888811641739,388.1275616169894,390.3799133300781,69997500,0.0,0.0,0.0
2022-08-02,388.81179345563703,392.49919977922883,386.62597416207234,387.8044128417969,63435400,0.0,0.0,0.0
2022-08-03,389.9332960683664,395.0462453718832,389.6481992309968,393.8773193359375,67820600,0.0,0.0,0.0
2022-08-04,393.8011998743411,394.48546115765066,391.96700956030446,393.61114501953125,45656600,0.0,0.0,0.0
2022-08-05,389.32504829644654,393.5921616324373,389.2680289335886,392.9459228515625,56814900,0.0,0.0,0.0
2022-08-08,394.63754145835884,396.88989316531894,391.387292955347,392.4897155761719,53886100,0.0,0.0,0.0
2022-08-09,391.75799267097744,392.26168307241494,389.85726979721653,390.9311828613281,44931800,0.0,0.0,0.0
2022-08-10,397.99225249322296,399.2847587751934,396.0345107890702,399.1421813964844,68665700,0.0,0.0,0.0
2022-08-11,401.993264927121,403.855993715763,398.40090083862776,399.1421813964844,59489700,0.0,0.0,0.0
2022-08-12,401.0810440036907,406.0039093837423,400.1306825479558,405.8993835449219,61694500,0.0,0.0,0.0
2022-08-15,403.6849557261061,408.0946460440883,403.6279363687809,407.5719299316406,54048300,0.0,0.0,0.0
2022-08-16,406.4980871972697,410.29953275176706,405.69027421639345,408.37030029296875,59289000,0.0,0.0,0.0
2022-08-17,404.7684215424708,408.18021543915523,403.4664310836019,405.4716796875,63563400,0.0,0.0,0.0
2022-08-18,405.67127686044,407.3344094071018,404.3787992026303,406.6501770019531,49023200,0.0,0.0,0.0
2022-08-19,403.88460030221233,404.1507003354797,400.31123213885485,401.1855773925781,68016900,0.0,0.0,0.0
2022-08-22,396.348136753099,396.5192238154388,391.928962863326,392.8318176269531,77695600,0.0,0.0,0.0
2022-08-23,392.40424849113856,394.79917797760174,391.33033538049193,391.8815612792969,49105200,0.0,0.0,0.0
2022-08-24,391.6533959625738,394.50447996842576,390.9691636437866,393.135986328125,49177800,0.0,0.0,0.0
2022-08-25,394.62800448902925,398.73357213624024,393.53509482903235,398.6860656738281,50942300,0.0,0.0,0.0
2022-08-26,398.5720838369905,399.11376779613755,385.13395963978553,385.19097900390625,103087000,0.0,0.0,0.0
2022-08-29,382.2353335276929,385.69463364222986,381.28497221012304,382.64398193359375,65370800,0.0,0.0,0.0
2022-08-30,383.80347284610536,384.0410632057968,376.3431297512481,378.44342041015625,85652400,0.0,0.0,0.0
2022-08-31,380.07805980425115,381.32303102305707,375.4308072476335,375.5638427734375,76029700,0.0,0.0,0.0
2022-09-01,373.38750446992157,377.0843952355188,370.6789686786316,376.7422790527344,78740100,0.0,0.0,0.0
2022-09-02,380.41065862148133,381.6271200488621,370.9545511254495,372.7697448730469,99632100,0.0,0.0,0.0
2022-09-06,373.61551062805364,374.5563589538971,369.1393174077795,371.3631591796875,76637400,0.0,0.0,0.0
2022-09-07,371.0496273293859,378.80458052107474,370.83106274975944,378.0347900390625,70964200,0.0,0.0,0.0
2022-09-08,375.7633824847431,380.9618311489722,374.5564050265275,380.50567626953125,80821700,0.0,0.0,0.0
2022-09-09,382.74855148359427,387.2817940480387,382.4824514443837,386.4169616699219,76706900,0.0,0.0,0.0
2022-09-12,388.4887743459273,391.29235238310486,388.1846517040693,390.570068359375,69256300,0.0,0.0,0.0
2022-09-13,381.8836405980916,383.090617922909,372.46558632358233,373.5870056152344,122947100,0.0,0.0,0.0
2022-09-14,374.8890826483059,376.5332183991337,371.70536598765534,375.01263427734375,85023700,0.0,0.0,0.0
2022-09-15,373.45402792521134,376.305112280204,369.48152401791003,370.7550048828125,87633800,0.0,0.0,0.0
2022-09-16,366.5715037074268,368.5849896074333,364.63431709955245,367.9265441894531,103084800,1.596,0.0,0.0
2022-09-19,364.77747715242447,370.77978515625,364.70111961719556,370.77978515625,73278500,0.0,0.0,0.0
2022-09-20,367.44935055441204,368.4608693228223,363.7659009113071,366.5237121582031,77274900,0.0,0.0,0.0
2022-09-21,368.45132204995605,371.50498233585387,360.1206054997159,360.1301574707031,106746600,0.0,0.0,0.0
2022-09-22,359.3571850053135,360.99852235439477,356.3608073472819,357.1051330566406,89472600,0.0,0.0,0.0
2022-09-23,353.63164165790215,353.66982042614035,346.67506820312684,351.1219482421875,122346900,0.0,0.0,0.0
2022-09-26,349.65230865281546,353.27850469382014,346.42688767980343,347.6483459472656,92581200,0.0,0.0,0.0
2022-09-27,351.1886701822386,353.4598260291323,344.3656797923764,346.7608947753906,108294100,0.0,0.0,0.0
2022-09-28,347.7152275322068,355.27299311416255,346.01663630256644,353.5839538574219,110802200,0.0,0.0,0.0
2022-09-29,350.0340115514208,350.32027945929735,343.249200037984,346.1978759765625,112952300,0.0,0.0,0.0
2022-09-30,345.25315265968237,349.17519794486384,340.7108699138818,340.8444519042969,153711200,0.0,0.0,0.0
2022-10-03,344.5660844856892,351.6944470852205,342.78161312339256,349.8431701660156,89756500,0.0,0.0,0.0
2022-10-04,355.3683901017397,360.7122815791371,349.8050362444443,360.68365478515625,103602800,0.0,0.0,0.0
2022-10-05,356.3131081925854,362.10547600581526,353.9846987017383,359.8438720703125,88065700,0.0,0.0,0.0
2022-10-06,358.44114174816866,361.3993701215644,355.6355993235401,356.1318359375,82333500,0.0,0.0,0.0
2022-10-07,352.09522785371945,356.21766045831674,344.43247955302377,346.1978759765625,107789500,0.0,0.0,0.0
2022-10-10,347.3143728510966,347.55293916401916,341.31206538570666,343.5545654296875,76042800,0.0,0.0,0.0
2022-10-11,341.85594728520135,346.4268856317471,339.441657555121,341.3788146972656,92482800,0.0,0.0,0.0
2022-10-12,341.7891284680159,343.36365998856354,340.00462834807956,340.25274658203125,76991800,0.0,0.0,0.0
2022-10-13,333.2389867095814,350.7020596679561,332.1892890254387,349.23248291015625,147254500,0.0,0.0,0.0
2022-10-14,351.6944557677686,353.32627035722425,340.6345247152281,341.2738952636719,123737000,0.0,0.0,0.0
2022-10-17,347.36209613161253,351.1505302643893,340.9398806417008,350.0435791015625,93168200,0.0,0.0,0.0
2022-10-18,357.97352458781444,358.27889645424324,350.71155095897484,354.1564636230469,97162900,0.0,0.0,0.0
2022-10-19,352.11424803139397,354.8434611910264,348.83157396180053,351.64666748046875,79746900,0.0,0.0,0.0
2022-10-20,351.19816783724735,355.6259716811576,347.9345685279982,348.697998046875,88283100,0.0,0.0,0.0
2022-10-21,348.4213409562037,357.65862205185954,346.91361459894165,357.1719665527344,131038400,0.0,0.0,0.0
2022-10-24,358.69881886172783,362.6780890904026,356.0459332134546,361.5425109863281,85436900,0.0,0.0,0.0
2022-10-25,361.4661752393635,367.63072116367647,361.35166805839594,367.3158264160156,78846300,0.0,0.0,0.0
2022-10-26,364.1667615739445,369.8541752707496,363.90912039678545,364.5484619140625,104087300,0.0,0.0,0.0
2022-10-27,365.55039117436706,367.3921160917615,361.9814193866082,362.6017150878906,81971800,0.0,0.0,0.0
2022-10-28,362.49669033266815,371.7053430142965,362.31537762818976,371.22821044921875,100302000,0.0,0.0,0.0
2022-10-31,368.7663054799875,370.6366574184391,367.6402793522776,368.54681396484375,96631300,0.0,0.0,0.0
2022-11-01,372.2970465066368,372.53561281137877,365.7603239323339,366.9340515136719,85407600,0.0,0.0,0.0
2022-11-02,366.34241671143474,370.85610174230845,357.62044763501416,357.72540283203125,126990400,0.0,0.0,0.0
2022-11-03,354.4809766440454,357.08613172387004,351.9235523083306,354.0420227050781,87100100,0.0,0.0,0.0
2022-11-04,359.75796183612107,361.5424330085425,353.07810578080847,359.1376953125,103505200,0.0,0.0,0.0
2022-11-07,360.43554599672575,363.1647599563083,358.3552545876023,362.5731201171875,68286900,0.0,0.0,0.0
2022-11-08,363.6800782301254,367.50669186220006,360.445133617555,364.5293884277344,84641100,0.0,0.0,0.0
2022-11-09,362.55401428993724,363.7086962893126,356.52305050737357,357.019287109375,78495500,0.0,0.0,0.0
2022-11-10,370.30264142200895,376.9729757332263,368.0028876550996,376.63897705078125,141455800,0.0,0.0,0.0
2022-11-11,377.4977734770305,381.08582000984256,375.60831786460767,380.28424072265625,93839900,0.0,0.0,0.0
2022-11-14,378.5188625471577,381.8778657875463,376.77254080840333,377.0492858886719,71903500,0.0,0.0,0.0
2022-11-15,382.8035471312726,383.910498454461,376.44813627609847,380.26519775390625,93194500,0.0,0.0,0.0
2022-11-16,378.63332609915625,379.58759125179506,376.73434776440064,377.3641662597656,68508500,0.0,0.0,0.0
2022-11-17,372.60244233222005,376.88711357872995,372.29709955126145,376.2095642089844,74496300,0.0,0.0,0.0
2022-11-18,379.54938768932215,379.6161932348881,375.0643592381177,377.9176025390625,92922500,0.0,0.0,0.0
2022-11-21,376.59134036592883,377.7173666351867,374.70188424489953,376.5436096191406,51243200,0.0,0.0,0.0
2022-11-22,378.4902502119182,381.77292517031464,377.077927085489,381.6106872558594,60429000,0.0,0.0,0.0
2022-11-23,381.2766761134872,384.5020973782574,381.0476617682043,384.01544189453125,68261600,0.0,0.0,0.0
2022-11-25,383.45240227506304,384.4830250793276,383.175686313319,383.9295349121094,30545400,0.0,0.0,0.0
2022-11-28,380.837748913633,382.4790864541177,377.0397623978261,377.8031921386719,67881600,0.0,0.0,0.0
2022-11-29,377.9368028939053,379.12963465297184,375.3125730239588,377.1543273925781,52310000,0.0,0.0,0.0
2022-11-30,377.4023553187591,389.03485107421875,375.48430196447526,389.03485107421875,144566700,0.0,0.0,0.0
2022-12-01,390.07497917155587,391.2487358630156,386.2388435135502,388.7485656738281,76398200,0.0,0.0,0.0
2022-12-02,383.8531997520255,389.20661386702676,383.7482445522166,388.3000793457031,85342700,0.0,0.0,0.0
2022-12-05,385.4754615098056,386.4106228219642,379.9598094992948,381.3148498535156,77289800,0.0,0.0,0.0
2022-12-06,381.15263615766594,381.6965452135378,373.72845373229296,375.8182678222656,77972200,0.0,0.0,0.0
2022-12-07,374.9689850432598,377.54551283524984,374.0433465972937,375.1789245605469,65927900,0.0,0.0,0.0
2022-12-08,377.06837354618364,379.1868143806111,375.2838731198775,378.1180419921875,60737900,0.0,0.0,0.0
2022-12-09,376.8775715745364,379.43499580414664,375.16942838990695,375.2934875488281,81447700,0.0,0.0,0.0
2022-12-12,376.0854626556509,380.7041320800781,375.41749445562255,380.7041320800781,75405800,0.0,0.0,0.0
2022-12-13,391.4586555975836,391.7162967072409,380.81860487443333,383.5859680175781,123782500,0.0,0.0,0.0
2022-12-14,383.24246302501166,386.95456892239247,378.18486871743545,381.133544921875,108111300,0.0,0.0,0.0
2022-12-15,376.2667969393166,377.1733606249857,370.1499819805847,371.8103942871094,117705900,0.0,0.0,0.0
2022-12-16,369.2517657317392,370.59386612148,365.2829810609633,367.4207458496094,119858000,1.781,0.0,0.0
2022-12-19,367.6124286419873,367.9479610000422,362.6370475272463,364.3050842285156,79878100,0.0,0.0,0.0
2022-12-20,363.5478242860952,366.42376617165866,362.224886337841,364.80364990234375,74427200,0.0,0.0,0.0
2022-12-21,367.40155201274337,371.38952801231983,366.86471190276114,370.2583312988281,78167400,0.0,0.0,0.0
2022-12-22,367.2097701866978,370.23909861779407,359.2721731477049,364.97613525390625,100120900,0.0,0.0,0.0
2022-12-23,363.950423157118,367.21941379519086,362.39741929068407,367.07562255859375,59857300,0.0,0.0,0.0
2022-12-27,366.9606467226907,367.30574574427226,363.9504798416653,365.62811279296875,51638200,0.0,0.0,0.0
2022-12-28,365.5609421925815,367.53578243852644,360.8540099500132,361.0840759277344,70911500,0.0,0.0,0.0
2022-12-29,363.93126597675223,368.45608223881914,363.40399242752494,367.5837097167969,66970900,0.0,0.0,0.0
2022-12-30,364.89946016973596,366.7592086998613,362.78082893352615,366.61541748046875,84022200,0.0,0.0,0.0
2023-01-03,368.47526883215227,370.450079987651,362.20570711462034,365.07208251953125,74850700,0.0,0.0,0.0
2023-01-04,367.3344711039099,369.92283055639075,364.28597966385496,367.8905029296875,85934100,0.0,0.0,0.0
2023-01-05,365.9348510599075,366.0498840558089,363.09726322382664,363.6916198730469,76970500,0.0,0.0,0.0
2023-01-06,366.78802795358683,373.153460042991,363.72037415912655,372.0318298339844,104189600,0.0,0.0,0.0
2023-01-09,374.2271061896771,377.4194177778674,371.6387762794701,371.8208923339844,73978100,0.0,0.0,0.0
2023-01-10,371.2361234986063,374.4955180862106,370.29663872249137,374.42840576171875,65358100,0.0,0.0,0.0
2023-01-11,376.0102256287862,379.2408622167289,375.19536960600243,379.1641540527344,68881100,0.0,0.0,0.0
2023-01-12,380.26656906102124,382.0112845993889,376.192318767827,380.5445556640625,90157700,0.0,0.0,0.0
2023-01-13,377.34276186889844,382.5961598321735,377.0743417835104,382.0209655761719,63903900,0.0,0.0,0.0
2023-01-17,382.00182771240605,383.67946066780075,380.64053552756593,381.3211669921875,62677300,0.0,0.0,0.0
2023-01-18,382.5098579883935,383.57394241937,375.0995040316948,375.3008117675781,99632300,0.0,0.0,0.0
2023-01-19,373.25892360264237,374.9077982389386,371.24578754272824,372.5687255859375,86958900,0.0,0.0,0.0
2023-01-20,373.9683274907241,379.6626949440639,372.31945292080763,379.5093078613281,91806400,0.0,0.0,0.0
2023-01-23,380.31458203818664,385.99935386476415,379.3559346776604,384.0628967285156,84178800,0.0,0.0,0.0
2023-01-24,382.385274229188,384.56139326464876,381.1965608316531,383.65069580078125,59524900,0.0,0.0,0.0
2023-01-25,379.57636134944494,384.12993543916394,377.2851805542504,383.7944030761719,84800300,0.0,0.0,0.0
2023-01-26,386.4594170054567,388.1754035366661,383.4876050912672,388.0124206542969,72287400,0.0,0.0,0.0
2023-01-27,386.967565239786,391.28147800741476,386.7566616675893,388.9040222167969,68346200,0.0,0.0,0.0
2023-01-30,386.14307720021804,388.37674154050546,383.72729680861056,384.02447509765625,74202000,0.0,0.0,0.0
2023-01-31,384.5421906397612,389.7188801347345,384.19706240377985,389.67095947265625,86811800,0.0,0.0,0.0
2023-02-01,388.4533914496531,396.5635671519253,385.7116747281049,393.8122253417969,101459200,0.0,0.0,0.0
2023-02-02,397.7043370179822,401.01168134124487,395.8062344112305,399.5449523925781,101654500,0.0,0.0,0.0
2023-02-03,394.56966692909316,399.7271944530263,394.090343244796,395.2982482910156,94736800,0.0,0.0,0.0
2023-02-06,392.8440604283562,394.2820312874674,391.2239442533102,392.88238525390625,60295300,0.0,0.0,0.0
2023-02-07,391.9620943439746,399.26698166926644,390.7158646278332,398.020751953125,90990700,0.0,0.0,0.0
2023-02-08,396.0459432619734,397.388043561494,392.97826035827575,393.6684875488281,76227500,0.0,0.0,0.0
2023-02-09,397.2730427680662,397.4264298512411,389.02866989488314,390.2557373046875,78694900,0.0,0.0,0.0
2023-02-10,389.0765695741987,391.54989593055205,388.26174279369724,391.16644287109375,70769700,0.0,0.0,0.0
2023-02-13,391.8183353582287,395.8925864844252,391.3581741107854,395.75836181640625,64913500,0.0,0.0,0.0
2023-02-14,394.2340728818384,397.8865164448738,391.61698469819703,395.5762023925781,88389300,0.0,0.0,0.0
2023-02-15,393.3809452879777,396.9375187591641,392.5373309404456,396.86083984375,61555700,0.0,0.0,0.0
2023-02-16,391.88540381719497,395.83502566820573,391.2622889776,391.396484375,76431500,0.0,0.0,0.0
2023-02-17,389.26825187668254,390.6583019195939,387.341361780578,390.41864013671875,89257800,0.0,0.0,0.0
2023-02-21,386.39234798566156,387.44686578378213,382.3276931153695,382.5865173339844,82655900,0.0,0.0,0.0
2023-02-22,382.9987818589444,384.54221931792307,380.6021634644275,382.059326171875,83742300,0.0,0.0,0.0
2023-02-23,384.95445162257573,385.5680000076678,379.86403621587823,384.0916748046875,96242400,0.0,0.0,0.0
2023-02-24,379.0683237378521,380.8226354035622,377.36193273433554,379.9886169433594,108194400,0.0,0.0,0.0
2023-02-27,383.3342350701894,384.69552690942936,380.34326061280535,381.2827453613281,80444700,0.0,0.0,0.0
2023-02-28,380.8034546692743,382.76866981415725,379.7680992642455,379.8735656738281,96438600,0.0,0.0,0.0
2023-03-01,379.05871889408525,380.285786224129,377.11266611466596,378.4164123535156,99706800,0.0,0.0,0.0
2023-03-02,376.4415712731506,382.20305024263513,376.1060389057773,381.35943603515625,85127800,0.0,0.0,0.0
2023-03-03,383.18086644105557,387.7248740903768,382.5289933624495,387.4756164550781,90120000,0.0,0.0,0.0
2023-03-06,388.30014328121297,390.60092059745676,387.30317098347945,387.744140625,72795900,0.0,0.0,0.0
2023-03-07,387.6960878154249,387.9357495995497,381.18686556703113,381.8003845214844,108310600,0.0,0.0,0.0
2023-03-08,381.9155020986243,383.18089426793244,380.18991944950625,382.423583984375,74746600,0.0,0.0,0.0
2023-03-09,383.2096475110798,384.8777136423342,374.3805144113086,375.367919921875,111945300,0.0,0.0,0.0
2023-03-10,374.82145290553643,376.9017301661393,368.42729257488133,369.9515380859375,189253000,0.0,0.0,0.0
2023-03-13,366.02116036617707,374.2463714168759,364.9091258748091,369.4243469238281,157790000,0.0,0.0,0.0
2023-03-14,374.3517067617082,377.1797275163049,371.0443624389147,375.5308532714844,149752400,0.0,0.0,0.0
2023-03-15,369.9324213189262,373.38352820078774,367.84254796683757,373.1822204589844,172996900,0.0,0.0,0.0
2023-03-16,370.82395451887174,380.0748950855989,370.31587262158683,379.7297668457031,143254200,0.0,0.0,0.0
2023-03-17,378.39793151645165,379.5334454433477,373.9039499902757,375.2896728515625,140553400,1.506,0.0,0.0
2023-03-20,376.06916402579844,379.31215983644114,375.3666994576997,378.8983459472656,93055800,0.0,0.0,0.0
2023-03-21,382.2663494662777,384.35456598955216,380.6689183022078,383.8734130859375,91524200,0.0,0.0,0.0
2023-03-22,383.70029405624626,387.318544760657,377.29133237000224,377.3298034667969,111746600,0.0,0.0,0.0
2023-03-23,380.1974338773298,384.239130397535,375.6361133164018,378.3498229980469,119351300,0.0,0.0,0.0
2023-03-24,377.06996076940004,380.9191845780308,374.7219318967555,380.83258056640625,107682400,0.0,0.0,0.0
2023-03-27,383.11321049277444,383.8830728135966,380.64970980063305,381.5446472167969,74010400,0.0,0.0,0.0
2023-03-28,380.85183851528325,381.54470001628135,378.850254938649,380.6882629394531,62871700,0.0,0.0,0.0
2023-03-29,384.8549788100607,386.4620425314962,383.65209647484517,386.2214660644531,77497900,0.0,0.0,0.0
2023-03-30,388.85822473969705,389.1084336951085,386.61606470017716,388.4829406738281,69840000,0.0,0.0,0.0
2023-03-31,389.4067476454537,394.25677808538353,389.3008787149844,393.9584655761719,112062600,0.0,0.0,0.0
2023-04-03,393.4388376840606,395.86383837799394,393.0442886762133,395.4596862792969,67391100,0.0,0.0,0.0
2023-04-04,396.1043180036167,396.39302737074536,391.8894138018298,393.2655334472656,66601500,0.0,0.0,0.0
2023-04-05,392.53427444783404,393.2945044696635,390.58079429091845,392.2359619140625,65200200,0.0,0.0,0.0
2023-04-06,391.43719778873736,394.0450681714436,390.38828778154027,393.7659912109375,63743300,0.0,0.0,0.0
2023-04-10,391.28315699096,394.24707537446494,390.6672965345812,394.1700744628906,63681000,0.0,0.0,0.0
2023-04-11,394.7956849780574,395.6809900883233,393.50619840980073,394.2760314941406,59297900,0.0,0.0,0.0
2023-04-12,396.34496122221753,396.6336706379783,392.08195275810823,392.6689453125,86420400,0.0,0.0,0.0
2023-04-13,393.75634279356007,398.2406920585318,392.6111963601302,397.8846435546875,85814800,0.0,0.0,0.0
2023-04-14,397.2495021524552,399.44355846247794,394.6031608879993,396.9126892089844,78161500,0.0,0.0,0.0
2023-04-17,396.8260867230395,398.35614960865223,395.59433632263926,398.3369140625,66436400,0.0,0.0,0.0
2023-04-18,399.9150645614992,400.04980148093387,397.220619845255,398.5967102050781,63560000,0.0,0.0,0.0
2023-04-19,396.6817177607652,399.43389838923747,396.62398175927586,398.52935791015625,55227300,0.0,0.0,0.0
2023-04-20,395.70985629299514,398.10601828904817,394.8052862710272,396.3546142578125,75840400,0.0,0.0,0.0
2023-04-21,396.6528736469394,397.1243941432459,394.7090262895011,396.6625061035156,73457400,0.0,0.0,0.0
2023-04-24,396.4604040641478,397.4997108968018,395.1228141148149,397.0762939453125,64332100,0.0,0.0,0.0
2023-04-25,395.103539346267,395.661693208056,390.7154268377835,390.7731628417969,97766700,0.0,0.0,0.0
2023-04-26,391.3890687387205,392.46684668077467,388.55988695720504,389.1180114746094,80447000,0.0,0.0,0.0
2023-04-27,391.65851488224934,397.1340379925136,391.4083059420538,396.8645935058594,92968400,0.0,0.0,0.0
2023-04-28,395.97928167060974,400.26155506482286,395.92154566069996,400.2519226074219,89433100,0.0,0.0,0.0
2023-05-01,399.8092473425676,401.8781992260224,399.61677440898023,399.8477478027344,62122300,0.0,0.0,0.0
2023-05-02,399.1356149746384,399.1837478908785,392.4476064659251,395.353759765625,103998500,0.0,0.0,0.0
2023-05-03,395.8541741351487,398.26957154429016,392.3994991884123,392.64007568359375,91531800,0.0,0.0,0.0
2023-05-04,391.59114772802405,391.91832822239473,388.5213894409254,389.8590087890625,94901900,0.0,0.0,0.0
2023-05-05,393.4965147709688,398.12520386737816,393.23670274642825,397.0762939453125,87891800,0.0,0.0,0.0
2023-05-08,397.4035003706773,397.6633124121759,395.7772009206819,397.1821594238281,50046800,0.0,0.0,0.0
2023-05-09,395.6329331824825,396.55673886606655,395.2095161259954,395.4404602050781,49220100,0.0,0.0,0.0
2023-05-10,398.27919887504333,398.914324338217,393.4580365761441,397.28802490234375,96142900,0.0,0.0,0.0
2023-05-11,396.4220067951342,396.8838949247763,394.5166301586064,396.59521484375,70157100,0.0,0.0,0.0
2023-05-12,397.8365368137777,398.0482452964263,393.65050007841785,396.07550048828125,70481500,0.0,0.0,0.0
2023-05-15,396.68175616777665,397.8461381335402,394.7667767427343,397.4419860839844,54289400,0.0,0.0,0.0
2023-05-16,396.3353092048242,397.2591440489676,394.7763782852964,394.7860107421875,57705500,0.0,0.0,0.0
2023-05-17,396.80689259108277,400.1845667461961,395.1613575223225,399.5783386230469,87287000,0.0,0.0,0.0
2023-05-18,399.26068947715396,403.8509071558303,399.0393779276958,403.427490234375,97177200,0.0,0.0,0.0
2023-05-19,404.3321069908471,404.86136352045077,401.6183971431854,402.84051513671875,103793300,0.0,0.0,0.0
2023-05-22,402.85981035962357,404.54384591155565,401.61842735851235,403.004150390625,60745400,0.0,0.0,0.0
2023-05-23,401.35854756315524,402.9367433972177,398.08671324851565,398.48126220703125,86383500,0.0,0.0,0.0
2023-05-24,396.8742437459542,397.25916026310097,394.42997834283796,395.5943603515625,89213700,0.0,0.0,0.0
2023-05-25,399.10674560980397,400.4732329300767,396.86458575045214,399.0201416015625,90961600,0.0,0.0,0.0
2023-05-26,399.67452677861917,404.90947362025605,399.59755522238083,404.187744140625,93830000,0.0,0.0,0.0
2023-05-30,406.12194654378385,406.65120302721357,402.95595199772293,404.3416748046875,72216000,0.0,0.0,0.0
2023-05-31,402.513393949465,403.41796403198254,400.5310457347356,402.099609375,110811800,0.0,0.0,0.0
2023-06-01,402.3304796935779,406.9784337458306,401.0794937409788,405.9198913574219,88865000,0.0,0.0,0.0
2023-06-02,408.4989090066005,412.5790771690053,407.96965243794403,411.7900085449219,91426200,0.0,0.0,0.0
2023-06-05,412.1363990044285,413.4258854781173,410.29839108056865,411.0008850097656,65460200,0.0,0.0,0.0
2023-06-06,410.58715183892133,412.42513062538865,409.932761379412,411.8958740234375,64022200,0.0,0.0,0.0
2023-06-07,412.2902685044504,413.4257822154926,410.0480797122799,410.47149658203125,85373300,0.0,0.0,0.0
2023-06-08,410.5390091154699,413.4066917639222,409.76917600968767,412.95440673828125,61952800,0.0,0.0,0.0
2023-06-09,413.7530790281272,415.7065590310339,412.70416901348756,413.6953430175781,85742800,0.0,0.0,0.0
2023-06-12,414.6769171108834,417.5253346663892,413.9551876062376,417.4483337402344,76104300,0.0,0.0,0.0
2023-06-13,418.91104452208407,420.84525956412307,418.2470510492617,420.2005310058594,95899700,0.0,0.0,0.0
2023-06-14,420.5372911495027,422.5100064056292,417.246192203358,420.70086669921875,100612100,0.0,0.0,0.0
2023-06-15,419.88297886631347,427.1676425913594,419.78677175671936,425.9166564941406,110303100,0.0,0.0,0.0
2023-06-16,427.9043831698667,428.4742491472454,423.99257880127806,424.4658508300781,114165800,1.638,0.0,0.0
2023-06-20,422.5243868914883,423.4129803403792,420.18694338642626,422.2635803222656,76160400,0.0,0.0,0.0
2023-06-21,421.2784425280354,422.0801103736596,419.51086470582334,420.1000671386719,76982300,0.0,0.0,0.0
2023-06-22,419.14389467353715,421.722779347334,418.80583057108225,421.6165466308594,70637200,0.0,0.0,0.0
2023-06-23,418.1586622892244,420.2159925909701,417.71436548656794,418.4291076660156,92074500,0.0,0.0,0.0
2023-06-26,417.8592449307871,419.7813378209466,416.4780427984246,416.7195129394531,72823600,0.0,0.0,0.0
2023-06-27,417.59850632056305,421.90632578060763,417.14454123449,421.2881774902344,72813700,0.0,0.0,0.0
2023-06-28,420.2063045276252,422.5147730975973,419.58815632826764,421.5006103515625,75636000,0.0,0.0,0.0
2023-06-29,421.08528892018165,423.3261389375307,420.67963558379535,423.16192626953125,67882300,0.0,0.0,0.0
2023-06-30,426.3782705598957,429.1406745135059,426.05951350289007,428.1554870605469,104964000,0.0,0.0,0.0
2023-07-03,427.8078818876575,428.92827753238817,427.5277682383053,428.648193359375,32793400,0.0,0.0,0.0
2023-07-05,426.8322751907773,428.7447292814146,426.8226069528998,428.0106506347656,58418400,0.0,0.0,0.0
2023-07-06,424.4272862122754,425.0840779768898,422.14779256121534,424.6590881347656,80658300,0.0,0.0,0.0
2023-07-07,423.66417049204466,427.5373607483118,423.3454134187473,423.5868835449219,86134200,0.0,0.0,0.0
2023-07-10,423.2295741679538,424.8329395766333,422.65970812427327,424.6590881347656,62443500,0.0,0.0,0.0
2023-07-11,425.422125413234,427.85613393293494,424.4465765671181,427.363525390625,64463800,0.0,0.0,0.0
2023-07-12,431.15943303446664,432.2122392972248,429.729919208418,430.8020324707031,91924500,0.0,0.0,0.0
2023-07-13,432.61782640087955,435.01322041064935,432.1831979055365,434.22119140625,72425200,0.0,0.0,0.0
2023-07-14,435.1099046958951,435.9598548665001,433.18778225181745,433.9508361816406,69815800,0.0,0.0,0.0
2023-07-17,433.80596349270843,436.5104174127122,433.7576517763609,435.4576110839844,52680200,0.0,0.0,0.0
2023-07-18,435.12913614001786,439.3403606896483,434.6944781535629,438.6932373046875,80668200,0.0,0.0,0.0
2023-07-19,439.48533409064345,440.8568680135883,438.61601798371265,439.6688537597656,65891700,0.0,0.0,0.0
2023-07-20,438.6740145693688,439.57227647249636,436.0371498627965,436.75189208984375,70591600,0.0,0.0,0.0
2023-07-21,438.4711584160143,438.6740145693688,436.742253327544,436.75189208984375,71275600,0.0,0.0,0.0
2023-07-24,437.9011836363661,439.5142168422899,436.86768455433304,438.702880859375,54023400,0.0,0.0,0.0
2023-07-25,438.4324765430136,441.156237070321,438.3841648336445,439.9006042480469,55191200,0.0,0.0,0.0
2023-07-26,438.96370723872633,441.39771546076753,437.91090104233945,439.9682312011719,71052900,0.0,0.0,0.0
2023-07-27,443.3584372254405,443.764119987392,436.1433090250335,437.0512390136719,92194400,0.0,0.0,0.0
2023-07-28,440.3256456163928,442.1608128318353,437.0512962860115,441.3301696777344,80011800,0.0,0.0,0.0
2023-07-31,441.80343186125066,442.52784228350436,440.48981896786944,442.17047119140625,62040400,0.0,0.0,0.0
2023-08-01,440.70232573811046,441.64889932682564,439.94894005773267,440.9051818847656,55291500,0.0,0.0,0.0
2023-08-02,437.7853934206833,438.0461705780349,434.01846487725106,434.7718505859375,93933400,0.0,0.0,0.0
2023-08-03,432.75309476673715,435.40926606374575,432.10594188115226,433.5257873535156,64276100,0.0,0.0,0.0
2023-08-04,435.3416597654818,437.44727217935485,431.0434797536367,431.5650634765625,100128900,0.0,0.0,0.0
2023-08-07,433.40023969323573,435.4865451527169,432.7048045400754,435.3320007324219,58357500,0.0,0.0,0.0
2023-08-08,432.7917508600607,435.32238270202885,430.07762882885913,433.43890380859375,71361300,0.0,0.0,0.0
2023-08-09,433.7093468244431,433.87355948928627,429.77820586959297,430.541259765625,78789600,0.0,0.0,0.0
2023-08-10,432.89797658868093,436.2882265207825,429.52706313111736,430.6957702636719,93005500,0.0,0.0,0.0
2023-08-11,428.82196893936987,431.4588333292262,428.22312774254544,430.44464111328125,68690900,0.0,0.0,0.0
2023-08-14,429.52711285274876,432.82073974609375,429.21802398769285,432.82073974609375,47867400,0.0,0.0,0.0
2023-08-15,431.0435212704258,431.40092184966306,427.2089741403311,427.77886962890625,75707500,0.0,0.0,0.0
2023-08-16,427.3635314579317,429.02484730566357,424.5335083117714,424.6397705078125,80107200,0.0,0.0,0.0
2023-08-17,426.10779393766114,426.3685710299817,420.8823775206695,421.4039611816406,95711300,0.0,0.0,0.0
2023-08-18,418.5836616313642,422.6403718520157,418.23595877170976,421.60687255859375,98852000,0.0,0.0,0.0
2023-08-21,422.6210106803204,425.09366245894176,420.4671159807588,424.3499450683594,68719000,0.0,0.0,0.0
2023-08-22,426.12711698432133,426.12711698432133,422.6403028137897,423.20050048828125,64994200,0.0,0.0,0.0
2023-08-23,424.263004912033,428.53220964419495,424.1181287339091,427.9140319824219,68441000,0.0,0.0,0.0
2023-08-24,429.51743829068363,430.0293538199984,421.95457682823127,421.98358154296875,88517300,0.0,0.0,0.0
2023-08-25,423.71247141677657,426.24307373449807,420.1580380770201,424.9584655761719,102325100,0.0,0.0,0.0
2023-08-28,427.15101303461915,428.27143803085545,424.95847475635645,427.6532897949219,61595400,0.0,0.0,0.0
2023-08-29,427.54703833096477,434.1150440450923,427.3635186603017,433.8349304199219,83081900,0.0,0.0,0.0
2023-08-30,434.17297483140425,436.25928035352985,433.4678714194492,435.6217956542969,69053900,0.0,0.0,0.0
2023-08-31,436.2399775018421,437.3797095627112,434.8008248059368,434.9843444824219,66084600,0.0,0.0,0.0
2023-09-01,437.7081390777522,438.19107939386777,434.3371956273561,435.7956848144531,58944100,0.0,0.0,0.0
2023-09-05,435.35138309753785,435.6701107330132,433.8446116862524,433.9122009277344,55166200,0.0,0.0,0.0
2023-09-06,433.1007905422567,433.2070527201014,428.66740278671307,430.99517822265625,70758500,0.0,0.0,0.0
2023-09-07,427.99131435968866,430.34806524877047,427.6436115119561,429.6719665527344,70355400,0.0,0.0,0.0
2023-09-08,429.7202810475146,431.8548689598933,429.36290993507305,430.3191223144531,61659700,0.0,0.0,0.0
2023-09-11,432.94628326819304,433.4581987746905,431.23668532604137,433.1491394042969,60180100,0.0,0.0,0.0
2023-09-12,431.7003378706483,433.2264162204621,430.1935665209915,430.7730712890625,67565400,0.0,0.0,0.0
2023-09-13,430.99521597971284,432.4343685526933,429.8940980148542,431.27532958984375,60199300,0.0,0.0,0.0
2023-09-14,433.74799281245487,435.6893927060478,432.4440481531944,434.99395751953125,83430800,0.0,0.0,0.0
2023-09-15,433.4072234999764,433.73677769771734,429.31682909931095,429.75299072265625,111848900,1.583,0.0,0.0
2023-09-18,429.4428625408151,431.30390776198857,428.9679210789831,430.00506591796875,55752200,0.0,0.0,0.0
2023-09-19,429.0841732913192,429.675454034148,426.42833506959016,429.1132507324219,66514600,0.0,0.0,0.0
2023-09-20,430.3733429544115,430.7901294710478,424.96470225740006,425.16827392578125,82562600,0.0,0.0,0.0
2023-09-21,422.31858757052555,422.5802845540439,417.98587113932,418.1409606933594,104095800,0.0,0.0,0.0
2023-09-22,419.1684584213661,420.7677771367577,416.78398949119213,417.2008056640625,100829700,0.0,0.0,0.0
2023-09-25,415.9891824335371,418.9939504024325,415.5529911707951,418.9552001953125,70874500,0.0,0.0,0.0
2023-09-26,415.91157553365485,416.6191660672769,411.96656825523684,412.8001708984375,96168400,0.0,0.0,0.0
2023-09-27,413.9730331962355,414.5352365633177,409.320464597115,412.9649658203125,104705800,0.0,0.0,0.0
2023-09-28,412.4124874162186,417.0359784928409,411.8212066146307,415.3591003417969,92258300,0.0,0.0,0.0
2023-09-29,418.4123608156291,418.5868254716406,412.8292551807975,414.3510437011719,115111300,0.0,0.0,0.0
2023-10-02,413.51743802249865,415.436637965525,411.4237734247356,414.1862487792969,83798600,0.0,0.0,0.0
2023-10-03,412.00536625897985,414.2444181473067,407.27523825202337,408.6419372558594,103760600,0.0,0.0,0.0
2023-10-04,409.107224446792,412.3640165843667,407.64359070503724,411.61767578125,87453000,0.0,0.0,0.0
2023-10-05,411.32680997189277,412.3057997665852,408.2348102060782,411.4625244140625,70142700,0.0,0.0,0.0
2023-10-06,409.0102345616155,417.88891132912596,407.6823154616602,416.3477478027344,113273300,0.0,0.0,0.0
2023-10-09,414.44791001251434,419.5851511856649,413.89543865350254,419.0132751464844,80374400,0.0,0.0,0.0
2023-10-10,419.643378299873,423.7919280682824,419.2459668319729,421.1942443847656,78607300,0.0,0.0,0.0
2023-10-11,422.2604472219357,423.1715503152822,419.8759785243393,422.9195556640625,62451700,0.0,0.0,0.0
2023-10-12,423.5301811699864,423.9081879098467,417.9858555363506,420.3412170410156,81154200,0.0,0.0,0.0
2023-10-13,421.8436069564154,423.0455435777595,416.67731756779995,418.24755859375,95143100,0.0,0.0,0.0
2023-10-16,420.49634324027045,423.7143850912576,420.25402134631616,422.6481628417969,75433200,0.0,0.0,0.0
2023-10-17,419.51728827351457,424.68360681651455,419.16835899887315,422.6286926269531,75324700,0.0,0.0,0.0
2023-10-18,420.85496751569167,421.81455273319096,415.91159504982164,416.9971923828125,93559800,0.0,0.0,0.0
2023-10-19,417.714450283055,419.5270131332278,412.65476846702256,413.333251953125,121323000,0.0,0.0,0.0
2023-10-20,412.89713777676974,413.4399364601398,408.1476049268172,408.2542419433594,123919900,0.0,0.0,0.0
2023-10-23,406.72273053416484,411.4141082592817,404.9683224528733,407.546630859375,92035100,0.0,0.0,0.0
2023-10-24,409.6693198625217,411.7726865675268,407.81797735100866,410.6192321777344,78564200,0.0,0.0,0.0
2023-10-25,408.9327472697519,408.9618247136512,404.21229195450024,404.72601318359375,94223200,0.0,0.0,0.0
2023-10-26,403.6598536533469,404.5128019378402,398.9588026350324,399.8796081542969,115156800,0.0,0.0,0.0
2023-10-27,401.46916391920945,401.8665753160578,396.642101857825,398.06695556640625,107367700,0.0,0.0,0.0
2023-10-30,400.85854988329856,403.88272225418063,399.5597081383843,402.8262023925781,86562700,0.0,0.0,0.0
2023-10-31,403.39806888205027,405.67590044700427,401.48857130380884,405.3560485839844,79665200,0.0,0.0,0.0
2023-11-01,406.32535052662286,410.4932751362608,405.7922246289102,409.6790771484375,98068100,0.0,0.0,0.0
2023-11-02,413.4786596174057,417.68539350879695,413.4592845158063,417.5303039550781,94938900,0.0,0.0,0.0
2023-11-03,419.8372157670484,422.8904655764815,419.71120365505175,421.339599609375,100167800,0.0,0.0,0.0
2023-11-06,422.0956544795997,422.75476292041225,420.36062146659094,422.30889892578125,67831700,0.0,0.0,0.0
2023-11-07,422.30892655420246,424.15056712063193,421.1651742590875,423.5108337402344,64256100,0.0,0.0,0.0
2023-11-08,424.11175832141294,424.6351818841711,421.5140747704494,423.82098388671875,61746000,0.0,0.0,0.0
2023-11-09,424.9647429571584,425.0035227425126,420.08922765476564,420.5157165527344,83174400,0.0,0.0,0.0
2023-11-10,422.58998243152627,427.38793789386506,420.5059906051338,427.0777587890625,89462200,0.0,0.0,0.0
2023-11-13,425.7401770580696,427.7756572288507,424.9550565166978,426.6706848144531,52236100,0.0,0.0,0.0
2023-11-14,432.61237797424354,436.2375035396276,432.38943121379657,434.9483642578125,97176900,0.0,0.0,0.0
2023-11-15,436.2860492849091,437.51706352995177,435.01628483174915,435.8692626953125,77327600,0.0,0.0,0.0
2023-11-16,435.42335386000235,436.72219562577186,434.3571316402488,436.40234375,66665800,0.0,0.0,0.0
2023-11-17,436.41200351038174,437.55578526494025,435.4911981146269,436.94512939453125,83133200,0.0,0.0,0.0
2023-11-20,436.69317062740305,441.15189980346776,436.683468285051,440.3086242675781,69936200,0.0,0.0,0.0
2023-11-21,439.2617056622207,440.1825406267048,438.0791737195552,439.34893798828125,49244600,0.0,0.0,0.0
2023-11-22,441.00650736003314,442.3635041592452,439.94998736706395,441.0452575683594,59394900,0.0,0.0,0.0
2023-11-24,441.0937026627971,441.51048921964684,440.7641484378246,441.3166198730469,29737400,0.0,0.0,0.0
2023-11-27,440.6866129172609,441.5008109728584,440.13411187157703,440.5218505859375,50506000,0.0,0.0,0.0
2023-11-28,440.13404650216097,442.2567884526749,439.5718727783306,440.95794677734375,62115000,0.0,0.0,0.0
2023-11-29,443.10979527762873,444.2438747206066,440.2504147680835,440.6477966308594,63146000,0.0,0.0,0.0
2023-11-30,441.4910541020233,442.7317408428034,439.41676478055234,442.3827819824219,79752700,0.0,0.0,0.0
2023-12-01,441.7722250179134,445.53306586193185,441.1809737453773,444.9999694824219,89183400,0.0,0.0,0.0
2023-12-04,441.60742053346644,445.01930211338146,440.3861087358581,442.6639404296875,72430900,0.0,0.0,0.0
2023-12-05,441.2779097935265,443.5363370271983,440.8998734073744,442.5767517089844,69793500,0.0,0.0,0.0
2023-12-06,444.718815610949,444.7478930540511,440.35702166378525,440.793212890625,69124700,0.0,0.0,0.0
2023-12-07,442.8771496276889,444.8060222628319,442.27619611806483,444.1566162109375,66995400,0.0,0.0,0.0
2023-12-08,443.4102636541943,446.5992278993257,443.16794177253433,446.0661315917969,83194400,0.0,0.0,0.0
2023-12-11,445.57182828523526,447.97567223110514,445.3585838256798,447.8011779785156,65002200,0.0,0.0,0.0
2023-12-12,447.45223299144266,449.94330918636626,446.45386796122364,449.84637451171875,68327600,0.0,0.0,0.0
2023-12-13,450.2243768877482,456.3018289230582,449.8657452173365,456.0498046875,93278000,0.0,0.0,0.0
2023-12-14,457.98839971929596,459.18063413890565,454.83821495932193,457.5134582519531,119026000,0.0,0.0,0.0
2023-12-15,456.9158196636758,458.0934340813363,454.9109942306135,456.7601013183594,141553700,1.906,0.0,0.0
2023-12-18,458.3659919459903,460.3124269591709,457.30518842783584,459.3294677734375,70375300,0.0,0.0,0.0
2023-12-19,459.8744287176748,462.2004326198957,459.79658439176796,462.12255859375,55761800,0.0,0.0,0.0
2023-12-20,461.26613266046417,463.15417688283,455.2905929826461,455.71881103515625,102921000,0.0,0.0,0.0
2023-12-21,458.7065536605437,460.31238616429494,456.28325178797456,460.0398864746094,86667500,0.0,0.0,0.0
2023-12-22,461.1687838422537,462.6480933014032,459.06666039020405,460.96441650390625,67160400,0.0,0.0,0.0
2023-12-26,461.37315728833744,463.8159126462135,461.29528326802847,462.91082763671875,55387000,0.0,0.0,0.0
2023-12-27,462.70645305578125,463.89377939487036,462.1711954005529,463.747802734375,68000300,0.0,0.0,0.0
2023-12-28,464.1079178321579,464.75995685713684,463.5045277970175,463.9230041503906,77158100,0.0,0.0,0.0
2023-12-29,463.72837604213146,464.2539217843669,460.62380998189565,462.5799865722656,122283100,0.0,0.0,0.0
2024-01-02,459.5143439023402,460.9839117212058,457.8890577311239,459.9912109375,123623700,0.0,0.0,0.0
2024-01-03,457.83068032303305,458.570335093064,455.6312290704376,456.234619140625,103585900,0.0,0.0,0.0
2024-01-04,455.75765509650716,458.346416709132,454.5411334571291,454.7649841308594,84232200,0.0,0.0,0.0
2024-01-05,454.9693418930569,457.8403447817746,453.93773394055324,455.3878479003906,86118900,0.0,0.0,0.0
2024-01-08,455.884242835596,462.0349842457667,455.7577198150965,461.8890075683594,74879100,0.0,0.0,0.0
2024-01-09,459.23211686361327,462.2101599071882,458.72605447786003,461.18829345703125,65931400,0.0,0.0,0.0
2024-01-10,461.4607928330298,464.66268658164086,461.1785514545196,463.7965087890625,67310600,0.0,0.0,0.0
2024-01-11,464.7989126874992,465.3147167416708,459.6116768106503,463.5921325683594,77940700,0.0,0.0,0.0
2024-01-12,465.04220480544996,465.7818595429952,462.502121615046,463.91326904296875,58026400,0.0,0.0,0.0
2024-01-16,462.53132242501596,463.8451421871986,460.39023221216354,462.21014404296875,85014900,0.0,0.0,0.0
2024-01-17,459.18345575970955,460.1274778564824,457.28566988777015,459.640869140625,68843900,0.0,0.0,0.0
2024-01-18,461.31477246365523,464.2830735453687,459.7673604180853,463.72833251953125,91856200,0.0,0.0,0.0
2024-01-19,464.85726900395974,469.7914881784232,463.7770119836413,469.5092468261719,110834500,0.0,0.0,0.0
2024-01-22,471.0469830334159,472.22456782073624,469.8499148891261,470.5019836425781,75844900,0.0,0.0,0.0
2024-01-23,471.04702592072977,472.1175414429029,469.9570270398133,471.8742370605469,49945300,0.0,0.0,0.0
2024-01-24,474.745184157241,475.6794645582401,471.8936642634199,472.3900146484375,81765000,0.0,0.0,0.0
2024-01-25,474.52136032734217,475.23181977158964,472.39004139507995,474.9593200683594,72525000,0.0,0.0,0.0
2024-01-26,474.5310374710035,476.02005880762255,473.50917114792156,474.3558654785156,76641600,0.0,0.0,0.0
2024-01-29,474.66734997690736,478.2585246858996,474.12235058965683,478.1125183105469,61322800,0.0,0.0,0.0
2024-01-30,477.421527922976,478.4531359964777,476.983568210537,477.7427062988281,58618400,0.0,0.0,0.0
2024-01-31,475.5334627445424,475.98113441506774,469.92772123444905,469.94720458984375,126011100,0.0,0.0,0.0
2024-02-01,471.65041126837735,476.12721779851535,470.84262409498666,476.0980224609375,91891600,0.0,0.0,0.0
2024-02-02,476.53591254829524,482.7644982110768,476.1952805049677,481.11004638671875,99228200,0.0,0.0,0.0
2024-02-05,480.47743909484853,481.13921979443177,477.10037355108614,479.35821533203125,75757100,0.0,0.0,0.0
2024-02-06,480.3022375794468,481.0808293147646,478.871606822303,480.74993896484375,55918600,0.0,0.0,0.0
2024-02-07,482.9980918458816,485.17808940845316,482.0929770540646,484.7596130371094,70556500,0.0,0.0,0.0
2024-02-08,484.7595848352,485.3532331832338,483.94208579679537,484.97369384765625,52343600,0.0,0.0,0.0
2024-02-09,485.47977226451565,488.2145108276318,485.13914022884614,487.7765808105469,63979400,0.0,0.0,0.0
2024-02-12,487.747352637465,490.0149359961155,486.84223792928447,487.56243896484375,56502300,0.0,0.0,0.0
2024-02-13,481.28521924942925,483.776653518952,477.5772631803255,480.8472595214844,113099200,0.0,0.0,0.0
2024-02-14,483.48465429025185,485.7035886541278,481.158650574048,485.21697998046875,68387800,0.0,0.0,0.0
2024-02-15,485.91772783399097,488.74979405458623,485.4408311080291,488.56488037109375,61683000,0.0,0.0,0.0
2024-02-16,488.2632150838705,489.401862888149,485.3922116760664,486.1318664550781,75532900,0.0,0.0,0.0
2024-02-20,484.3898163747004,485.06133882722617,481.20740583464766,483.4555358886719,71736700,0.0,0.0,0.0
2024-02-21,482.15139479243277,484.0491509708409,480.3411949189208,483.8934326171875,59293400,0.0,0.0,0.0
2024-02-22,490.51131764803023,494.87131264849836,489.54781221335594,493.9078369140625,76402500,0.0,0.0,0.0
2024-02-23,495.63045683227716,496.46743931170954,493.5185915264853,494.2485046386719,61321800,0.0,0.0,0.0
2024-02-26,494.6863621015271,495.12432178467435,492.311709415622,492.438232421875,50386700,0.0,0.0,0.0
2024-02-27,493.1292673855463,493.57693907250416,491.23148157958644,493.35308837890625,48854500,0.0,0.0,0.0
2024-02-28,491.7959045901359,493.28492593001334,491.435818926933,492.7010192871094,56506600,0.0,0.0,0.0
2024-02-29,494.46257806109645,496.0878345083775,491.815425510208,494.4722900390625,83924800,0.0,0.0,0.0
2024-03-01,495.3481852022985,499.5427199698066,494.93942084083443,499.114501953125,76844800,0.0,0.0,0.0
2024-03-04,498.3165563504212,500.4284215717115,498.2873313148722,498.57928466796875,49799300,0.0,0.0,0.0
2024-03-05,496.5744479650044,497.0221493633574,491.38721217314117,493.5964050292969,72855600,0.0,0.0,0.0
2024-03-06,496.8761267293977,498.3554361707815,494.8031986362925,496.0975646972656,68382400,0.0,0.0,0.0
2024-03-07,499.39677730974256,502.0731250869525,496.15594682375195,501.02203369140625,58652100,0.0,0.0,0.0
2024-03-08,501.6546542384204,504.34068432238394,497.4406063327474,498.0148010253906,86532500,0.0,0.0,0.0
2024-03-11,496.8080468189585,498.17054528765857,494.88106560592894,497.58660888671875,62557200,0.0,0.0,0.0
2024-03-12,499.6984700657358,503.5232071984046,497.17781094345105,502.9393005371094,73114400,0.0,0.0,0.0
2024-03-13,503.2604525888654,503.43562459877114,500.7106276661075,502.1509704589844,55104100,0.0,0.0,0.0
2024-03-14,503.1241533654222,503.27990140830235,498.1121195690471,501.1582946777344,110171800,0.0,0.0,0.0
2024-03-15,498.08804798108406,499.54266772632866,496.0477073102581,497.7170715332031,107646300,1.595,0.0,0.0
2024-03-18,501.78800868482955,503.23282668542583,500.26507469946,500.6750793457031,88893300,0.0,0.0,0.0
2024-03-19,499.9819506807113,503.7404554386333,498.9763936514032,503.4573669433594,60755300,0.0,0.0,0.0
2024-03-20,503.5159556369905,508.2507017437704,502.8423468084039,508.114013671875,69594600,0.0,0.0,0.0
2024-03-21,510.9549118204902,511.6577769054798,509.5100342818405,509.7931823730469,60256100,0.0,0.0,0.0
2024-03-22,509.70524142108957,510.1933619854548,508.59231223392965,508.82666015625,79070800,0.0,0.0,0.0
2024-03-25,507.45018520809214,508.57288646937474,507.26469698888116,507.4209289550781,48512100,0.0,0.0,0.0
2024-03-26,508.84619067556724,509.1879108526766,506.0834709315648,506.48370361328125,65463700,0.0,0.0,0.0
2024-03-27,509.3148686626399,510.77923060858313,507.1475819984231,510.7401428222656,82999800,0.0,0.0,0.0
2024-03-28,510.7792051650659,512.1459071621757,510.359428578344,510.64251708984375,96294900,0.0,0.0,0.0
2024-04-01,511.38445509453464,511.92137584867254,508.5923599199536,509.75408935546875,62477500,0.0,0.0,0.0
2024-04-02,505.9272809933223,506.6496900205949,504.20908677438206,506.5130615234375,74230300,0.0,0.0,0.0
2024-04-03,505.41963827630406,508.5729383244065,505.37083812628055,507.0694885253906,59155800,0.0,0.0,0.0
2024-04-04,511.08189151305373,511.42355215213394,500.57752503507555,500.8801574707031,96858100,0.0,0.0,0.0
2024-04-05,502.23705258109646,508.0749556966803,501.79773213862893,506.1127014160156,74546500,0.0,0.0,0.0
2024-04-08,506.8156796872345,507.8211772121714,505.58560615213537,506.3958435058594,48401800,0.0,0.0,0.0
2024-04-09,508.13358597756917,508.3776462974431,502.1296782746543,506.98162841796875,68049200,0.0,0.0,0.0
2024-04-10,501.2802817017724,503.8966008078219,499.9233518012494,501.90509033203125,82652800,0.0,0.0,0.0
2024-04-11,503.4281061989144,507.13781122017554,499.9136613545702,505.6929931640625,70099000,0.0,0.0,0.0
2024-04-12,502.14918793409277,503.56474960986543,496.9848635757255,498.71282958984375,92561100,0.0,0.0,0.0
2024-04-15,502.8911540643935,503.05709839116423,491.61554988176164,492.46490478515625,92101400,0.0,0.0,0.0
2024-04-16,492.943215040187,494.46614887048355,490.27806594091004,491.56671142578125,73484000,0.0,0.0,0.0
2024-04-17,494.0268276061939,494.1928017122706,487.26148351067934,488.6575012207031,75910300,0.0,0.0,0.0
2024-04-18,490.0536135988177,492.15252641432477,486.7148552774961,487.65203857421875,74548100,0.0,0.0,0.0
2024-04-19,487.57394131853926,488.56969668668467,482.1264983587833,483.3956298828125,102212600,0.0,0.0,0.0
2024-04-22,486.0021493308909,490.44406471980994,483.6591763812229,487.8472595214844,67961000,0.0,0.0,0.0
2024-04-23,489.85830389464087,494.0659010467374,487.6617612136965,493.6363525390625,64633600,0.0,0.0,0.0
2024-04-24,494.5247405147149,495.3154935043147,491.17624034467946,493.4020690917969,55928100,0.0,0.0,0.0
2024-04-25,487.3200821932215,492.28914639879576,485.6702321576898,491.5276794433594,69122400,0.0,0.0,0.0
2024-04-26,494.3197628446228,497.7658932650639,493.6852119906925,496.18438720703125,64306100,0.0,0.0,0.0
2024-04-29,497.97090591945084,498.61522873285696,495.1983842873063,497.9416198730469,46415400,0.0,0.0,0.0
2024-04-30,496.4772431240589,497.45348436502843,490.0535888671875,490.0535888671875,77483600,0.0,0.0,0.0
2024-05-01,489.46780749693494,496.11600754799895,487.99367378182563,488.4622802734375,80242800,0.0,0.0,0.0
2024-05-02,492.17203084435516,493.8707109149056,487.68131503899394,493.0311279296875,62550200,0.0,0.0,0.0
2024-05-03,499.01547889074567,500.372438730604,496.47724569258963,499.14239501953125,72756700,0.0,0.0,0.0
2024-05-06,501.54392863434595,504.3359642334882,501.1046081667102,504.29693603515625,47264700,0.0,0.0,0.0
2024-05-07,505.2633981790086,506.2494113345479,504.1797847364997,504.8533935546875,52561300,0.0,0.0,0.0
2024-05-08,503.017991979403,505.439050807753,502.90084781577497,504.9021301269531,42047200,0.0,0.0,0.0
2024-05-09,505.0877400464436,507.8505196720802,504.4336750443816,507.8114318847656,43643700,0.0,0.0,0.0
2024-05-10,509.4124405414531,510.22273745681827,507.2452135831723,508.46551513671875,52233200,0.0,0.0,0.0
2024-05-13,510.14463540524883,510.25200764448437,507.3916278750611,508.5338134765625,36716400,0.0,0.0,0.0
2024-05-14,508.72906418826113,511.3844713761404,508.19214341702855,510.8670349121094,57535900,0.0,0.0,0.0
2024-05-15,513.3369504006804,517.4859756907869,512.7023697575905,517.193115234375,59504900,0.0,0.0,0.0
2024-05-16,517.2906355349904,518.891685229184,515.9824462519231,516.12890625,50244800,0.0,0.0,0.0
2024-05-17,516.2461019816988,516.9392546781255,514.7915121402848,516.8709106445312,59187600,0.0,0.0,0.0
2024-05-20,516.9880819887991,518.930792527948,516.5975616577482,517.4664306640625,37764200,0.0,0.0,0.0
2024-05-21,516.7050565718225,518.8918276886369,516.5000244352296,518.735595703125,33437000,0.0,0.0,0.0
2024-05-22,518.0424683735625,518.7551054535538,515.0648847480338,517.241943359375,48390000,0.0,0.0,0.0
2024-05-23,520.2975559093766,520.4049281460258,512.2532779910508,513.4638671875,57211200,0.0,0.0,0.0
2024-05-24,515.3089561408403,517.6715030328614,514.3620306627067,516.8612060546875,41291100,0.0,0.0,0.0
2024-05-28,517.6714434796838,517.9057318355667,514.5864879004678,517.2223510742188,36269600,0.0,0.0,0.0
2024-05-29,513.1905202395113,514.7817983278129,512.8878878194378,513.6005249023438,45190300,0.0,0.0,0.0
2024-05-30,512.0581358054062,512.7219727781743,508.9439234921737,510.1934814453125,46377600,0.0,0.0,0.0
2024-05-31,511.15017117084983,514.9672481577884,506.0443890267406,514.84033203125,90785800,0.0,0.0,0.0
2024-06-03,516.4512383491438,516.7343269011582,510.1837257344974,515.2601928710938,46835700,0.0,0.0,0.0
2024-06-04,513.9519821715993,516.5780734778808,512.4876203186922,515.8361206054688,34632700,0.0,0.0,0.0
2024-06-05,518.1596136281009,521.9864628385163,516.1680432425981,521.9669189453125,47610400,0.0,0.0,0.0
2024-06-06,522.2695576901561,522.6991062505612,520.0242145910106,521.9571533203125,30808500,0.0,0.0,0.0
2024-06-07,520.980911626184,524.1342115774243,519.8875261250549,521.3226318359375,43224500,0.0,0.0,0.0
2024-06-10,520.5122904328304,523.255525898201,519.916797584573,522.933349609375,35686100,0.0,0.0,0.0
2024-06-11,521.3811087600108,524.2512600728273,519.4090826052437,524.1926879882812,36383400,0.0,0.0,0.0
2024-06-12,528.7615289974312,531.1923600659605,527.4631115100716,528.4979248046875,63251300,0.0,0.0,0.0
2024-06-13,530.2454535391702,530.4211698122318,526.7700371068663,529.5620727539062,44760900,0.0,0.0,0.0
2024-06-14,528.0293950539849,529.9135335983043,527.0238379218912,529.88427734375,40089900,0.0,0.0,0.0
2024-06-17,529.2008719569648,535.4976399183048,528.7420075865693,534.1015625,55839500,0.0,0.0,0.0
2024-06-18,534.1602004613839,535.5855343086499,533.7404238235347,535.4586181640625,41376400,0.0,0.0,0.0
2024-06-20,536.385998334327,537.0498352385172,532.2272010481894,534.0039672851562,70328200,0.0,0.0,0.0
2024-06-21,533.1803062748603,534.4045446160707,531.828742363983,533.2880249023438,64338600,1.759,0.0,0.0
2024-06-24,533.111823139434,535.6778223121559,531.4370433131713,531.5545654296875,45528700,0.0,0.0,0.0
2024-06-25,532.7787259572508,533.9638101987721,531.260682360104,533.6014404296875,37936200,0.0,0.0,0.0
2024-06-26,532.4848968900385,534.9823310545671,531.8385253727439,534.2673950195312,38550600,0.0,0.0,0.0
2024-06-27,534.1303504208262,535.6876080791019,533.3860038559784,535.1097412109375,35041500,0.0,0.0,0.0
2024-06-28,535.8833782760337,538.9391321933387,531.7601817698417,533.0039672851562,76144500,0.0,0.0,0.0
2024-07-01,534.3848928648134,534.6297405125247,531.339002473828,534.1008911132812,40297800,0.0,0.0,0.0
2024-07-02,532.4946896868087,537.6952514648438,532.4457321114778,537.6952514648438,40434800,0.0,0.0,0.0
2024-07-03,537.3818563773293,540.457157354787,537.3427022712717,540.0947875976562,32789900,0.0,0.0,0.0
2024-07-05,540.3984429341523,543.6108134486142,539.7618150479054,543.2092895507812,41488400,0.0,0.0,0.0
2024-07-08,543.9927357696513,544.7860397915607,542.7684974779849,543.8360595703125,36110500,0.0,0.0,0.0
2024-07-09,544.7959245684453,545.6969473479489,544.0711849559792,544.364990234375,27289700,0.0,0.0,0.0
2024-07-10,545.5891764995068,550.0943497431794,545.2953712492263,549.7515869140625,38701200,0.0,0.0,0.0
2024-07-11,549.869152242232,550.7408243676441,544.3747844096212,545.0113525390625,53054200,0.0,0.0,0.0
2024-07-12,546.1376877405125,552.0531865568831,545.667599292853,548.4490356445312,53084400,0.0,0.0,0.0
2024-07-15,550.4469707289841,553.1990561394715,548.0964091939553,549.957275390625,40584300,0.0,0.0,0.0
2024-07-16,551.2696499606263,553.5124331903285,550.51549997726,553.2186279296875,36475300,0.0,0.0,0.0
2024-07-17,547.2835053633577,548.9582849622979,545.1386373621594,545.4618530273438,57119000,0.0,0.0,0.0
2024-07-18,546.9994907975359,547.9886849352189,539.0859974733345,541.27001953125,56270400,0.0,0.0,0.0
2024-07-19,541.0349619096787,542.6607838512468,536.6179005483158,537.6756591796875,65509100,0.0,0.0,0.0
2024-07-22,541.6030975244146,543.8263337080781,539.6639229224022,543.2191162109375,43346700,0.0,0.0,0.0
2024-07-23,543.111291105197,545.2659625762393,541.8773090500791,542.3670043945312,34439600,0.0,0.0,0.0
2024-07-24,537.5482547756214,537.8518634391315,529.1548710284035,530.0755004882812,74515300,0.0,0.0,0.0
2024-07-25,530.1931317534066,536.177254363603,526.3735438881854,527.313720703125,61158300,0.0,0.0,0.0
2024-07-26,531.1040247828195,535.9128068838628,530.3302678617441,533.219482421875,53763800,0.0,0.0,0.0
2024-07-29,534.7669398202207,535.7756811771844,531.5349026238763,533.5328979492188,39515800,0.0,0.0,0.0
2024-07-30,535.0019870020752,536.059745722708,527.4215123549488,530.8297729492188,46853600,0.0,0.0,0.0
2024-07-31,537.6657675284698,542.0926316345856,536.294656720406,539.4580688476562,65663400,0.0,0.0,0.0
2024-08-01,541.1819427118934,543.4345294348678,528.3127341764186,531.8189697265625,76428700,0.0,0.0,0.0
2024-08-02,524.7085981454201,525.9230331199286,517.7059303208597,521.9173583984375,82789100,0.0,0.0,0.0
2024-08-05,501.0955002341847,512.7894282399624,499.75370979338373,506.7171936035156,146267400,0.0,0.0,0.0
2024-08-06,508.5191877541787,518.8322000557341,507.19703427938214,511.38885498046875,84826300,0.0,0.0,0.0
2024-08-07,517.5786158200011,520.6343700428232,507.3733806496258,507.9707946777344,70698300,0.0,0.0,0.0
2024-08-08,513.1124804789883,520.3403875727178,511.08519462973396,519.713623046875,63276600,0.0,0.0,0.0
2024-08-09,518.8909162499233,523.4940638910218,517.6666780356554,522.00537109375,45619600,0.0,0.0,0.0
2024-08-12,523.2003538167259,524.6889871074426,520.0075304089534,522.2797241210938,42542100,0.0,0.0,0.0
2024-08-13,525.4725041133277,531.1040004577378,525.2276564461794,530.868896484375,52333100,0.0,0.0,0.0
2024-08-14,531.6621646835201,533.7287242856177,528.9884474672805,532.5436401367188,42446900,0.0,0.0,0.0
2024-08-15,538.1751988274788,541.9556326474029,537.5679813653051,541.671630859375,60846800,0.0,0.0,0.0
2024-08-16,540.0555939415091,543.5814362683599,539.8989177341498,542.8860473632812,44430700,0.0,0.0,0.0
2024-08-19,543.2974116195307,548.0768432617188,542.4453464492109,548.0768432617188,39121800,0.0,0.0,0.0
2024-08-20,547.6262846058479,549.2814571312036,545.8437865187526,547.185546875,33732300,0.0,0.0,0.0
2024-08-21,548.2335208659752,550.5252615016209,543.2973537542563,549.0659790039062,41514600,0.0,0.0,0.0
2024-08-22,550.9660160166799,551.5732334533072,543.5422179587766,544.7566528320312,56121500,0.0,0.0,0.0
2024-08-23,547.9984691071246,551.4850973665338,545.8045838781815,550.5448608398438,50639400,0.0,0.0,0.0
2024-08-26,551.5732410031779,552.2881770773529,547.528352675827,549.2324829101562,35788600,0.0,0.0,0.0
2024-08-27,547.9593482100599,550.4763897351174,546.8134777136145,549.9866943359375,32693900,0.0,0.0,0.0
2024-08-28,549.6438836929623,550.0748179978751,543.6009999526875,546.7938232421875,41066000,0.0,0.0,0.0
2024-08-29,548.7624007293272,552.0629426061665,545.6969030561269,546.8427734375,38715200,0.0,0.0,0.0
2024-08-30,549.212926690368,552.5722295246512,545.657733766081,552.0629272460938,62700100,0.0,0.0,0.0
2024-09-03,548.9190687874888,549.2520879225416,538.18498513228,540.7020263671875,60600100,0.0,0.0,0.0
2024-09-04,538.8607938634791,543.0035975400444,538.1360542845994,539.5953369140625,47224900,0.0,0.0,0.0
2024-09-05,539.5366078915503,542.3866087950116,535.8246785314534,538.282958984375,44264300,0.0,0.0,0.0
2024-09-06,538.60608979078,540.231851947678,528.3224880929642,529.2235107421875,68493800,0.0,0.0,0.0
2024-09-09,533.4251872668898,536.4221205223048,531.4957564364314,535.1488647460938,40445800,0.0,0.0,0.0
2024-09-10,537.0586665381934,537.8324234437913,532.1813200114981,537.4797973632812,36394600,0.0,0.0,0.0
2024-09-11,537.3916279053534,543.914342923255,528.8317637255883,542.9937133789062,75248600,0.0,0.0,0.0
2024-09-12,543.5716957640475,547.87123570908,541.348459526308,547.567626953125,51819600,0.0,0.0,0.0
2024-09-13,548.1747207597754,551.4263046450518,547.920069645679,550.4273071289062,39310500,0.0,0.0,0.0
2024-09-16,550.1629297590999,551.5046902542234,548.360884321784,551.2402954101562,36656100,0.0,0.0,0.0
2024-09-17,553.4536471249235,554.9031859740162,549.2324757022386,551.4655151367188,49321000,0.0,0.0,0.0
2024-09-18,552.1217580784818,556.969754476821,549.2717571625421,549.8300170898438,59044900,0.0,0.0,0.0
2024-09-19,559.2419348303403,561.0733907935877,556.3723270388496,559.2125244140625,75315500,0.0,0.0,0.0
2024-09-20,557.843033129673,559.2871245583524,555.219996107625,558.2457885742188,77503100,1.746,0.0,0.0
2024-09-23,559.3167220049795,560.2892833331648,558.0985019985221,559.640869140625,44116900,0.0,0.0,0.0
2024-09-24,560.4365555490466,561.3010677532865,557.6072537825559,561.2421264648438,46805700,0.0,0.0,0.0
2024-09-25,561.0848814915315,561.8216774615664,558.8941007007465,560.0042114257812,38428600,0.0,0.0,0.0
2024-09-26,564.2679463720303,564.5921534543987,559.8668367278948,562.2245483398438,48336000,0.0,0.0,0.0
2024-09-27,563.2952985697877,564.1106429805404,560.377555197848,561.4090576171875,42100900,0.0,0.0,0.0
2024-09-30,560.3776493545987,564.2679545173111,558.0788790007499,563.6588745117188,63557400,0.0,0.0,0.0
2024-10-01,563.3052513338224,563.9536055755817,556.0355051968223,558.609375,72668800,0.0,0.0,0.0
2024-10-02,557.715374727311,559.866821742494,555.3183290115846,558.8450927734375,38097800,0.0,0.0,0.0
2024-10-03,557.3715020969081,559.7685478192003,555.5344286086627,557.8234252929688,40846500,0.0,0.0,0.0
2024-10-04,562.273664576873,563.2658929623027,558.09848649286,562.892578125,42939100,0.0,0.0,0.0
2024-10-07,561.2421538745174,561.8905680396737,556.6543868115797,557.8037719726562,49964700,0.0,0.0,0.0
2024-10-08,560.377637870892,563.67853004462,559.5033520489247,563.0792236328125,37398700,0.0,0.0,0.0
2024-10-09,563.0693372819003,567.5392812736217,562.4700908869163,566.9793090820312,37912200,0.0,0.0,0.0
2024-10-10,565.6334738441669,567.4116060358193,564.3759797176003,565.9871215820312,44138100,0.0,0.0,0.0
2024-10-11,565.9085213296812,570.1131999200273,565.7709716649979,569.3764038085938,42268000,0.0,0.0,0.0
2024-10-14,570.9874382986001,574.9661849382893,570.5060744728205,574.0328979492188,36217200,0.0,0.0,0.0
2024-10-15,574.2981924836022,574.6027324678581,568.3546560789198,569.5728759765625,54203600,0.0,0.0,0.0
2024-10-16,569.5728070987392,572.5690988319416,568.7672362789522,572.0484008789062,30725400,0.0,0.0,0.0
2024-10-17,575.5949797580469,575.8013042765577,571.9109988172407,572.09765625,34393700,0.0,0.0,0.0
2024-10-18,573.7872313147403,575.0839994048337,572.3234729286785,574.298095703125,37416800,0.0,0.0,0.0
2024-10-21,573.5712006217359,574.5535954570634,570.3784174069214,573.3551025390625,36439000,0.0,0.0,0.0
2024-10-22,570.8204817447413,574.2097557683464,570.1622940232531,573.050537109375,34183800,0.0,0.0,0.0
2024-10-23,571.0267810694698,571.4688706983893,564.3071746074978,567.8143310546875,49314600,0.0,0.0,0.0
2024-10-24,569.7693209618997,569.8479293354313,566.4193810527883,569.0423583984375,34979900,0.0,0.0,0.0
2024-10-25,571.2724326633536,574.1705094317597,567.9028255594263,568.8458862304688,47268200,0.0,0.0,0.0
2024-10-28,572.3235609618828,572.4512770786239,570.299830137409,570.6043701171875,30174700,0.0,0.0,0.0
2024-10-29,569.6415300427301,572.6476553589258,568.2465463889694,571.5277709960938,42899700,0.0,0.0,0.0
2024-10-30,571.0563234826817,573.0506139584433,569.0915336357257,569.7988891601562,41435800,0.0,0.0,0.0
2024-10-31,565.4271839715354,565.4959588071013,558.4325373559277,558.6290283203125,60182500,0.0,0.0,0.0
2024-11-01,561.2617936558026,565.4173043933644,560.5741053167588,560.9866943359375,45667500,0.0,0.0,0.0
2024-11-04,561.1242574334378,562.4210257711015,557.8922001113365,559.7783813476562,38217000,0.0,0.0,0.0
2024-11-05,560.6919638738422,566.586332309216,560.4758658123077,566.5470581054688,39478300,0.0,0.0,0.0
2024-11-06,578.8270705681771,581.5089893813079,575.0841485043231,580.6346435546875,68182000,0.0,0.0,0.0
2024-11-07,582.6387178727699,586.145874462509,582.5601095007273,585.1241455078125,47233200,0.0,0.0,0.0
2024-11-08,585.6742957423695,589.0832369047557,585.6742957423695,587.6587524414062,46444900,0.0,0.0,0.0
2024-11-11,589.2501303160354,589.6037779981073,586.4896037587446,588.2186279296875,37586800,0.0,0.0,0.0
2024-11-12,588.1400498376755,588.739296212128,583.9059310932324,586.3914184570312,43006100,0.0,0.0,0.0
2024-11-13,586.8531544283672,588.6803942959151,584.4856094336134,586.6763305664062,47388600,0.0,0.0,0.0
2024-11-14,586.804069200042,587.2854330583992,582.2163022724781,582.9039306640625,38904100,0.0,0.0,0.0
2024-11-15,579.3378226480269,579.8094129170865,573.5810036102117,575.437744140625,75988800,0.0,0.0,0.0
2024-11-18,575.8994574754852,579.1119076957027,575.0350052053479,577.7955322265625,37001700,0.0,0.0,0.0
2024-11-19,574.4161003090796,580.6346163861505,573.7480790226593,579.9076538085938,49412000,0.0,0.0,0.0
2024-11-20,579.9861823753545,580.3889378159292,574.3374129030207,580.1040649414062,50032600,0.0,0.0,0.0
2024-11-21,582.9531169226577,584.6428072515256,577.1078556838472,583.2183227539062,46750300,0.0,0.0,0.0
2024-11-22,583.2084735757152,585.654687007179,582.7075025920674,585.0259399414062,38226400,0.0,0.0,0.0
2024-11-25,588.9653319760873,590.281707390563,584.7213793724078,587.0103759765625,42441400,0.0,0.0,0.0
2024-11-26,588.2579731618996,590.7434606979054,587.5408441710033,590.075439453125,45621300,0.0,0.0,0.0
2024-11-27,589.8887838542881,590.2718722436573,586.7647756879834,588.2874755859375,34000200,0.0,0.0,0.0
2024-11-29,589.1028810382705,592.7279205050064,588.8278416543462,591.9420166015625,30177400,0.0,0.0,0.0
2024-12-02,592.3546375311288,593.6809066526395,591.863440069968,593.0030517578125,31746000,0.0,0.0,0.0
2024-12-03,592.7672106157903,593.5236138358292,591.73570807165,593.2780151367188,26906600,0.0,0.0,0.0
2024-12-04,594.9676840777096,597.2075127280552,594.2996629026728,596.9619140625,42787600,0.0,0.0,0.0
2024-12-05,596.9620090763937,597.7675800229049,595.6259665136723,595.9796142578125,28762200,0.0,0.0,0.0
2024-12-06,596.7459547224977,598.3472631909667,596.333365657436,597.1094360351562,31241500,0.0,0.0,0.0
2024-12-09,596.9915028268559,597.1584931551176,593.445071963169,594.0344848632812,34742700,0.0,0.0,0.0
2024-12-10,594.7123228135097,595.134745373381,591.529373321926,592.1875610351562,37234500,0.0,0.0,0.0
2024-12-11,595.115147903942,597.7184581352288,594.8400485801485,596.7655639648438,28677700,0.0,0.0,0.0
2024-12-12,595.9010621562538,596.4708079758578,593.690673828125,593.690673828125,31543800,0.0,0.0,0.0
2024-12-13,595.7242008087076,596.4413297893211,592.1973772710232,593.57275390625,35904700,0.0,0.0,0.0
2024-12-16,595.331290479334,597.0799821268581,594.5552201188243,596.1073608398438,43695200,0.0,0.0,0.0
2024-12-17,593.5530296358272,594.5157572113583,592.2759285750876,593.6512451171875,55773500,0.0,0.0,0.0
2024-12-18,593.3467745348553,595.7339866328443,575.5752867073982,575.9584350585938,108248700,0.0,0.0,0.0
2024-12-19,580.9490228826561,582.5601648792804,575.5360174904994,575.7816162109375,85919500,0.0,0.0,0.0
2024-12-20,573.4513839180992,587.231466902458,572.6036351958548,582.697265625,125716700,1.966,0.0,0.0
2024-12-23,582.4409930028329,586.7879087972127,579.2571372355378,586.1866455078125,57635800,0.0,0.0,0.0
2024-12-24,587.5369625170155,592.7414929129372,586.9553724289615,592.7020263671875,33160100,0.0,0.0,0.0
2024-12-26,590.9279821930899,593.8653530777825,589.5283030674063,592.74169921875,41219100,0.0,0.0,0.0
2024-12-27,588.9958679237085,589.2324867459512,582.3128451341881,586.5020751953125,64969300,0.0,0.0,0.0
2024-12-30,579.4839049805771,583.278830614674,576.0536238226567,579.8091430664062,56578800,0.0,0.0,0.0
2024-12-31,581.4750217267025,582.1946245791215,576.0635312685974,577.6998291015625,57052700,0.0,0.0,0.0
2025-01-02,580.9624149327,582.6775253068124,572.1995172748154,576.2803344726562,50204000,0.0,0.0,0.0
2025-01-03,579.129057366777,584.1265095290074,578.0447499447286,583.48583984375,37888500,0.0,0.0,0.0
2025-01-06,587.7440676720806,591.1250155334773,585.1122021784661,586.8470458984375,47679400,0.0,0.0,0.0
2025-01-07,588.877548048508,589.2028462645713,578.3897338233832,580.2132568359375,60393100,0.0,0.0,0.0
2025-01-08,580.282291853868,582.1354148697908,576.8323377526707,581.0609741210938,47304700,0.0,0.0,0.0
2025-01-10,577.5025797313914,577.5715860296085,570.2773736421228,572.1896362304688,73105000,0.0,0.0,0.0
2025-01-13,567.5372072518853,573.4316812597856,567.1231694250464,573.0768432617188,47910100,0.0,0.0,0.0
2025-01-14,576.0043111010004,576.6351742776535,570.0802375478183,573.8653564453125,48420600,0.0,0.0,0.0
2025-01-15,581.8889752343268,585.4473419377294,580.7751281246863,584.303955078125,56900200,0.0,0.0,0.0
2025-01-16,585.6740294157521,585.8514484014332,582.4803673486446,583.1802368164062,43319700,0.0,0.0,0.0
2025-01-17,588.4242094250709,590.7898562052613,587.0934767089387,589.0353393554688,58070600,0.0,0.0,0.0
2025-01-21,592.0810894520482,594.4369296257112,590.1096871636119,594.4270629882812,42532900,0.0,0.0,0.0
2025-01-22,597.2560928487167,599.1289493146973,596.7041025475482,597.7686767578125,48196000,0.0,0.0,0.0
2025-01-23,597.1377792345874,601.0313110351562,596.8618141810588,601.0313110351562,41152100,0.0,0.0,0.0
2025-01-24,601.0903888692611,602.0465502262632,598.1234189150732,599.2766723632812,34604700,0.0,0.0,0.0
2025-01-27,586.3049484329972,591.1151752666312,586.1373960687419,590.7997436523438,70361100,0.0,0.0,0.0
2025-01-28,592.0319005940263,596.7139816946946,588.7100920787573,595.8761596679688,44433300,0.0,0.0,0.0
2025-01-29,595.0874967960807,595.4916679771449,590.6518414168764,593.204833984375,37177400,0.0,0.0,0.0
2025-01-30,595.3240968992558,597.9263022497843,592.130374590218,596.3886108398438,39281300,0.0,0.0,0.0
2025-01-31,598.8134974486875,601.2383441338676,592.4557124803268,593.2147216796875,66566900,0.0,0.0,0.0
2025-02-03,584.1954227420036,591.7064599079472,582.0466016788057,589.2225341796875,65857200,0.0,0.0,0.0
2025-02-04,589.2818218573458,593.6878777666973,588.7396981777459,593.1753540039062,33457800,0.0,0.0,0.0
2025-02-05,592.0514947784708,595.7281404533522,590.0209530162485,595.5802612304688,30653100,0.0,0.0,0.0
2025-02-06,597.3250313642651,597.778475552574,594.013089933138,597.6503295898438,35771500,0.0,0.0,0.0
2025-02-07,598.2121736064561,599.4344333824486,591.4699514014874,592.1796875,50788500,0.0,0.0,0.0
2025-02-10,595.3930719758379,596.8420237335293,594.1214790365186,596.2012939453125,26048700,0.0,0.0,0.0
2025-02-11,593.93424024475,597.1969087784863,593.8159609148958,596.65478515625,30056700,0.0,0.0,0.0
2025-02-12,590.6321754646003,595.9056528588447,589.9520392250456,594.732666015625,45076100,0.0,0.0,0.0
2025-02-13,595.8366651794477,601.2186155981716,594.5749988790903,601.0115966796875,40921300,0.0,0.0,0.0
2025-02-14,601.2186143347305,602.2535886001177,600.3610590723445,600.9820556640625,26910400,0.0,0.0,0.0
2025-02-18,602.145135650955,602.7463989257812,599.6808827255115,602.7463989257812,26749000,0.0,0.0,0.0
2025-02-19,601.3566081495158,604.4615308486234,600.8440242708047,604.1658325195312,31011100,0.0,0.0,0.0
2025-02-20,602.7956084451664,602.9336210334332,598.3402805357981,601.6522216796875,36554000,0.0,0.0,0.0
2025-02-21,601.435409514207,601.5734221193063,590.8982614234848,591.361572265625,76519800,0.0,0.0,0.0
2025-02-24,593.4118748152965,594.4074426853949,587.960918125522,588.670654296875,50737200,0.0,0.0,0.0
2025-02-25,588.6114660308307,589.3408752561445,581.129967827771,585.7430419921875,58266500,0.0,0.0,0.0
2025-02-26,587.4088964020577,591.0067297705009,583.3970853838995,586.0387573242188,43321600,0.0,0.0,0.0
2025-02-27,588.3156475632774,589.468961108592,576.2901428845248,576.6843872070312,74196700,0.0,0.0,0.0
2025-02-28,577.1871598716435,586.2161558854355,574.1117771132394,585.6838989257812,88744100,0.0,0.0,0.0
2025-03-03,587.6553155599406,588.798762606637,571.6081318173137,575.4227905273438,74249200,0.0,0.0,0.0
2025-03-04,571.4207954091844,577.0195703305991,564.0674436853699,568.6115112304688,109648200,0.0,0.0,0.0
2025-03-05,568.4440493526719,576.5169448984452,564.8856823224501,574.7229614257812,71230500,0.0,0.0,0.0
2025-03-06,567.2513477016495,571.874289065213,561.9680033325571,564.52099609375,80094900,0.0,0.0,0.0
2025-03-07,562.7368791286215,569.1340707451673,557.5422141835529,567.68505859375,81158800,0.0,0.0,0.0
2025-03-10,559.4741670846696,561.3962362827218,547.6457527585567,552.5643920898438,99326600,0.0,0.0,0.0
2025-03-11,551.4012894751355,555.9552243228402,544.1268096197261,547.9710083007812,88102100,0.0,0.0,0.0
2025-03-12,554.1315244716127,555.0580858350761,545.7727990905229,550.8787231445312,69588200,0.0,0.0,0.0
2025-03-13,550.5042540653316,551.1153839968962,541.8202288918889,543.5353393554688,74079400,0.0,0.0,0.0
2025-03-14,548.1582415612112,555.7678855775432,543.6043071486545,554.762451171875,62660300,0.0,0.0,0.0
2025-03-17,554.742702735982,561.5637976935186,554.3089918436672,559.0404052734375,49008700,0.0,0.0,0.0
2025-03-18,556.7240271713574,556.9409127203818,551.0661118946721,552.9981079101562,66041400,0.0,0.0,0.0
2025-03-19,554.7821880592443,562.7860764826731,553.5993346617712,559.0206909179688,66556000,0.0,0.0,0.0
2025-03-20,555.2750258330774,562.4114922780789,554.5554231088431,557.4041137695312,62958200,0.0,0.0,0.0
2025-03-21,552.9413292589383,558.4877328401925,551.7054963570508,557.5880126953125,83763000,1.696,0.0,0.0
2025-03-24,564.3307537296456,568.6314886589248,563.7375780431137,567.5736083984375,58766800,0.0,0.0,0.0
2025-03-25,568.7797678649376,569.8771730865459,567.1880294433175,568.93798828125,38355700,0.0,0.0,0.0
2025-03-26,568.6710483477373,569.7981425644431,560.7617168790538,562.1458740234375,51848300,0.0,0.0,0.0
2025-03-27,560.7517355574175,564.4296055114135,558.5371327368356,560.6528930664062,42164200,0.0,0.0,0.0
2025-03-28,559.120558969836,559.8521624781242,548.7790863172526,549.3623657226562,71662700,0.0,0.0,0.0
2025-03-31,543.5984015371023,554.3550955683165,540.6719276036363,553.050048828125,95328200,0.0,0.0,0.0
2025-04-01,551.1320571376683,556.559825628618,547.4047657676659,554.6121215820312,54609600,0.0,0.0,0.0
2025-04-02,548.7592465118332,560.9890444564371,548.52197624234,558.1219482421875,76014500,0.0,0.0,0.0
2025-04-03,538.9319060881811,541.7594774009829,530.6172485351562,530.6172485351562,125986000,0.0,0.0,0.0
2025-04-04,517.7349036725598,519.9099817661254,499.3358369172059,499.5533447265625,217965100,0.0,0.0,0.0
2025-04-07,483.64569927250346,517.2405628900261,476.33944038650816,498.6635437011719,256611400,0.0,0.0,0.0
2025-04-08,515.9454474877983,519.0300819148135,483.6160734043612,490.8531188964844,165816600,0.0,0.0,0.0
2025-04-09,487.84761031664465,542.4022216796875,487.4620158912083,542.4022216796875,241867300,0.0,0.0,0.0
2025-04-10,526.1385259148457,527.4534689848499,503.5475251856576,518.6345825195312,162331200,0.0,0.0,0.0
2025-04-11,517.0824330937988,530.3503195313269,514.1757514102393,527.8885498046875,97866300,0.0,0.0,0.0
2025-04-14,537.883883195208,538.1113174755011,527.8093712828247,533.009765625,68034000,0.0,0.0,0.0
2025-04-15,533.5536182929557,537.0732685211545,530.726046664157,531.5169677734375,56892900,0.0,0.0,0.0
2025-04-16,525.6541223320015,531.7937621429162,514.3931980244283,519.7023315429688,83484800,0.0,0.0,0.0
2025-04-17,521.6599483491107,525.1499093262158,517.9721816819745,520.44384765625,79868100,0.0,0.0,0.0
2025-04-21,515.2533065114334,515.7872249375157,502.6972625032136,508.05584716796875,69368100,0.0,0.0,0.0
2025-04-22,514.2449494916972,523.3011070538847,513.305704354498,521.2743530273438,75948100,0.0,0.0,0.0
2025-04-23,534.3049739114415,539.2483058984949,527.8292210770832,529.3517456054688,90590700,0.0,0.0,0.0
2025-04-24,530.6369235756985,541.2255608935037,529.3813584649887,540.4939575195312,64150400,0.0,0.0,0.0
2025-04-25,540.454522631326,544.804618673288,537.5280483044934,544.3992919921875,61119600,0.0,0.0,0.0
2025-04-28,545.1407910444296,547.2762839575454,538.8429907853031,544.6068725585938,47613800,0.0,0.0,0.0
2025-04-29,542.6888178923871,549.1547344204944,542.3329124899421,548.0375366210938,47775100,0.0,0.0,0.0
2025-04-30,541.3640295279456,550.2126052496137,535.382610300473,548.2550048828125,93101500,0.0,0.0,0.0
2025-05-01,554.0189932525213,557.6770710508032,551.5374308999284,552.1405029296875,63186100,0.0,0.0,0.0
2025-05-02,558.3294653880318,561.9381212948161,556.0061238656243,560.3364868164062,60717300,0.0,0.0,0.0
2025-05-05,556.194064255589,560.2278400664005,555.3339293144951,557.1234130859375,38659200,0.0,0.0,0.0
2025-05-06,551.6066618961361,556.9652171268149,550.64768441023,552.466796875,48264700,0.0,0.0,0.0
2025-05-07,553.8014947566288,557.4298834610689,549.738030089525,554.7901611328125,55588000,0.0,0.0,0.0
2025-05-08,558.8337754612519,563.8463212534109,555.333918196641,558.6558227539062,65130800,0.0,0.0,0.0
2025-05-09,560.0597310271954,561.0681900796083,556.3819209310694,557.9440307617188,37603400,0.0,0.0,0.0
2025-05-12,574.8798371188,576.3925257137258,570.5000520977247,576.3826293945312,78993600,0.0,0.0,0.0
2025-05-13,576.7977862928067,582.403567726764,576.2342995973956,580.18896484375,67947200,0.0,0.0,0.0
2025-05-14,581.1478975288738,582.3046201283636,578.9036058641954,580.930419921875,66283500,0.0,0.0,0.0
2025-05-15,578.9234551699535,584.2721134769878,578.4686469334371,583.7679443359375,71268100,0.0,0.0,0.0
2025-05-16,584.5489982766968,587.7621640177526,582.6013544692614,587.465576171875,76052100,0.0,0.0,0.0
2025-05-19,581.4346564328234,588.7903364922698,581.4346564328234,588.108154296875,68168500,0.0,0.0,0.0
2025-05-20,586.3681289429425,587.317209981726,582.917632829089,586.1307983398438,60614500,0.0,0.0,0.0
2025-05-21,581.7708648204313,585.8639582409971,575.2258980125081,576.2540893554688,95197700,0.0,0.0,0.0
2025-05-22,576.0563267018498,579.971467292194,574.8204937262445,576.4815063476562,70860400,0.0,0.0,0.0
2025-05-23,569.4520392436427,575.2159811048424,569.0763411937487,572.5465698242188,76029000,0.0,0.0,0.0
2025-05-27,579.4276923460704,584.6082943415249,571.8742669840636,584.4501342773438,72588500,0.0,0.0,0.0
2025-05-28,584.8554566278126,586.0517646206928,580.3372442209068,581.06884765625,68445500,0.0,0.0,0.0
2025-05-29,586.3385054465637,586.4769332279744,579.4277368161022,583.3626098632812,69973300,0.0,0.0,0.0
2025-05-30,582.2552747565533,584.430352826958,576.6297607292682,582.7100830078125,90601200,0.0,0.0,0.0
2025-06-02,581.0985818518681,586.0715425417425,578.429170462151,585.9924926757812,61630500,0.0,0.0,0.0
2025-06-03,585.6266079138771,590.3128764026674,585.1421107506463,589.3341064453125,63606200,0.0,0.0,0.0
2025-06-04,590.1943197189499,591.1730898063917,588.7409487228937,589.1759643554688,57314200,0.0,0.0,0.0
2025-06-05,590.8566609128592,592.2111289512687,584.3512195951713,586.3285522460938,92278700,0.0,0.0,0.0
2025-06-06,591.8748864905677,594.0203356126545,590.0952993819595,592.3494873046875,66588700,0.0,0.0,0.0
2025-06-09,592.9229477814916,594.4356362447949,591.7069074945726,592.8834228515625,53016400,0.0,0.0,0.0
2025-06-10,593.4173023897237,596.6304681071312,592.3001649023746,596.2449340820312,66247000,0.0,0.0,0.0
2025-06-11,597.3423765043648,598.2025114763902,592.4781545343917,594.54443359375,73658200,0.0,0.0,0.0
2025-06-12,593.2096852350186,596.9072875976562,592.7252483956809,596.9072875976562,64129000,0.0,0.0,0.0
2025-06-13,591.7168252456129,595.0288334634262,588.731033484191,590.2338256835938,89506000,0.0,0.0,0.0
2025-06-16,593.5952983788304,597.5993850121447,593.4172853343232,595.8494262695312,79984100,0.0,0.0,0.0
2025-06-17,593.4074922933922,594.9300168530282,589.9965810836336,590.7578735351562,82209400,0.0,0.0,0.0
2025-06-18,591.6574895866379,594.4059506456396,589.7097855095001,590.6688232421875,76605000,0.0,0.0,0.0
2025-06-20,593.3471074282096,594.4180406328666,587.8735160730708,589.2816162109375,94051400,1.761,0.0,0.0
2025-06-23,590.0351674928282,595.4889076465048,586.9116980815279,595.1022338867188,87426000,0.0,0.0,0.0
2025-06-24,599.2470472798032,602.737399696003,598.3347417480489,601.6764526367188,67735300,0.0,0.0,0.0
2025-06-25,602.7969444947229,603.4910690166892,600.4468830082857,602.0136108398438,62114800,0.0,0.0,0.0
2025-06-26,603.8679120398481,607.1599955272326,603.2531315625092,606.7236938476562,78548400,0.0,0.0,0.0
2025-06-27,607.7252035075089,611.2056913389495,605.692457719191,609.7380981445312,86258400,0.0,0.0,0.0
2025-06-30,612.1873634601734,614.0118537505704,609.867018033134,612.6533813476562,92502500,0.0,0.0,0.0
2025-07-01,611.1758893553448,613.625146088841,610.3429883405835,612.455078125,70030100,0.0,0.0,0.0
2025-07-02,612.0484833566157,615.2711481262035,611.4237773441516,615.2315063476562,66510400,0.0,0.0,0.0
2025-07-03,617.214676143094,621.0124795190609,617.194824993195,620.0803833007812,51065800,0.0,0.0,0.0
2025-07-07,618.1170465947881,618.7814549531971,612.6732314169623,615.4595947265625,74814500,0.0,0.0,0.0
2025-07-08,616.1238907210633,616.8775081543645,614.3093261623386,615.1224365234375,59024600,0.0,0.0,0.0
2025-07-09,617.5319680301938,619.4655183729625,615.6875662931247,618.8110961914062,66113300,0.0,0.0,0.0
2025-07-10,618.9499658515675,621.5974919629854,617.7699723301522,620.5563354492188,57529000,0.0,0.0,0.0
2025-07-11,617.5022136064131,619.6043777491163,616.3024294765994,618.3748168945312,63670200,0.0,0.0,0.0
2025-07-14,617.9186024028506,619.901780492049,616.5700558274259,619.5547485351562,51898500,0.0,0.0,0.0
2025-07-15,622.2420420602726,622.5791484786782,616.8279435196437,616.9072875976562,74317300,0.0,0.0,0.0
2025-07-16,618.4937831556223,619.4754466932056,612.8516386863737,618.9697265625,88987500,0.0,0.0,0.0
2025-07-17,619.1482301954767,623.1145864157634,618.9300491320286,622.757568359375,68885700,0.0,0.0,0.0
2025-07-18,624.007017899032,624.175571102461,621.1909387049365,622.301513671875,65621600,0.0,0.0,0.0
2025-07-21,623.4815063476562,626.2281670376054,623.0551302914085,623.4815063476562,63375000,0.0,0.0,0.0
2025-07-22,623.8087114591411,624.4334174667899,620.9232136557434,623.5707397460938,60046300,0.0,0.0,0.0
2025-07-23,626.2381323551606,628.8757934570312,624.4334327911965,628.8757934570312,70511000,0.0,0.0,0.0
2025-07-24,629.2624631630094,630.7994747941685,628.6576082944551,629.083984375,71307100,0.0,0.0,0.0
2025-07-25,629.748350781943,632.2173979677802,629.5004535059064,631.7413940429688,56865400,0.0,0.0,0.0
2025-07-28,632.1181999979412,632.6734874729789,630.1945147233831,631.582763671875,54917100,0.0,0.0,0.0
2025-07-29,632.9809077241022,633.2982235137306,629.0046860832861,629.9169311523438,60556300,0.0,0.0,0.0
2025-07-30,630.5713386132512,632.3165451544952,626.2281734095909,629.1236572265625,80418900,0.0,0.0,0.0
2025-07-31,634.0816044685715,634.4682782312485,625.4646925404661,626.763671875,103385200,0.0,0.0,0.0
2025-08-01,621.0322789916852,621.0719812920488,614.0812292944926,616.4907836914062,140103600,0.0,0.0,0.0
2025-08-04,620.4075271113948,625.9108344398344,620.3183179857707,625.8612670898438,73218000,0.0,0.0,0.0
2025-08-05,626.476110377079,627.2892207726588,621.7660617410078,622.688232421875,68051400,0.0,0.0,0.0
2025-08-06,623.7590952688204,628.1121858315174,622.8468502662965,627.457763671875,64357500,0.0,0.0,0.0
2025-08-07,630.8886206499576,631.6223868787783,623.8185857342208,626.9321899414062,74205800,0.0,0.0,0.0
2025-08-08,628.727047311219,632.2868791777582,628.4097315038053,631.82080078125,64051600,0.0,0.0,0.0
2025-08-11,632.0984361099556,633.5758942477272,629.3219380955197,630.5713500976562,58742300,0.0,0.0,0.0
2025-08-12,632.9214680410968,637.4431125105409,631.434084195598,637.2844848632812,64730800,0.0,0.0,0.0
2025-08-13,639.4857330110176,640.7549961752953,637.2745085703324,639.4659423828125,60092800,0.0,0.0,0.0
2025-08-14,637.3835851461316,640.1897994624859,636.9374184340268,639.5254516601562,59327500,0.0,0.0,0.0
2025-08-15,640.5566774831647,640.6558727131268,637.11589211782,638.0281372070312,68592500,0.0,0.0,0.0
2025-08-18,637.4529805837014,638.5834067295413,636.7787072305159,637.8892822265625,43804900,0.0,0.0,0.0
2025-08-19,637.7108075589789,638.6924711313014,633.1098193903536,634.4286499023438,69750700,0.0,0.0,0.0
2025-08-20,634.0221086228163,634.2798709561484,627.6263466835007,632.742919921875,88890300,0.0,0.0,0.0
2025-08-21,630.9283690027011,632.604096553562,628.4791123479844,630.2044677734375,54805800,0.0,0.0,0.0
2025-08-22,632.3958993542917,641.0623787509013,631.8901792096084,639.8823852539062,84083200,0.0,0.0,0.0
2025-08-25,638.6230253017661,639.8625116828326,636.9472372936925,637.0662231445312,51274300,0.0,0.0,0.0
2025-08-26,636.7985773675441,640.0807351008626,636.1738713484165,639.733642578125,51581600,0.0,0.0,0.0
2025-08-27,639.148612992103,641.9250504526357,638.9998504138363,641.1912841796875,48341100,0.0,0.0,0.0
2025-08-28,641.7961126896905,644.0172625669782,639.9121297324674,643.4619750976562,61519500,0.0,0.0,0.0
2025-08-29,642.0242015644989,642.3911452321481,637.7306640961879,639.6245727539062,74522200,0.0,0.0,0.0
2025-09-02,632.13804448044,635.1028861742022,629.5797276837342,634.884765625,81983500,0.0,0.0,0.0
2025-09-03,637.2646148509236,638.7917009543937,635.0732414506999,638.3256225585938,70820900,0.0,0.0,0.0
2025-09-04,638.999797688006,643.6900550422279,638.09747828346,643.6602783203125,65219200,0.0,0.0,0.0
2025-09-05,646.0004708304714,646.7243720544352,637.9190556866993,641.796142578125,85178900,0.0,0.0,0.0
2025-09-08,643.1644862104067,644.3742563254497,641.7861629025881,643.3727416992188,63133100,0.0,0.0,0.0
2025-09-09,643.5115612591451,645.3856792185645,641.7762803015634,644.8601684570312,66133900,0.0,0.0,0.0
2025-09-10,648.122479271532,649.0446498954948,645.1576374702139,646.724365234375,78034500,0.0,0.0,0.0
2025-09-11,648.6778210448584,652.7929404681626,648.092817304151,652.0988159179688,69934400,0.0,0.0,0.0
2025-09-12,652.0689585463732,653.5662677492645,651.3748946038203,651.8805541992188,72780100,0.0,0.0,0.0
2025-09-15,654.0918582328915,655.4800466805781,653.7943936028013,655.3511352539062,63772400,0.0,0.0,0.0
2025-09-16,655.9063983981582,656.213849113272,653.6654579201036,654.4487915039062,61169000,0.0,0.0,0.0
2025-09-17,654.4587781451693,656.1543568928759,648.7967821934204,653.6357421875,101952200,0.0,0.0,0.0
2025-09-18,656.3229972048737,659.2977648370164,654.7166275252608,656.6898803710938,90459200,0.0,0.0,0.0
2025-09-19,658.5800832029405,660.7874850308027,656.6311583459587,659.9423217773438,97945600,1.831,0.0,0.0
2025-09-22,658.4508309420254,663.5119788762895,658.4209716621773,663.0645751953125,69452200,0.0,0.0,0.0
2025-09-23,662.9452156846509,663.5617612775759,658.2320617574377,659.4551391601562,81708900,0.0,0.0,0.0
2025-09-24,660.7477220570149,660.8471316064555,655.9350982101993,657.3569946289062,68082200,0.0,0.0,0.0
2025-09-25,654.2149171420698,655.6765652531099,650.7048739536411,654.3242797851562,89622100,0.0,0.0,0.0
2025-09-26,655.7760789419195,658.619871988132,654.1553026157394,658.072998046875,69179200,0.0,0.0,0.0
2025-09-29,660.5985670660314,661.5134019828115,658.112721358766,659.9224243164062,73499000,0.0,0.0,0.0
2025-09-30,659.1766647693167,662.8756347075731,657.8641309647478,662.4082641601562,86288000,0.0,0.0,0.0
2025-10-01,659.4152702620313,665.5801794564833,659.3059076216911,664.6654052734375,72545400,0.0,0.0,0.0
2025-10-02,666.6540464714482,666.7733621981591,663.004842335434,665.4309692382812,56896000,0.0,0.0,0.0
2025-10-03,666.1966948783695,668.8714672806448,664.377038831869,665.421142578125,70494400,0.0,0.0,0.0
2025-10-06,667.8174482099862,668.7024238148077,665.669704301124,667.8074951171875,54623300,0.0,0.0,0.0
2025-10-07,668.7322238208072,669.1796881705657,663.8898014056139,665.3316040039062,72020100,0.0,0.0,0.0
2025-10-08,666.4552183740389,669.398481470165,665.6299006256374,669.2990112304688,60702200,0.0,0.0,0.0
2025-10-09,669.7166839203261,670.1243359074817,665.4211353124821,667.3600463867188,66501900,0.0,0.0,0.0
2025-10-10,668.324542434099,670.1342452495495,649.14378031214,649.32275390625,159422600,0.0,0.0,0.0
2025-10-13,656.9095884512618,661.3642043859337,656.0345659370097,659.2860107421875,79560500,0.0,0.0,0.0
2025-10-14,653.4492417720955,662.0602448848334,649.4718888267987,658.4805908203125,88779600,0.0,0.0,0.0
2025-10-15,663.0446129876665,666.4352795829697,655.1992699391986,661.4039306640625,81702600,0.0,0.0,0.0
2025-10-16,663.0445999065358,664.9239136533134,653.3895542222015,656.8995971679688,110563300,0.0,0.0,0.0
2025-10-17,655.7660892614911,661.9906565438909,654.4138037793879,660.62841796875,96500900,0.0,0.0,0.0
2025-10-20,663.5418206897375,668.4041493887289,663.4921159142255,667.499267578125,60493400,0.0,0.0,0.0
2025-10-21,667.638493864759,669.1797060532549,666.1867381348511,667.4893188476562,56249000,0.0,0.0,0.0
2025-10-22,668.1953369980629,668.1953369980629,659.5445816579371,664.0191040039062,80564000,0.0,0.0,0.0
2025-10-23,664.3372592841532,668.9012985038863,664.019063764971,667.9566650390625,65604500,0.0,0.0,0.0
2025-10-24,672.6300829996666,674.628651928334,671.8246714345047,673.4155883789062,74356500,0.0,0.0,0.0
2025-10-27,678.8645527756448,681.658640907831,678.2580209918731,681.3603515625,63339800,0.0,0.0,0.0
2025-10-28,683.1600908523567,685.0095454543999,680.9526890414517,683.1700439453125,61738100,0.0,0.0,0.0
2025-10-29,684.8206562449755,685.795149064121,679.0038013689816,683.4982299804688,85657100,0.0,0.0,0.0
2025-10-30,680.0279821977349,682.0564104652303,675.9810180664062,675.9810180664062,76335800,0.0,0.0,0.0
2025-10-31,681.1614116072222,681.2012239761448,675.3942622450203,678.1983032226562,87164100,0.0,0.0,0.0
2025-11-03,681.7878948104295,681.9171636388411,676.0903560257897,679.4711303710938,57315000,0.0,0.0,0.0
2025-11-04,672.2820616639051,676.1103005794487,670.7607556049009,671.4169921875,78427000,0.0,0.0,0.0
2025-11-05,671.1583975728993,677.0051112074705,670.3529860359731,673.7437133789062,74402400,0.0,0.0,0.0
2025-11-06,672.6399897028363,673.5448715272548,664.9338680034818,666.514892578125,85035300,0.0,0.0,0.0
2025-11-07,664.1284090392404,667.2805048704689,657.4663915648358,667.1710815429688,100592400,0.0,0.0,0.0
2025-11-10,673.4056154266486,678.3176487268574,671.2081667723378,677.5818481445312,75842900,0.0,0.0,0.0
2025-11-11,676.1002762110339,679.6997756663966,674.8871520395073,679.1329956054688,58953400,0.0,0.0,0.0
2025-11-12,680.9129156193362,681.0819968300743,677.0946904605516,679.5109252929688,62312500,0.0,0.0,0.0
2025-11-13,676.6472315164618,677.0051787486752,666.7237544337754,668.235107421875,103457800,0.0,0.0,0.0
2025-11-14,661.612768198211,671.8345335183507,659.5147291242073,668.1256713867188,96846700,0.0,0.0,0.0
2025-11-17,665.9083353081996,669.8956413839408,658.4209391867944,661.901123046875,90456100,0.0,0.0,0.0
2025-11-18,658.3512953245886,661.354216097308,652.146634691611,656.3427734375,114467500,0.0,0.0,0.0
2025-11-19,657.0388554539629,663.5617119214406,655.0203196831769,658.8783569335938,94703000,0.0,0.0,0.0
2025-11-20,669.1001291109939,671.7351497651099,648.1991802397498,648.8355712890625,165293500,0.0,0.0,0.0
2025-11-21,651.3412595795126,660.7874729698119,647.1650267848305,655.2987670898438,123956200,0.0,0.0,0.0
2025-11-24,658.9380055466532,666.2662734630499,657.8442577670318,664.9437866210938,80437900,0.0,0.0,0.0
2025-11-25,664.8444060411854,672.3815071629971,660.717877921785,671.1982421875,81077100,0.0,0.0,0.0
2025-11-26,673.7934667684052,677.8404309302599,672.8885849296569,675.8318481445312,71879600,0.0,0.0,0.0
2025-11-28,677.0051081523229,679.7991961322198,676.6471609574353,679.5208129882812,49212000,0.0,0.0,0.0
2025-12-01,674.9667014318244,679.1230277654502,674.8970904760725,676.41845703125,61201200,0.0,0.0,0.0
2025-12-02,678.0591325179204,679.9483994968172,675.4838303983408,677.67138671875,62953800,0.0,0.0,0.0
2025-12-03,676.7167950740063,681.0321891246488,675.8417725523884,680.0180053710938,57238500,0.0,0.0,0.0
2025-12-04,681.4199577792665,681.4895687361658,677.4824173401821,680.51513671875,61970300,0.0,0.0,0.0
2025-12-05,681.5890143183475,684.4925257185774,680.7040993957534,681.8078002929688,79241000,0.0,0.0,0.0
2025-12-08,682.7027235077143,682.7524282821314,677.7111260885928,679.7594604492188,55231500,0.0,0.0,0.0
2025-12-09,679.2822138612034,681.5095218770947,678.7253868572307,679.1727905273438,58310100,0.0,0.0,0.0
2025-12-10,678.6955405173951,685.0692222502689,677.4526176554032,683.6771850585938,85671300,0.0,0.0,0.0
2025-12-11,681.2609148661827,685.3476304583654,678.3076987410943,685.26806640625,86173700,0.0,0.0,0.0
2025-12-12,684.2737672143002,684.9797692517327,675.3247225627367,677.9000854492188,113160300,0.0,0.0,0.0
2025-12-15,681.8574988128718,681.8774049984522,675.4042533093998,676.8758544921875,90811000,0.0,0.0,0.0
2025-12-16,675.3843754405706,677.2239376857725,671.1584377196804,675.0264282226562,122030600,0.0,0.0,0.0
2025-12-17,676.0406154817738,676.5874893555698,667.3998140691156,667.5986938476562,110625200,0.0,0.0,0.0
2025-12-18,673.7635606688432,676.8857972779194,671.0788959983324,672.6399536132812,108650100,0.0,0.0,0.0
2025-12-19,674.747283458469,679.2350273728672,674.6275542880097,678.7363891601562,103599500,1.993,0.0,0.0
2025-12-22,682.0772531068674,683.4933686131409,678.7364013691785,682.96484375,69556700,0.0,0.0,0.0
2025-12-23,682.0572680421344,686.325640311278,682.0074163952171,686.0863037109375,64840000,0.0,0.0,0.0
2025-12-24,686.0763204450832,688.9484813838191,685.9267046355759,688.4996948242188,39445600,0.0,0.0,0.0
2025-12-26,688.758988861415,689.7761694005526,687.392725060237,688.4298706054688,41613300,0.0,0.0,0.0
2025-12-29,685.6674092439482,687.322922191004,684.2014421207446,685.9765625,62559500,0.0,0.0,0.0
2025-12-30,685.5777200962995,686.6846823672308,684.7100944386586,685.138916015625,47160700,0.0,0.0,0.0
2025-12-31,685.2685588951464,685.4879304984822,679.8533550408816,680.062744140625,74144800,0.0,0.0,0.0
2026-01-02,683.842447277036,684.999261161205,677.9684744567207,681.309326171875,89377200,0.0,0.0,0.0
2026-01-05,684.6701449336617,687.5522884526621,684.5106074856512,685.846923828125,71927200,0.0,0.0,0.0
2026-01-06,686.0563439630641,690.4344019511112,685.9067890249802,689.92578125,69273800,0.0,0.0,0.0
2026-01-07,690.3047811958188,692.0699799720542,687.4426026835383,687.701904296875,75588300,0.0,0.0,0.0
2026-01-08,686.9439569075789,688.7390423054183,685.6175622141362,687.632080078125,64019200,0.0,0.0,0.0
2026-01-09,688.7489932725086,693.4162394407576,687.3029303433501,692.1796264648438,80125500,0.0,0.0,0.0
2026-01-12,688.7988836287034,694.1941832506386,688.7490319805348,693.2666625976562,63976000,0.0,0.0,0.0
2026-01-13,693.595779418591,694.194181802135,689.467040360938,691.8804931640625,78309700,0.0,0.0,0.0
2026-01-14,689.1180078469732,689.8360176539858,684.1714948792828,688.479736328125,94676700,0.0,0.0,0.0
2026-01-15,692.678285342935,693.5558934557131,689.3673203481677,690.3546142578125,77862000,0.0,0.0,0.0
2026-01-16,691.7707369284135,692.359156800422,688.22043529661,689.7761840820312,79289200,0.0,0.0,0.0
2026-01-20,679.6338820353151,682.9049778344743,674.7272992054969,675.7345581054688,111623300,0.0,0.0,0.0
2026-01-21,677.7989248999835,686.8641332264262,676.2830453044572,683.5332641601562,127844500,0.0,0.0,0.0
2026-01-22,687.9711412752974,689.2476843606095,685.0491285530771,687.103515625,77112200,0.0,0.0,0.0
2026-01-23,686.2757685331861,689.0781127396581,685.2884137823622,687.352783203125,63059600,0.0,0.0,0.0
2026-01-26,688.609372319757,692.2394730275811,688.0409174669724,690.84326171875,60473800,0.0,0.0,0.0
2026-01-27,692.2893344912051,694.6329705879123,691.6810104865692,693.5957641601562,55506100,0.0,0.0,0.0
2026-01-28,695.1515053497095,695.9393926651097,692.0499903412962,693.5259399414062,61172200,0.0,0.0,0.0
2026-01-29,694.4933553961189,695.1615135683285,682.9648421722587,692.1497192382812,97486200,0.0,0.0,0.0
2026-01-30,689.9058246991844,692.3192774332931,685.2485609149509,690.0853271484375,101835100,0.0,0.0,0.0
2026-02-02,687.7019133171445,695.0318708971434,687.5423149981101,693.5159912109375,79286500,0.0,0.0,0.0
2026-02-03,694.3138377504575,695.0617950648859,682.1670182684101,687.6520385742188,107904600,0.0,0.0,0.0
2026-02-04,688.4697490630058,689.5667896413613,679.9031787408285,684.3211059570312,105204600,0.0,0.0,0.0
2026-02-05,679.0854402743204,681.8279505601881,673.9494421186707,675.7744750976562,113610800,0.0,0.0,0.0
2026-02-06,679.6039887472712,690.4244132010324,678.995603890688,688.739013671875,89127600,0.0,0.0,0.0
2026-02-09,687.5423060693106,693.9747512796714,686.4652913399738,692.0599975585938,73885200,0.0,0.0,0.0
2026-02-10,693.0572335194393,694.64286887948,689.7761552680904,690.2349243164062,65185700,0.0,0.0,0.0
2026-02-11,694.4933668556342,695.2413241987686,687.3029816841566,690.075439453125,76353900,0.0,0.0,0.0
2026-02-12,692.3491972008484,693.4561594586687,678.5169776231163,679.41455078125,118829000,0.0,0.0,0.0
2026-02-13,679.833354327075,684.410879804094,675.6747287653898,679.8931884765625,96267500,0.0,0.0,0.0
2026-02-17,678.287593220413,683.074507822494,673.9394826742099,680.9901733398438,81354700,0.0,0.0,0.0
2026-02-18,682.157061237011,687.2730943282486,680.9702998190471,684.4208374023438,73570300,0.0,0.0,0.0
2026-02-19,681.9775120282383,684.311104689823,679.6937101433548,682.61572265625,58649400,0.0,0.0,0.0
2026-02-20,680.4616860592505,688.1805961724377,679.8732661615737,687.5523071289062,100034000,0.0,0.0,0.0
2026-02-23,685.9566804858357,688.1207533479937,678.5169762252317,680.531494140625,90558100,0.0,0.0,0.0
2026-02-24,680.0427976196477,686.4751816677359,678.1479481229125,685.4779052734375,73798700,0.0,0.0,0.0
2026-02-25,688.3002642742074,691.7907319065998,688.2204651135966,691.26220703125,56369500,0.0,0.0,0.0
2026-02-26,691.391808867856,691.4117130049051,682.486077089091,687.422607421875,71671000,0.0,0.0,0.0
2026-02-27,681.2295779636313,684.9892686841309,679.7835149777827,684.1216430664062,83308900,0.0,0.0,0.0
2026-03-02,676.8515442239554,686.744509644098,676.1734035367807,684.5106201171875,87477200,0.0,0.0,0.0
2026-03-03,673.221445388408,680.7508704958498,667.8361281509542,678.4771118164062,105003100,0.0,0.0,0.0
2026-03-04,679.7735096903759,685.2186606854194,677.7689744100875,683.2639770507812,79182200,0.0,0.0,0.0
2026-03-05,680.2223290726917,683.6629449535216,673.7699188745959,679.4544067382812,106606500,0.0,0.0,0.0
2026-03-06,671.5758690877306,674.2685275228549,667.9358467743081,670.5487060546875,100687000,0.0,0.0,0.0
2026-03-09,664.5750801817165,678.0681991431876,660.5859743093405,676.4227294921875,102667700,0.0,0.0,0.0
2026-03-10,675.87413967305,681.4987932365287,672.9222404542279,675.3356323242188,81505300,0.0,0.0,0.0
2026-03-11,675.7345715953234,678.2277626375325,671.5061293267642,674.4879760742188,68441700,0.0,0.0,0.0
2026-03-12,669.3319958917509,669.8207124533001,664.0564256954588,664.2459106445312,108882200,0.0,0.0,0.0
2026-03-13,667.4472371497842,670.5088831921612,659.5587462493693,660.4862060546875,97200200,0.0,0.0,0.0
2026-03-16,666.5596317087426,670.239584206393,665.3030536555561,667.2078857421875,82023100,0.0,0.0,0.0
2026-03-17,670.5586914524959,672.60309589337,667.8760155087483,668.9630126953125,87128000,0.0,0.0,0.0
2026-03-18,666.5396583763402,667.8959397089973,659.3892034355257,659.6285400390625,82062600,0.0,0.0,0.0
2026-03-19,655.1806813207687,661.1743225351036,653.3855958813168,658.0029907226562,111272500,0.0,0.0,0.0
2026-03-20,656.510009765625,656.6900024414062,644.719970703125,648.5700073242188,163617500,1.797,0.0,0.0
2026-03-23,658.0700073242188,662.6199951171875,653.9400024414062,655.3800048828125,134802700,0.0,0.0,0.0
2026-03-24,651.3200073242188,657.030029296875,649.8800048828125,653.1799926757812,96457500,0.0,0.0,0.0
2026-03-25,658.6699829101562,660.8900146484375,654.239990234375,656.8200073242188,90653800,0.0,0.0,0.0
2026-03-26,652.0599975585938,654.8499755859375,644.8200073242188,645.0900268554688,96494400,0.0,0.0,0.0
2026-03-27,642.5,642.6599731445312,633.1099853515625,634.0900268554688,103649400,0.0,0.0,0.0
2026-03-30,640.1099853515625,640.3699951171875,629.280029296875,631.969970703125,99275900,0.0,0.0,0.0
2026-03-31,638.9400024414062,651.5399780273438,637.97998046875,650.3400268554688,152534100,0.0,0.0,0.0
2026-04-01,653.9000244140625,658.52001953125,653.0,655.239990234375,97841500,0.0,0.0,0.0
2026-04-02,646.4199829101562,658.2000122070312,645.1099853515625,655.8300170898438,68358700,0.0,0.0,0.0
2026-04-06,655.8599853515625,659.719970703125,655.52001953125,658.9299926757812,39105800,0.0,0.0,0.0
2026-04-07,656.6500244140625,659.6099853515625,651.0599975585938,659.219970703125,69980400,0.0,0.0,0.0
2026-04-08,676.3900146484375,677.0800170898438,671.4600219726562,676.010009765625,93606100,0.0,0.0,0.0
2026-04-09,674.8400268554688,681.1599731445312,673.77001953125,679.9099731445312,57134400,0.0,0.0,0.0
2026-04-10,681.3200073242188,682.030029296875,678.4500122070312,679.4600219726562,42253500,0.0,0.0,0.0
2026-04-13,677.4099731445312,686.2999877929688,676.5800170898438,686.0999755859375,54185800,0.0,0.0,0.0
2026-04-14,687.6900024414062,694.5800170898438,687.6599731445312,694.4600219726562,63480500,0.0,0.0,0.0
2026-04-15,695.260009765625,700.280029296875,694.2000122070312,699.9400024414062,58240400,0.0,0.0,0.0
2026-04-16,701.0599975585938,702.780029296875,698.530029296875,701.6599731445312,49972400,0.0,0.0,0.0
2026-04-17,706.1400146484375,712.3900146484375,705.760009765625,710.1400146484375,70661900,0.0,0.0,0.0
2026-04-20,708.780029296875,709.9099731445312,706.1400146484375,708.719970703125,43546800,0.0,0.0,0.0
2026-04-21,710.280029296875,711.280029296875,702.6400146484375,704.0800170898438,58941400,0.0,0.0,0.0
2026-04-22,709.1500244140625,711.4500122070312,708.219970703125,711.2100219726562,42518500,0.0,0.0,0.0
2026-04-23,709.5,712.3599853515625,702.280029296875,708.4500122070312,56174000,0.0,0.0,0.0
2026-04-24,710.75,714.469970703125,709.010009765625,713.9400024414062,45182000,0.0,0.0,0.0
2026-04-27,713.1699829101562,715.6300048828125,712.2999877929688,715.1699829101562,33135900,0.0,0.0,0.0
2026-04-28,711.8200073242188,712.8800048828125,709.25,711.6900024414062,43117400,0.0,0.0,0.0
2026-04-29,711.0,712.2000122070312,708.3699951171875,711.5800170898438,41859200,0.0,0.0,0.0
2026-04-30,714.6300048828125,719.7899780273438,710.4500122070312,718.6599731445312,67240900,0.0,0.0,0.0
2026-05-01,721.25,724.8699951171875,720.469970703125,720.6500244140625,43049800,0.0,0.0,0.0
2026-05-04,720.0700073242188,722.1199951171875,714.989990234375,718.010009765625,51950600,0.0,0.0,0.0
2026-05-05,721.77001953125,725.0399780273438,721.489990234375,723.77001953125,36933200,0.0,0.0,0.0
2026-05-06,728.1599731445312,734.5900268554688,727.8200073242188,733.8300170898438,53288900,0.0,0.0,0.0
2026-05-07,735.0499877929688,736.1300048828125,729.75,731.5800170898438,51724600,0.0,0.0,0.0
2026-05-08,734.9299926757812,738.0800170898438,734.5700073242188,737.6199951171875,47172700,0.0,0.0,0.0
